Year,Vessel,stlkey,Station,Set No.,IPHC Species #,Length,Sex,Sample Method,IPHC Regulatory Area
2021,PSV,20210151,1019,7,54,85,F,Whole Haul,2A
2021,PSV,20210151,1019,7,54,84,F,Whole Haul,2A
2021,PSV,20210151,1019,7,54,80,F,Whole Haul,2A
2021,PSV,20210168,1003,24,54,91,F,Whole Haul,2A
2021,PSV,20210545,1031,31,54,83,F,Whole Haul,2A
2021,PSV,20210545,1031,31,54,83,F,Whole Haul,2A
2021,PSV,20210546,1035,32,54,87,F,Whole Haul,2A
2021,PSV,20210546,1035,32,54,77,F,Whole Haul,2A
2021,PSV,20210546,1035,32,54,81,F,Whole Haul,2A
2021,PSV,20210546,1035,32,54,80,F,Whole Haul,2A
2021,PSV,20210546,1035,32,54,77,F,Whole Haul,2A
2021,PSV,20210547,1036,33,54,88,F,Whole Haul,2A
2021,PSV,20210548,1032,34,54,84,F,Whole Haul,2A
2021,PSV,20210548,1032,34,54,86,F,Whole Haul,2A
2021,PSV,20210548,1032,34,54,83,F,Whole Haul,2A
2021,PSV,20210548,1032,34,54,83,F,Whole Haul,2A
2021,PSV,20210548,1032,34,54,79,F,Whole Haul,2A
2021,PSV,20210549,1028,35,54,71,F,Whole Haul,2A
2021,PSV,20210550,1104,36,54,81,F,Whole Haul,2A
2021,PSV,20210550,1104,36,54,85,F,Whole Haul,2A
2021,PSV,20210552,1020,38,54,84,F,Whole Haul,2A
2021,PSV,20210552,1020,38,54,82,F,Whole Haul,2A
2021,PSV,20210553,1024,39,54,76,M,Whole Haul,2A
2021,PSV,20210553,1024,39,54,81,F,Whole Haul,2A
2021,PSV,20210553,1024,39,54,85,F,Whole Haul,2A
2021,PSV,20210553,1024,39,54,74,F,Whole Haul,2A
2021,PSV,20210553,1024,39,54,82,F,Whole Haul,2A
2021,PSV,20210554,1023,40,54,79,F,Whole Haul,2A
2021,PSV,20210554,1023,40,54,94,F,Whole Haul,2A
2021,PSV,20210556,1029,42,54,72,F,Whole Haul,2A
2021,PSV,20210557,1027,43,54,91,F,Whole Haul,2A
2021,PSV,20210557,1027,43,54,74,F,Whole Haul,2A
2021,PSV,20210558,1061,44,54,98,F,Whole Haul,2A
2021,PSV,20210559,1060,45,54,88,F,Whole Haul,2A
2021,PSV,20210561,1063,47,54,66,M,Whole Haul,2A
2021,PSV,20210561,1063,47,54,80,F,Whole Haul,2A
2021,PSV,20210561,1063,47,54,86,F,Whole Haul,2A
2021,PSV,20210561,1063,47,54,89,F,Whole Haul,2A
2021,PSV,20210561,1063,47,54,75,F,Whole Haul,2A
2021,PSV,20210562,1064,48,54,69,M,Whole Haul,2A
2021,PSV,20210562,1064,48,54,83,F,Whole Haul,2A
2021,PSV,20210562,1064,48,54,85,F,Whole Haul,2A
2021,PSV,20210562,1064,48,54,81,F,Whole Haul,2A
2021,PSV,20210562,1064,48,54,81,F,Whole Haul,2A
2021,PSV,20210563,1067,49,54,65,M,Whole Haul,2A
2021,PSV,20210563,1067,49,54,83,F,Whole Haul,2A
2021,PSV,20210564,1066,50,54,82,F,Whole Haul,2A
2021,PSV,20210564,1066,50,54,83,F,Whole Haul,2A
2021,PSV,20210564,1066,50,54,92,F,Whole Haul,2A
2021,PSV,20210569,1070,55,54,65,M,Whole Haul,2A
2021,PSV,20210569,1070,55,54,75,F,Whole Haul,2A
2021,PSV,20210573,1073,59,54,84,F,Whole Haul,2A
2021,PSV,20210573,1073,59,54,89,F,Whole Haul,2A
2021,PSV,20210574,1115,60,54,86,F,Whole Haul,2A
2021,PSV,20210575,1072,61,54,66,M,Whole Haul,2A
2021,PSV,20210575,1072,61,54,69,M,Whole Haul,2A
2021,PSV,20210575,1072,61,54,72,M,Whole Haul,2A
2021,PSV,20210575,1072,61,54,79,F,Whole Haul,2A
2021,PSV,20210615,1077,63,54,86,F,Whole Haul,2A
2021,PSV,20210615,1077,63,54,76,F,Whole Haul,2A
2021,PSV,20210615,1077,63,54,84,F,Whole Haul,2A
2021,PSV,20210615,1077,63,54,97,F,Whole Haul,2A
2021,PSV,20210615,1077,63,54,89,F,Whole Haul,2A
2021,PSV,20210616,1080,64,54,80,F,Whole Haul,2A
2021,PSV,20210616,1080,64,54,91,F,Whole Haul,2A
2021,PSV,20210616,1080,64,54,88,F,Whole Haul,2A
2021,PSV,20210616,1080,64,54,77,F,Whole Haul,2A
2021,PSV,20210616,1080,64,54,86,F,Whole Haul,2A
2021,PSV,20210617,1517,65,54,71,M,Whole Haul,2A
2021,PSV,20210617,1517,65,54,62,M,Whole Haul,2A
2021,PSV,20210617,1517,65,54,57,M,Whole Haul,2A
2021,PSV,20210617,1517,65,54,68,M,Whole Haul,2A
2021,PSV,20210617,1517,65,54,69,F,Whole Haul,2A
2021,PSV,20210618,1525,66,54,67,M,Whole Haul,2A
2021,PSV,20210618,1525,66,54,67,M,Whole Haul,2A
2021,PSV,20210618,1525,66,54,82,F,Whole Haul,2A
2021,PSV,20210618,1525,66,54,63,M,Whole Haul,2A
2021,PSV,20210618,1525,66,54,83,F,Whole Haul,2A
2021,PSV,20210619,1081,67,54,70,M,Whole Haul,2A
2021,PSV,20210619,1081,67,54,69,M,Whole Haul,2A
2021,PSV,20210619,1081,67,54,69,M,Whole Haul,2A
2021,PSV,20210619,1081,67,54,57,M,Whole Haul,2A
2021,PSV,20210619,1081,67,54,63,M,Whole Haul,2A
2021,PSV,20210620,1519,68,54,68,M,Whole Haul,2A
2021,PSV,20210620,1519,68,54,67,M,Whole Haul,2A
2021,PSV,20210620,1519,68,54,64,M,Whole Haul,2A
2021,PSV,20210620,1519,68,54,57,M,Whole Haul,2A
2021,PSV,20210620,1519,68,54,59,M,Whole Haul,2A
2021,PSV,20210621,1084,69,54,60,F,Whole Haul,2A
2021,PSV,20210621,1084,69,54,59,M,Whole Haul,2A
2021,PSV,20210621,1084,69,54,63,M,Whole Haul,2A
2021,PSV,20210621,1084,69,54,55,M,Whole Haul,2A
2021,PSV,20210621,1084,69,54,63,M,Whole Haul,2A
2021,PSV,20210623,1083,71,54,72,M,Whole Haul,2A
2021,PSV,20210623,1083,71,54,66,M,Whole Haul,2A
2021,PSV,20210623,1083,71,54,66,M,Whole Haul,2A
2021,PSV,20210623,1083,71,54,62,M,Whole Haul,2A
2021,PSV,20210623,1083,71,54,62,M,Whole Haul,2A
2021,PSV,20210624,1082,72,54,65,M,Whole Haul,2A
2021,PSV,20210624,1082,72,54,71,M,Whole Haul,2A
2021,PSV,20210624,1082,72,54,67,F,Whole Haul,2A
2021,PSV,20210624,1082,72,54,72,M,Whole Haul,2A
2021,PSV,20210624,1082,72,54,62,F,Whole Haul,2A
2021,PSV,20210625,1531,73,54,64,F,Whole Haul,2A
2021,PSV,20210625,1531,73,54,56,F,Whole Haul,2A
2021,PSV,20210625,1531,73,54,56,F,Whole Haul,2A
2021,PSV,20210625,1531,73,54,65,F,Whole Haul,2A
2021,PSV,20210625,1531,73,54,61,M,Whole Haul,2A
2021,PSV,20210626,1534,74,54,58,M,Whole Haul,2A
2021,PSV,20210626,1534,74,54,61,F,Whole Haul,2A
2021,PSV,20210626,1534,74,54,52,NULL,Whole Haul,2A
2021,PSV,20210626,1534,74,54,51,F,Whole Haul,2A
2021,PSV,20210626,1534,74,54,64,M,Whole Haul,2A
2021,PSV,20210627,1533,75,54,54,M,Whole Haul,2A
2021,PSV,20210627,1533,75,54,61,F,Whole Haul,2A
2021,PSV,20210627,1533,75,54,69,M,Whole Haul,2A
2021,PSV,20210627,1533,75,54,57,F,Whole Haul,2A
2021,PSV,20210627,1533,75,54,60,M,Whole Haul,2A
2021,PSV,20210628,1532,76,54,62,F,Whole Haul,2A
2021,PSV,20210628,1532,76,54,71,M,Whole Haul,2A
2021,PSV,20210628,1532,76,54,65,M,Whole Haul,2A
2021,PSV,20210628,1532,76,54,67,F,Whole Haul,2A
2021,PSV,20210628,1532,76,54,69,M,Whole Haul,2A
2021,PSV,20210629,1530,77,54,58,F,Whole Haul,2A
2021,PSV,20210629,1530,77,54,69,M,Whole Haul,2A
2021,PSV,20210629,1530,77,54,64,M,Whole Haul,2A
2021,PSV,20210629,1530,77,54,67,F,Whole Haul,2A
2021,PSV,20210629,1530,77,54,65,M,Whole Haul,2A
2021,PSV,20210630,1527,78,54,70,M,Whole Haul,2A
2021,PSV,20210630,1527,78,54,63,M,Whole Haul,2A
2021,PSV,20210630,1527,78,54,70,M,Whole Haul,2A
2021,PSV,20210630,1527,78,54,60,M,Whole Haul,2A
2021,PSV,20210630,1527,78,54,61,M,Whole Haul,2A
2021,PSV,20210631,1528,79,54,71,F,Whole Haul,2A
2021,PSV,20210631,1528,79,54,74,M,Whole Haul,2A
2021,PSV,20210631,1528,79,54,68,M,Whole Haul,2A
2021,PSV,20210631,1528,79,54,64,F,Whole Haul,2A
2021,PSV,20210631,1528,79,54,68,M,Whole Haul,2A
2021,PSV,20210632,1529,80,54,65,M,Whole Haul,2A
2021,PSV,20210632,1529,80,54,83,F,Whole Haul,2A
2021,PSV,20210632,1529,80,54,76,F,Whole Haul,2A
2021,PSV,20210632,1529,80,54,90,F,Whole Haul,2A
2021,PSV,20210632,1529,80,54,87,F,Whole Haul,2A
2021,PEN,20210173,2040,27,54,81,F,Whole Haul,2B
2021,PEN,20210173,2040,27,54,88,F,Whole Haul,2B
2021,PEN,20210175,2041,29,54,81,F,Whole Haul,2B
2021,PEN,20210176,2100,30,54,85,F,Whole Haul,2B
2021,PEN,20210176,2100,30,54,68,M,Whole Haul,2B
2021,PEN,20210176,2100,30,54,83,F,Whole Haul,2B
2021,PEN,20210177,2101,31,54,68,F,Whole Haul,2B
2021,PEN,20210177,2101,31,54,67,M,Whole Haul,2B
2021,PEN,20210177,2101,31,54,73,F,Whole Haul,2B
2021,PEN,20210178,2276,32,54,80,F,Whole Haul,2B
2021,PEN,20210178,2276,32,54,70,M,Whole Haul,2B
2021,PEN,20210178,2276,32,54,63,M,Whole Haul,2B
2021,PEN,20210179,2278,33,54,82,F,Whole Haul,2B
2021,PEN,20210179,2278,33,54,64,M,Whole Haul,2B
2021,PEN,20210179,2278,33,54,67,F,Whole Haul,2B
2021,PEN,20210180,2280,34,54,59,F,Whole Haul,2B
2021,PEN,20210180,2280,34,54,67,M,Whole Haul,2B
2021,PEN,20210180,2280,34,54,54,F,Whole Haul,2B
2021,PEN,20210181,2115,35,54,82,F,Whole Haul,2B
2021,PEN,20210181,2115,35,54,87,F,Whole Haul,2B
2021,PEN,20210181,2115,35,54,91,F,Whole Haul,2B
2021,PEN,20210182,2116,36,54,58,F,Whole Haul,2B
2021,PEN,20210182,2116,36,54,58,M,Whole Haul,2B
2021,PEN,20210182,2116,36,54,58,F,Whole Haul,2B
2021,PEN,20210183,2111,37,54,60,M,Whole Haul,2B
2021,PEN,20210183,2111,37,54,80,F,Whole Haul,2B
2021,PEN,20210183,2111,37,54,58,M,Whole Haul,2B
2021,PEN,20210184,2110,38,54,81,F,Whole Haul,2B
2021,PEN,20210184,2110,38,54,66,F,Whole Haul,2B
2021,PEN,20210184,2110,38,54,66,M,Whole Haul,2B
2021,PEN,20210185,2108,39,54,62,F,Whole Haul,2B
2021,PEN,20210185,2108,39,54,65,M,Whole Haul,2B
2021,PEN,20210185,2108,39,54,69,M,Whole Haul,2B
2021,PEN,20210186,2102,40,54,79,F,Whole Haul,2B
2021,PEN,20210186,2102,40,54,62,M,Whole Haul,2B
2021,PEN,20210186,2102,40,54,82,F,Whole Haul,2B
2021,PEN,20210187,2109,41,54,80,F,Whole Haul,2B
2021,PEN,20210187,2109,41,54,62,M,Whole Haul,2B
2021,PEN,20210187,2109,41,54,84,F,Whole Haul,2B
2021,PEN,20210188,2095,42,54,54,F,Whole Haul,2B
2021,PEN,20210188,2095,42,54,76,F,Whole Haul,2B
2021,PEN,20210188,2095,42,54,57,M,Whole Haul,2B
2021,PEN,20210189,2089,43,54,59,M,Whole Haul,2B
2021,PEN,20210189,2089,43,54,64,M,Whole Haul,2B
2021,PEN,20210189,2089,43,54,60,F,Whole Haul,2B
2021,PEN,20210107,2209,1,54,88,F,Whole Haul,2B
2021,PEN,20210107,2209,1,54,84,F,Whole Haul,2B
2021,PEN,20210107,2209,1,54,80,F,Whole Haul,2B
2021,PEN,20210108,2208,2,54,66,M,Whole Haul,2B
2021,PEN,20210108,2208,2,54,71,M,Whole Haul,2B
2021,PEN,20210108,2208,2,54,88,M,Whole Haul,2B
2021,PEN,20210109,2213,3,54,82,F,Whole Haul,2B
2021,PEN,20210109,2213,3,54,80,F,Whole Haul,2B
2021,PEN,20210109,2213,3,54,84,F,Whole Haul,2B
2021,PEN,20210110,2012,4,54,81,F,Whole Haul,2B
2021,PEN,20210110,2012,4,54,79,F,Whole Haul,2B
2021,PEN,20210110,2012,4,54,80,F,Whole Haul,2B
2021,PEN,20210111,2016,5,54,83,F,Whole Haul,2B
2021,PEN,20210111,2016,5,54,79,F,Whole Haul,2B
2021,PEN,20210111,2016,5,54,87,F,Whole Haul,2B
2021,PEN,20210112,2014,6,54,76,F,Whole Haul,2B
2021,PEN,20210112,2014,6,54,81,F,Whole Haul,2B
2021,PEN,20210112,2014,6,54,82,F,Whole Haul,2B
2021,PEN,20210113,2010,7,54,87,F,Whole Haul,2B
2021,PEN,20210113,2010,7,54,75,F,Whole Haul,2B
2021,PEN,20210113,2010,7,54,81,F,Whole Haul,2B
2021,PEN,20210114,2002,8,54,68,F,Whole Haul,2B
2021,PEN,20210114,2002,8,54,56,F,Whole Haul,2B
2021,PEN,20210114,2002,8,54,65,M,Whole Haul,2B
2021,PEN,20210115,2205,9,54,68,M,Whole Haul,2B
2021,PEN,20210115,2205,9,54,67,M,Whole Haul,2B
2021,PEN,20210115,2205,9,54,60,M,Whole Haul,2B
2021,PEN,20210116,2011,10,54,64,M,Whole Haul,2B
2021,PEN,20210116,2011,10,54,74,F,Whole Haul,2B
2021,PEN,20210116,2011,10,54,73,M,Whole Haul,2B
2021,PEN,20210117,2017,11,54,84,F,Whole Haul,2B
2021,PEN,20210117,2017,11,54,89,F,Whole Haul,2B
2021,PEN,20210117,2017,11,54,78,F,Whole Haul,2B
2021,PEN,20210118,2019,12,54,78,F,Whole Haul,2B
2021,PEN,20210118,2019,12,54,77,F,Whole Haul,2B
2021,PEN,20210118,2019,12,54,78,F,Whole Haul,2B
2021,PEN,20210119,2221,13,54,82,F,Whole Haul,2B
2021,PEN,20210119,2221,13,54,73,F,Whole Haul,2B
2021,PEN,20210119,2221,13,54,82,F,Whole Haul,2B
2021,PEN,20210120,2023,14,54,86,F,Whole Haul,2B
2021,PEN,20210120,2023,14,54,89,F,Whole Haul,2B
2021,PEN,20210120,2023,14,54,83,F,Whole Haul,2B
2021,PEN,20210121,2027,15,54,67,F,Whole Haul,2B
2021,PEN,20210121,2027,15,54,86,F,Whole Haul,2B
2021,PEN,20210121,2027,15,54,85,F,Whole Haul,2B
2021,PEN,20210123,2020,17,54,76,F,Whole Haul,2B
2021,PEN,20210123,2020,17,54,75,F,Whole Haul,2B
2021,PEN,20210123,2020,17,54,86,F,Whole Haul,2B
2021,PEN,20210124,2018,18,54,55,M,Whole Haul,2B
2021,PEN,20210124,2018,18,54,57,F,Whole Haul,2B
2021,PEN,20210124,2018,18,54,75,F,Whole Haul,2B
2021,PEN,20210126,2218,20,54,81,F,Whole Haul,2B
2021,PEN,20210127,2026,21,54,88,F,Whole Haul,2B
2021,PEN,20210127,2026,21,54,72,F,Whole Haul,2B
2021,PEN,20210127,2026,21,54,92,F,Whole Haul,2B
2021,PEN,20210128,2029,22,54,90,F,Whole Haul,2B
2021,PEN,20210128,2029,22,54,70,F,Whole Haul,2B
2021,PEN,20210128,2029,22,54,67,F,Whole Haul,2B
2021,PEN,20210130,2033,24,54,61,M,Whole Haul,2B
2021,PEN,20210130,2033,24,54,61,F,Whole Haul,2B
2021,PEN,20210130,2033,24,54,82,F,Whole Haul,2B
2021,PEN,20210131,2037,25,54,87,F,Whole Haul,2B
2021,PEN,20210131,2037,25,54,91,F,Whole Haul,2B
2021,PEN,20210131,2037,25,54,80,F,Whole Haul,2B
2021,PEN,20210132,2247,26,54,70,F,Whole Haul,2B
2021,PEN,20210132,2247,26,54,69,F,Whole Haul,2B
2021,PEN,20210132,2247,26,54,87,F,Whole Haul,2B
2021,VNI,20210014,2266,1,54,76,M,Whole Haul,2B
2021,VNI,20210014,2266,1,54,70,M,Whole Haul,2B
2021,VNI,20210014,2266,1,54,74,M,Whole Haul,2B
2021,VNI,20210015,2267,2,54,67,M,Whole Haul,2B
2021,VNI,20210015,2267,2,54,74,M,Whole Haul,2B
2021,VNI,20210015,2267,2,54,75,M,Whole Haul,2B
2021,VNI,20210016,2270,3,54,74,M,Whole Haul,2B
2021,VNI,20210016,2270,3,54,70,M,Whole Haul,2B
2021,VNI,20210016,2270,3,54,73,M,Whole Haul,2B
2021,VNI,20210017,2272,4,54,67,M,Whole Haul,2B
2021,VNI,20210017,2272,4,54,75,M,Whole Haul,2B
2021,VNI,20210017,2272,4,54,77,M,Whole Haul,2B
2021,VNI,20210018,2275,5,54,83,M,Whole Haul,2B
2021,VNI,20210018,2275,5,54,65,M,Whole Haul,2B
2021,VNI,20210018,2275,5,54,71,M,Whole Haul,2B
2021,VNI,20210019,2268,6,54,88,F,Whole Haul,2B
2021,VNI,20210019,2268,6,54,80,M,Whole Haul,2B
2021,VNI,20210019,2268,6,54,96,F,Whole Haul,2B
2021,VNI,20210020,2073,7,54,92,F,Whole Haul,2B
2021,VNI,20210020,2073,7,54,83,F,Whole Haul,2B
2021,VNI,20210020,2073,7,54,77,M,Whole Haul,2B
2021,VNI,20210021,2078,8,54,84,F,Whole Haul,2B
2021,VNI,20210021,2078,8,54,75,M,Whole Haul,2B
2021,VNI,20210021,2078,8,54,70,M,Whole Haul,2B
2021,VNI,20210022,2066,9,54,76,M,Whole Haul,2B
2021,VNI,20210022,2066,9,54,74,M,Whole Haul,2B
2021,VNI,20210022,2066,9,54,86,F,Whole Haul,2B
2021,VNI,20210023,2065,10,54,82,F,Whole Haul,2B
2021,VNI,20210024,2058,11,54,71,M,Whole Haul,2B
2021,VNI,20210024,2058,11,54,61,M,Whole Haul,2B
2021,VNI,20210025,2057,12,54,70,M,Whole Haul,2B
2021,VNI,20210025,2057,12,54,82,M,Whole Haul,2B
2021,VNI,20210025,2057,12,54,70,M,Whole Haul,2B
2021,VNI,20210026,2264,13,54,74,M,Whole Haul,2B
2021,VNI,20210026,2264,13,54,71,M,Whole Haul,2B
2021,VNI,20210026,2264,13,54,75,F,Whole Haul,2B
2021,VNI,20210027,2072,14,54,71,M,Whole Haul,2B
2021,VNI,20210027,2072,14,54,77,M,Whole Haul,2B
2021,VNI,20210027,2072,14,54,81,F,Whole Haul,2B
2021,VNI,20210028,2071,15,54,77,M,Whole Haul,2B
2021,VNI,20210028,2071,15,54,69,F,Whole Haul,2B
2021,VNI,20210028,2071,15,54,68,M,Whole Haul,2B
2021,VNI,20210029,2077,16,54,67,M,Whole Haul,2B
2021,VNI,20210029,2077,16,54,71,M,Whole Haul,2B
2021,VNI,20210029,2077,16,54,66,M,Whole Haul,2B
2021,VNI,20210030,2130,17,54,79,M,Whole Haul,2B
2021,VNI,20210030,2130,17,54,75,M,Whole Haul,2B
2021,VNI,20210030,2130,17,54,97,F,Whole Haul,2B
2021,VNI,20210031,2129,18,54,68,M,Whole Haul,2B
2021,VNI,20210031,2129,18,54,73,M,Whole Haul,2B
2021,VNI,20210031,2129,18,54,78,M,Whole Haul,2B
2021,VNI,20210032,2132,19,54,75,M,Whole Haul,2B
2021,VNI,20210032,2132,19,54,55,F,Whole Haul,2B
2021,VNI,20210032,2132,19,54,66,M,Whole Haul,2B
2021,VNI,20210033,2287,20,54,78,M,Whole Haul,2B
2021,VNI,20210033,2287,20,54,96,F,Whole Haul,2B
2021,VNI,20210033,2287,20,54,93,F,Whole Haul,2B
2021,VNI,20210034,2285,21,54,102,F,Whole Haul,2B
2021,VNI,20210034,2285,21,54,71,F,Whole Haul,2B
2021,VNI,20210034,2285,21,54,77,M,Whole Haul,2B
2021,VNI,20210035,2288,22,54,77,F,Whole Haul,2B
2021,VNI,20210035,2288,22,54,77,F,Whole Haul,2B
2021,VNI,20210035,2288,22,54,85,F,Whole Haul,2B
2021,VNI,20210036,2296,23,54,88,F,Whole Haul,2B
2021,VNI,20210036,2296,23,54,77,F,Whole Haul,2B
2021,VNI,20210036,2296,23,54,83,F,Whole Haul,2B
2021,VNI,20210037,2295,24,54,89,F,Whole Haul,2B
2021,VNI,20210037,2295,24,54,99,F,Whole Haul,2B
2021,VNI,20210037,2295,24,54,80,F,Whole Haul,2B
2021,VNI,20210038,2304,25,54,81,F,Whole Haul,2B
2021,VNI,20210038,2304,25,54,79,F,Whole Haul,2B
2021,VNI,20210038,2304,25,54,61,F,Whole Haul,2B
2021,VNI,20210039,2302,26,54,80,F,Whole Haul,2B
2021,VNI,20210039,2302,26,54,64,M,Whole Haul,2B
2021,VNI,20210039,2302,26,54,87,F,Whole Haul,2B
2021,VNI,20210040,2308,27,54,67,F,Whole Haul,2B
2021,VNI,20210040,2308,27,54,66,F,Whole Haul,2B
2021,VNI,20210040,2308,27,54,85,F,Whole Haul,2B
2021,VNI,20210041,2147,28,54,71,M,Whole Haul,2B
2021,VNI,20210041,2147,28,54,64,F,Whole Haul,2B
2021,VNI,20210041,2147,28,54,63,F,Whole Haul,2B
2021,VNI,20210042,2148,29,54,71,M,Whole Haul,2B
2021,VNI,20210042,2148,29,54,73,F,Whole Haul,2B
2021,VNI,20210042,2148,29,54,62,F,Whole Haul,2B
2021,VNI,20210290,2315,31,54,70,M,Whole Haul,2B
2021,VNI,20210290,2315,31,54,65,M,Whole Haul,2B
2021,VNI,20210290,2315,31,54,68,F,Whole Haul,2B
2021,VNI,20210291,2317,32,54,71,M,Whole Haul,2B
2021,VNI,20210291,2317,32,54,72,M,Whole Haul,2B
2021,VNI,20210291,2317,32,54,70,M,Whole Haul,2B
2021,VNI,20210292,2141,33,54,97,F,Whole Haul,2B
2021,VNI,20210293,2142,34,54,62,F,Whole Haul,2B
2021,VNI,20210293,2142,34,54,99,F,Whole Haul,2B
2021,VNI,20210293,2142,34,54,94,F,Whole Haul,2B
2021,VNI,20210294,2309,35,54,66,M,Whole Haul,2B
2021,VNI,20210294,2309,35,54,74,M,Whole Haul,2B
2021,VNI,20210294,2309,35,54,71,F,Whole Haul,2B
2021,VNI,20210295,2312,36,54,78,F,Whole Haul,2B
2021,VNI,20210295,2312,36,54,74,F,Whole Haul,2B
2021,VNI,20210295,2312,36,54,60,F,Whole Haul,2B
2021,VNI,20210296,2314,37,54,72,F,Whole Haul,2B
2021,VNI,20210296,2314,37,54,71,M,Whole Haul,2B
2021,VNI,20210296,2314,37,54,59,M,Whole Haul,2B
2021,VNI,20210297,2153,38,54,67,M,Whole Haul,2B
2021,VNI,20210297,2153,38,54,59,M,Whole Haul,2B
2021,VNI,20210297,2153,38,54,75,M,Whole Haul,2B
2021,VNI,20210298,2162,39,54,50,F,Whole Haul,2B
2021,VNI,20210298,2162,39,54,62,M,Whole Haul,2B
2021,VNI,20210298,2162,39,54,70,F,Whole Haul,2B
2021,VNI,20210299,2161,40,54,66,F,Whole Haul,2B
2021,VNI,20210299,2161,40,54,55,F,Whole Haul,2B
2021,VNI,20210299,2161,40,54,65,M,Whole Haul,2B
2021,VNI,20210300,2343,41,54,69,M,Whole Haul,2B
2021,VNI,20210300,2343,41,54,78,F,Whole Haul,2B
2021,VNI,20210300,2343,41,54,75,M,Whole Haul,2B
2021,VNI,20210301,2316,42,54,73,M,Whole Haul,2B
2021,VNI,20210301,2316,42,54,82,F,Whole Haul,2B
2021,VNI,20210301,2316,42,54,66,NULL,Whole Haul,2B
2021,VNI,20210302,2320,43,54,67,M,Whole Haul,2B
2021,VNI,20210302,2320,43,54,76,M,Whole Haul,2B
2021,VNI,20210302,2320,43,54,63,M,Whole Haul,2B
2021,PEN,20210373,2087,44,54,63,M,Whole Haul,2B
2021,PEN,20210373,2087,44,54,60,M,Whole Haul,2B
2021,PEN,20210373,2087,44,54,56,F,Whole Haul,2B
2021,PEN,20210374,2090,45,54,76,F,Whole Haul,2B
2021,PEN,20210374,2090,45,54,59,F,Whole Haul,2B
2021,PEN,20210374,2090,45,54,71,F,Whole Haul,2B
2021,PEN,20210375,2088,46,54,74,F,Whole Haul,2B
2021,PEN,20210375,2088,46,54,86,F,Whole Haul,2B
2021,PEN,20210375,2088,46,54,67,F,Whole Haul,2B
2021,PEN,20210376,2091,47,54,62,M,Whole Haul,2B
2021,PEN,20210376,2091,47,54,65,M,Whole Haul,2B
2021,PEN,20210376,2091,47,54,87,F,Whole Haul,2B
2021,PEN,20210377,2092,48,54,64,M,Whole Haul,2B
2021,PEN,20210377,2092,48,54,73,F,Whole Haul,2B
2021,PEN,20210377,2092,48,54,72,F,Whole Haul,2B
2021,PEN,20210378,2093,49,54,66,M,Whole Haul,2B
2021,PEN,20210378,2093,49,54,69,F,Whole Haul,2B
2021,PEN,20210378,2093,49,54,65,M,Whole Haul,2B
2021,PEN,20210379,2271,50,54,80,F,Whole Haul,2B
2021,PEN,20210379,2271,50,54,85,F,Whole Haul,2B
2021,PEN,20210380,2274,51,54,77,F,Whole Haul,2B
2021,PEN,20210380,2274,51,54,86,F,Whole Haul,2B
2021,PEN,20210380,2274,51,54,70,F,Whole Haul,2B
2021,PEN,20210381,2273,52,54,76,F,Whole Haul,2B
2021,PEN,20210381,2273,52,54,85,F,Whole Haul,2B
2021,PEN,20210381,2273,52,54,82,F,Whole Haul,2B
2021,PEN,20210382,2107,53,54,86,F,Whole Haul,2B
2021,PEN,20210382,2107,53,54,72,F,Whole Haul,2B
2021,PEN,20210382,2107,53,54,69,M,Whole Haul,2B
2021,PEN,20210383,2099,54,54,87,F,Whole Haul,2B
2021,PEN,20210383,2099,54,54,78,F,Whole Haul,2B
2021,PEN,20210383,2099,54,54,66,M,Whole Haul,2B
2021,PEN,20210384,2098,55,54,85,F,Whole Haul,2B
2021,PEN,20210384,2098,55,54,69,M,Whole Haul,2B
2021,PEN,20210384,2098,55,54,64,M,Whole Haul,2B
2021,PEN,20210387,2104,58,54,83,F,Whole Haul,2B
2021,PEN,20210387,2104,58,54,64,M,Whole Haul,2B
2021,PEN,20210387,2104,58,54,64,M,Whole Haul,2B
2021,PEN,20210388,2096,59,54,64,F,Whole Haul,2B
2021,PEN,20210388,2096,59,54,86,F,Whole Haul,2B
2021,PEN,20210388,2096,59,54,65,M,Whole Haul,2B
2021,PEN,20210389,2103,60,54,62,F,Whole Haul,2B
2021,PEN,20210389,2103,60,54,59,M,Whole Haul,2B
2021,PEN,20210389,2103,60,54,64,F,Whole Haul,2B
2021,VNI,20210390,2324,44,54,73,F,Whole Haul,2B
2021,VNI,20210390,2324,44,54,87,F,Whole Haul,2B
2021,VNI,20210390,2324,44,54,75,F,Whole Haul,2B
2021,VNI,20210391,2322,45,54,91,F,Whole Haul,2B
2021,VNI,20210391,2322,45,54,68,M,Whole Haul,2B
2021,VNI,20210392,2318,46,54,63,M,Whole Haul,2B
2021,VNI,20210392,2318,46,54,94,F,Whole Haul,2B
2021,VNI,20210392,2318,46,54,73,F,Whole Haul,2B
2021,VNI,20210393,2305,47,54,73,M,Whole Haul,2B
2021,VNI,20210393,2305,47,54,76,F,Whole Haul,2B
2021,VNI,20210393,2305,47,54,66,M,Whole Haul,2B
2021,VNI,20210394,2297,48,54,83,F,Whole Haul,2B
2021,VNI,20210394,2297,48,54,80,F,Whole Haul,2B
2021,VNI,20210394,2297,48,54,92,F,Whole Haul,2B
2021,VNI,20210395,2086,49,54,79,F,Whole Haul,2B
2021,VNI,20210395,2086,49,54,86,F,Whole Haul,2B
2021,VNI,20210395,2086,49,54,75,M,Whole Haul,2B
2021,VNI,20210396,2083,50,54,69,F,Whole Haul,2B
2021,VNI,20210396,2083,50,54,78,F,Whole Haul,2B
2021,VNI,20210396,2083,50,54,94,F,Whole Haul,2B
2021,VNI,20210397,2084,51,54,67,M,Whole Haul,2B
2021,VNI,20210397,2084,51,54,78,F,Whole Haul,2B
2021,VNI,20210397,2084,51,54,75,F,Whole Haul,2B
2021,VNI,20210398,2059,52,54,69,M,Whole Haul,2B
2021,VNI,20210398,2059,52,54,60,F,Whole Haul,2B
2021,VNI,20210399,2052,53,54,63,M,Whole Haul,2B
2021,VNI,20210399,2052,53,54,63,M,Whole Haul,2B
2021,VNI,20210399,2052,53,54,67,M,Whole Haul,2B
2021,VNI,20210893,2299,55,54,67,M,Whole Haul,2B
2021,VNI,20210894,2137,56,54,71,F,Whole Haul,2B
2021,VNI,20210894,2137,56,54,68,M,Whole Haul,2B
2021,VNI,20210894,2137,56,54,75,M,Whole Haul,2B
2021,VNI,20210895,2140,57,54,73,F,Whole Haul,2B
2021,VNI,20210895,2140,57,54,62,M,Whole Haul,2B
2021,VNI,20210896,2145,58,54,85,NULL,Whole Haul,2B
2021,VNI,20210896,2145,58,54,64,NULL,Whole Haul,2B
2021,VNI,20210896,2145,58,54,65,F,Whole Haul,2B
2021,VNI,20210897,2311,59,54,52,F,Whole Haul,2B
2021,VNI,20210897,2311,59,54,68,F,Whole Haul,2B
2021,VNI,20210897,2311,59,54,63,M,Whole Haul,2B
2021,VNI,20210898,2313,60,54,63,M,Whole Haul,2B
2021,VNI,20210898,2313,60,54,74,F,Whole Haul,2B
2021,VNI,20210898,2313,60,54,67,F,Whole Haul,2B
2021,VNI,20210899,2327,61,54,82,F,Whole Haul,2B
2021,VNI,20210899,2327,61,54,63,M,Whole Haul,2B
2021,VNI,20210899,2327,61,54,62,M,Whole Haul,2B
2021,VNI,20210900,2328,62,54,59,M,Whole Haul,2B
2021,VNI,20210900,2328,62,54,60,F,Whole Haul,2B
2021,VNI,20210900,2328,62,54,60,M,Whole Haul,2B
2021,VNI,20210901,2154,63,54,58,M,Whole Haul,2B
2021,VNI,20210901,2154,63,54,64,M,Whole Haul,2B
2021,VNI,20210901,2154,63,54,58,M,Whole Haul,2B
2021,VNI,20210902,2163,64,54,51,NULL,Whole Haul,2B
2021,VNI,20210902,2163,64,54,61,M,Whole Haul,2B
2021,VNI,20210902,2163,64,54,61,M,Whole Haul,2B
2021,VNI,20210903,2164,65,54,61,M,Whole Haul,2B
2021,VNI,20210903,2164,65,54,90,F,Whole Haul,2B
2021,VNI,20210903,2164,65,54,63,F,Whole Haul,2B
2021,VNI,20210904,2155,66,54,68,M,Whole Haul,2B
2021,VNI,20210904,2155,66,54,59,M,Whole Haul,2B
2021,VNI,20210904,2155,66,54,63,M,Whole Haul,2B
2021,VNI,20210905,2326,67,54,59,F,Whole Haul,2B
2021,VNI,20210906,2165,68,54,66,M,Whole Haul,2B
2021,VNI,20210907,2167,69,54,86,F,Whole Haul,2B
2021,VNI,20210907,2167,69,54,73,F,Whole Haul,2B
2021,VNI,20210907,2167,69,54,67,M,Whole Haul,2B
2021,VNI,20210908,3005,70,54,64,M,Whole Haul,2B
2021,VNI,20210908,3005,70,54,55,F,Whole Haul,2B
2021,VNI,20210908,3005,70,54,61,M,Whole Haul,2B
2021,VNI,20210909,3204,71,54,65,M,Whole Haul,2B
2021,VNI,20210909,3204,71,54,69,M,Whole Haul,2B
2021,VNI,20210909,3204,71,54,59,F,Whole Haul,2B
2021,VNI,20210910,3210,72,54,63,F,Whole Haul,2B
2021,VNI,20210910,3210,72,54,62,F,Whole Haul,2B
2021,VNI,20210911,2335,73,54,55,M,Whole Haul,2B
2021,VNI,20210912,2334,74,54,61,M,Whole Haul,2B
2021,VNI,20210912,2334,74,54,58,M,Whole Haul,2B
2021,VNI,20210912,2334,74,54,58,M,Whole Haul,2B
2021,VNI,20210913,3008,75,54,65,M,Whole Haul,2B
2021,VNI,20210913,3008,75,54,69,M,Whole Haul,2B
2021,VNI,20210913,3008,75,54,62,M,Whole Haul,2B
2021,VNI,20210914,3009,76,54,39,F,Whole Haul,2B
2021,VNI,20210914,3009,76,54,56,M,Whole Haul,2B
2021,VNI,20210914,3009,76,54,58,M,Whole Haul,2B
2021,VNI,20210915,2170,77,54,51,F,Whole Haul,2B
2021,VNI,20210915,2170,77,54,45,M,Whole Haul,2B
2021,VNI,20210915,2170,77,54,71,M,Whole Haul,2B
2021,VNI,20210916,2172,78,54,60,M,Whole Haul,2B
2021,VNI,20210916,2172,78,54,67,M,Whole Haul,2B
2021,VNI,20210917,2171,79,54,70,M,Whole Haul,2B
2021,VNI,20210917,2171,79,54,66,M,Whole Haul,2B
2021,VNI,20210917,2171,79,54,62,M,Whole Haul,2B
2021,VNI,20210918,2160,80,54,51,M,Whole Haul,2B
2021,VNI,20210918,2160,80,54,61,M,Whole Haul,2B
2021,VNI,20210918,2160,80,54,59,M,Whole Haul,2B
2021,VNI,20210919,2333,81,54,56,M,Whole Haul,2B
2021,VNI,20210919,2333,81,54,59,M,Whole Haul,2B
2021,VNI,20210919,2333,81,54,71,M,Whole Haul,2B
2021,VNI,20210920,2159,82,54,66,M,Whole Haul,2B
2021,VNI,20210920,2159,82,54,60,M,Whole Haul,2B
2021,VNI,20210920,2159,82,54,54,M,Whole Haul,2B
2021,VNI,20210921,2332,83,54,68,M,Whole Haul,2B
2021,VNI,20210921,2332,83,54,66,M,Whole Haul,2B
2021,VNI,20210921,2332,83,54,65,M,Whole Haul,2B
2021,VNI,20211031,2290,84,54,70,F,Whole Haul,2B
2021,VNI,20211031,2290,84,54,70,F,Whole Haul,2B
2021,VNI,20211031,2290,84,54,76,F,Whole Haul,2B
2021,VNI,20211031,2290,84,54,67,F,Whole Haul,2B
2021,VNI,20211031,2290,84,54,70,F,Whole Haul,2B
2021,VNI,20211032,2293,85,54,71,M,Whole Haul,2B
2021,VNI,20211032,2293,85,54,53,M,Whole Haul,2B
2021,VNI,20211032,2293,85,54,66,M,Whole Haul,2B
2021,VNI,20211033,2143,86,54,77,F,Whole Haul,2B
2021,VNI,20211033,2143,86,54,79,F,Whole Haul,2B
2021,VNI,20211033,2143,86,54,68,F,Whole Haul,2B
2021,VNI,20211034,2144,87,54,82,F,Whole Haul,2B
2021,VNI,20211035,2146,88,54,89,F,Whole Haul,2B
2021,VNI,20211035,2146,88,54,74,M,Whole Haul,2B
2021,VNI,20211035,2146,88,54,69,M,Whole Haul,2B
2021,VNI,20211037,2321,90,54,72,M,Whole Haul,2B
2021,VNI,20211037,2321,90,54,69,M,Whole Haul,2B
2021,VNI,20211037,2321,90,54,66,M,Whole Haul,2B
2021,VNI,20211038,2151,91,54,73,F,Whole Haul,2B
2021,VNI,20211039,2323,92,54,65,M,Whole Haul,2B
2021,VNI,20211039,2323,92,54,64,M,Whole Haul,2B
2021,VNI,20211039,2323,92,54,71,M,Whole Haul,2B
2021,VNI,20211040,2156,93,54,77,F,Whole Haul,2B
2021,VNI,20211041,2330,94,54,71,M,Whole Haul,2B
2021,VNI,20211041,2330,94,54,54,F,Whole Haul,2B
2021,VNI,20211042,2168,95,54,66,M,Whole Haul,2B
2021,VNI,20211042,2168,95,54,58,M,Whole Haul,2B
2021,VNI,20211042,2168,95,54,54,F,Whole Haul,2B
2021,VNI,20211043,2157,96,54,87,F,Whole Haul,2B
2021,VNI,20211043,2157,96,54,68,F,Whole Haul,2B
2021,VNI,20211043,2157,96,54,67,F,Whole Haul,2B
2021,VNI,20211045,2331,98,54,62,M,Whole Haul,2B
2021,VNI,20211045,2331,98,54,63,M,Whole Haul,2B
2021,VNI,20211045,2331,98,54,65,M,Whole Haul,2B
2021,VNI,20211046,2169,99,54,66,M,Whole Haul,2B
2021,VNI,20211046,2169,99,54,66,M,Whole Haul,2B
2021,VNI,20211046,2169,99,54,67,M,Whole Haul,2B
2021,VNI,20211047,2158,100,54,74,NULL,Whole Haul,2B
2021,VNI,20211047,2158,100,54,67,M,Whole Haul,2B
2021,VNI,20211047,2158,100,54,74,F,Whole Haul,2B
2021,VNI,20211048,2152,101,54,63,F,Whole Haul,2B
2021,VNI,20211048,2152,101,54,64,M,Whole Haul,2B
2021,VNI,20211048,2152,101,54,68,M,Whole Haul,2B
2021,VNI,20211049,2139,102,54,61,M,Whole Haul,2B
2021,VNI,20211049,2139,102,54,61,M,Whole Haul,2B
2021,VNI,20211050,2292,103,54,77,F,Whole Haul,2B
2021,VNI,20211050,2292,103,54,62,M,Whole Haul,2B
2021,VNI,20211050,2292,103,54,64,M,Whole Haul,2B
2021,VNI,20211051,2289,104,54,63,M,Whole Haul,2B
2021,VNI,20211051,2289,104,54,62,M,Whole Haul,2B
2021,VNI,20211051,2289,104,54,65,M,Whole Haul,2B
2021,VNI,20211052,2136,105,54,62,M,Whole Haul,2B
2021,VNI,20211052,2136,105,54,56,F,Whole Haul,2B
2021,VNI,20211052,2136,105,54,44,F,Whole Haul,2B
2021,VNI,20211053,2135,106,54,79,F,Whole Haul,2B
2021,VNI,20211053,2135,106,54,59,M,Whole Haul,2B
2021,VNI,20211053,2135,106,54,74,F,Whole Haul,2B
2021,VNI,20211054,2133,107,54,54,F,Whole Haul,2B
2021,VNI,20211054,2133,107,54,83,F,Whole Haul,2B
2021,VNI,20211054,2133,107,54,68,M,Whole Haul,2B
2021,VNI,20211055,2134,108,54,72,M,Whole Haul,2B
2021,VNI,20211055,2134,108,54,72,F,Whole Haul,2B
2021,VNI,20211055,2134,108,54,61,M,Whole Haul,2B
2021,VNI,20211056,2131,109,54,69,M,Whole Haul,2B
2021,VNI,20211056,2131,109,54,70,M,Whole Haul,2B
2021,VNI,20211056,2131,109,54,70,M,Whole Haul,2B
2021,VNI,20211057,2085,110,54,70,M,Whole Haul,2B
2021,VNI,20211057,2085,110,54,67,M,Whole Haul,2B
2021,VNI,20211057,2085,110,54,66,M,Whole Haul,2B
2021,VNI,20211058,2081,111,54,63,M,Whole Haul,2B
2021,VNI,20211058,2081,111,54,69,M,Whole Haul,2B
2021,VNI,20211058,2081,111,54,63,M,Whole Haul,2B
2021,VNI,20211059,2082,112,54,53,M,Whole Haul,2B
2021,VNI,20211060,2061,113,54,65,M,Whole Haul,2B
2021,VNI,20211060,2061,113,54,66,M,Whole Haul,2B
2021,VNI,20211061,2060,114,54,59,M,Whole Haul,2B
2021,VNI,20211061,2060,114,54,71,M,Whole Haul,2B
2021,VNI,20211061,2060,114,54,57,M,Whole Haul,2B
2021,VNI,20211062,2053,115,54,64,M,Whole Haul,2B
2021,VNI,20211063,2257,116,54,67,F,Whole Haul,2B
2021,VNI,20211064,2046,117,54,61,M,Whole Haul,2B
2021,VNI,20211066,2045,119,54,67,M,Whole Haul,2B
2021,VNI,20211066,2045,119,54,81,F,Whole Haul,2B
2021,VNI,20211066,2045,119,54,66,F,Whole Haul,2B
2021,VNI,20211068,2048,121,54,67,M,Whole Haul,2B
2021,VNI,20211068,2048,121,54,77,F,Whole Haul,2B
2021,VNI,20211068,2048,121,54,83,F,Whole Haul,2B
2021,VNI,20211069,2063,122,54,71,M,Whole Haul,2B
2021,VNI,20211069,2063,122,54,59,M,Whole Haul,2B
2021,VNI,20211069,2063,122,54,88,F,Whole Haul,2B
2021,VNI,20211070,2070,123,54,71,F,Whole Haul,2B
2021,VNI,20211070,2070,123,54,83,F,Whole Haul,2B
2021,VNI,20211070,2070,123,54,68,M,Whole Haul,2B
2021,VNI,20211071,2079,124,54,56,F,Whole Haul,2B
2021,VNI,20211071,2079,124,54,57,M,Whole Haul,2B
2021,VNI,20211071,2079,124,54,64,M,Whole Haul,2B
2021,VNI,20211072,2269,125,54,85,F,Whole Haul,2B
2021,VNI,20211072,2269,125,54,88,F,Whole Haul,2B
2021,VNI,20211072,2269,125,54,85,F,Whole Haul,2B
2021,VNI,20211116,2049,126,54,54,F,Whole Haul,2B
2021,VNI,20211117,2050,127,54,77,F,Whole Haul,2B
2021,VNI,20211117,2050,127,54,90,F,Whole Haul,2B
2021,VNI,20211118,2258,128,54,79,F,Whole Haul,2B
2021,VNI,20211119,2067,129,54,64,M,Whole Haul,2B
2021,VNI,20211119,2067,129,54,55,F,Whole Haul,2B
2021,VNI,20211119,2067,129,54,66,M,Whole Haul,2B
2021,VNI,20211120,2068,130,54,78,F,Whole Haul,2B
2021,VNI,20211120,2068,130,54,72,M,Whole Haul,2B
2021,VNI,20211120,2068,130,54,78,F,Whole Haul,2B
2021,VNI,20211121,2054,131,54,63,M,Whole Haul,2B
2021,VNI,20211121,2054,131,54,63,M,Whole Haul,2B
2021,VNI,20211121,2054,131,54,55,F,Whole Haul,2B
2021,VNI,20211122,2055,132,54,68,M,Whole Haul,2B
2021,VNI,20211122,2055,132,54,68,M,Whole Haul,2B
2021,VNI,20211122,2055,132,54,58,M,Whole Haul,2B
2021,VNI,20211123,2062,133,54,68,M,Whole Haul,2B
2021,VNI,20211123,2062,133,54,75,F,Whole Haul,2B
2021,VNI,20211123,2062,133,54,62,M,Whole Haul,2B
2021,VNI,20211124,2069,134,54,85,F,Whole Haul,2B
2021,VNI,20211124,2069,134,54,87,F,Whole Haul,2B
2021,VNI,20211124,2069,134,54,86,F,Whole Haul,2B
2021,VNI,20211125,2075,135,54,67,M,Whole Haul,2B
2021,VNI,20211125,2075,135,54,62,M,Whole Haul,2B
2021,VNI,20211125,2075,135,54,68,M,Whole Haul,2B
2021,VNI,20211125,2075,135,54,54,F,Whole Haul,2B
2021,VNI,20211126,2076,136,54,60,F,Whole Haul,2B
2021,VNI,20211126,2076,136,54,55,F,Whole Haul,2B
2021,VNI,20211126,2076,136,54,64,M,Whole Haul,2B
2021,VNI,20211127,2080,137,54,67,M,Whole Haul,2B
2021,VNI,20211127,2080,137,54,64,M,Whole Haul,2B
2021,VNI,20211127,2080,137,54,61,M,Whole Haul,2B
2021,VNI,20211128,2074,138,54,68,M,Whole Haul,2B
2021,VNI,20211128,2074,138,54,60,M,Whole Haul,2B
2021,VNI,20211128,2074,138,54,62,M,Whole Haul,2B
2021,VNI,20211128,2074,138,54,56,M,Whole Haul,2B
2021,BDP,20210699,3103,94,54,66,F,Whole Haul,2C
2021,BDP,20210699,3103,94,54,77,F,Whole Haul,2C
2021,BDP,20210699,3103,94,54,72,M,Whole Haul,2C
2021,BDP,20210700,3098,95,54,66,F,Whole Haul,2C
2021,BDP,20210700,3098,95,54,68,M,Whole Haul,2C
2021,BDP,20210700,3098,95,54,87,F,Whole Haul,2C
2021,BDP,20210701,3089,96,54,65,M,Whole Haul,2C
2021,BDP,20210701,3089,96,54,60,F,Whole Haul,2C
2021,BDP,20210701,3089,96,54,77,F,Whole Haul,2C
2021,BDP,20210702,3087,97,54,80,F,Whole Haul,2C
2021,BDP,20210702,3087,97,54,64,M,Whole Haul,2C
2021,BDP,20210702,3087,97,54,66,F,Whole Haul,2C
2021,BDP,20210703,3086,98,54,88,F,Whole Haul,2C
2021,BDP,20210703,3086,98,54,90,M,Whole Haul,2C
2021,BDP,20210703,3086,98,54,81,F,Whole Haul,2C
2021,BDP,20210705,3083,100,54,76,F,Whole Haul,2C
2021,BDP,20210705,3083,100,54,82,F,Whole Haul,2C
2021,BDP,20210705,3083,100,54,62,F,Whole Haul,2C
2021,BDP,20210706,3084,101,54,72,M,Whole Haul,2C
2021,BDP,20210706,3084,101,54,70,M,Whole Haul,2C
2021,BDP,20210706,3084,101,54,84,F,Whole Haul,2C
2021,BDP,20210708,3092,103,54,83,F,Whole Haul,2C
2021,BDP,20210708,3092,103,54,73,F,Whole Haul,2C
2021,BDP,20210708,3092,103,54,90,F,Whole Haul,2C
2021,BDP,20210709,3026,104,54,69,M,Whole Haul,2C
2021,BDP,20210709,3026,104,54,65,M,Whole Haul,2C
2021,BDP,20210709,3026,104,54,75,F,Whole Haul,2C
2021,BDP,20210710,3019,105,54,66,M,Whole Haul,2C
2021,BDP,20210710,3019,105,54,90,F,Whole Haul,2C
2021,BDP,20210710,3019,105,54,67,M,Whole Haul,2C
2021,BDP,20210711,3201,106,54,63,M,Whole Haul,2C
2021,BDP,20210711,3201,106,54,76,M,Whole Haul,2C
2021,BDP,20210711,3201,106,54,66,M,Whole Haul,2C
2021,BDP,20210712,3006,107,54,63,M,Whole Haul,2C
2021,BDP,20210713,3007,108,54,67,M,Whole Haul,2C
2021,BDP,20210713,3007,108,54,66,M,Whole Haul,2C
2021,BDP,20210713,3007,108,54,70,M,Whole Haul,2C
2021,BDP,20210714,3018,109,54,69,F,Whole Haul,2C
2021,BDP,20210714,3018,109,54,84,F,Whole Haul,2C
2021,BDP,20210714,3018,109,54,60,M,Whole Haul,2C
2021,BDP,20210715,3017,110,54,73,M,Whole Haul,2C
2021,BDP,20210715,3017,110,54,55,M,Whole Haul,2C
2021,BDP,20210715,3017,110,54,65,M,Whole Haul,2C
2021,BDP,20210716,3024,111,54,87,F,Whole Haul,2C
2021,BDP,20210716,3024,111,54,63,F,Whole Haul,2C
2021,BDP,20210716,3024,111,54,62,F,Whole Haul,2C
2021,BDP,20210717,3025,112,54,90,F,Whole Haul,2C
2021,BDP,20210717,3025,112,54,71,F,Whole Haul,2C
2021,BDP,20210717,3025,112,54,83,F,Whole Haul,2C
2021,BDP,20210718,3030,113,54,64,M,Whole Haul,2C
2021,BDP,20210718,3030,113,54,61,M,Whole Haul,2C
2021,BDP,20210719,3029,114,54,65,M,Whole Haul,2C
2021,BDP,20210719,3029,114,54,92,F,Whole Haul,2C
2021,BDP,20210719,3029,114,54,76,F,Whole Haul,2C
2021,BDP,20210719,3029,114,54,93,F,Whole Haul,2C
2021,BDP,20210720,3034,115,54,62,M,Whole Haul,2C
2021,BDP,20210720,3034,115,54,60,M,Whole Haul,2C
2021,BDP,20210720,3034,115,54,87,F,Whole Haul,2C
2021,BDP,20210721,3205,116,54,67,M,Whole Haul,2C
2021,BDP,20210721,3205,116,54,60,F,Whole Haul,2C
2021,BDP,20210721,3205,116,54,61,F,Whole Haul,2C
2021,BDP,20210722,3022,117,54,58,F,Whole Haul,2C
2021,BDP,20210722,3022,117,54,54,F,Whole Haul,2C
2021,BDP,20210722,3022,117,54,72,F,Whole Haul,2C
2021,BDP,20210723,3207,118,54,67,M,Whole Haul,2C
2021,BDP,20210723,3207,118,54,65,M,Whole Haul,2C
2021,BDP,20210723,3207,118,54,67,F,Whole Haul,2C
2021,BDP,20210724,3027,119,54,64,M,Whole Haul,2C
2021,BDP,20210724,3027,119,54,72,M,Whole Haul,2C
2021,BDP,20210724,3027,119,54,69,M,Whole Haul,2C
2021,BDP,20210725,3031,120,54,67,M,Whole Haul,2C
2021,BDP,20210725,3031,120,54,66,M,Whole Haul,2C
2021,BDP,20210725,3031,120,54,65,M,Whole Haul,2C
2021,BDP,20211105,3042,136,54,70,M,Whole Haul,2C
2021,BDP,20211105,3042,136,54,85,F,Whole Haul,2C
2021,BDP,20211105,3042,136,54,63,M,Whole Haul,2C
2021,BDP,20211106,3221,137,54,65,M,Whole Haul,2C
2021,BDP,20211106,3221,137,54,61,M,Whole Haul,2C
2021,BDP,20211106,3221,137,54,60,M,Whole Haul,2C
2021,BDP,20211107,3040,138,54,60,M,Whole Haul,2C
2021,BDP,20211107,3040,138,54,72,M,Whole Haul,2C
2021,BDP,20211107,3040,138,54,63,M,Whole Haul,2C
2021,BDP,20211108,3039,139,54,63,M,Whole Haul,2C
2021,BDP,20211108,3039,139,54,68,F,Whole Haul,2C
2021,BDP,20211108,3039,139,54,65,M,Whole Haul,2C
2021,BDP,20211109,3037,140,54,61,M,Whole Haul,2C
2021,BDP,20211110,3036,141,54,79,F,Whole Haul,2C
2021,BDP,20211110,3036,141,54,69,M,Whole Haul,2C
2021,BDP,20211110,3036,141,54,78,F,Whole Haul,2C
2021,BDP,20211111,3035,142,54,63,M,Whole Haul,2C
2021,BDP,20211111,3035,142,54,61,F,Whole Haul,2C
2021,BDP,20211111,3035,142,54,71,F,Whole Haul,2C
2021,BDP,20211112,3209,143,54,70,F,Whole Haul,2C
2021,BDP,20211112,3209,143,54,64,F,Whole Haul,2C
2021,BDP,20211112,3209,143,54,63,M,Whole Haul,2C
2021,BDP,20211113,3032,144,54,69,F,Whole Haul,2C
2021,BDP,20211113,3032,144,54,68,F,Whole Haul,2C
2021,BDP,20211113,3032,144,54,66,M,Whole Haul,2C
2021,BDP,20211113,3032,144,54,73,F,Whole Haul,2C
2021,BDP,20211113,3032,144,54,73,F,Whole Haul,2C
2021,BDP,20211114,3028,145,54,67,M,Whole Haul,2C
2021,BDP,20211114,3028,145,54,63,M,Whole Haul,2C
2021,BDP,20211114,3028,145,54,66,M,Whole Haul,2C
2021,BDP,20211114,3028,145,54,76,F,Whole Haul,2C
2021,BDP,20211114,3028,145,54,69,M,Whole Haul,2C
2021,BDP,20211115,3206,146,54,63,F,Whole Haul,2C
2021,BDP,20211115,3206,146,54,54,F,Whole Haul,2C
2021,BDP,20211115,3206,146,54,59,M,Whole Haul,2C
2021,BDP,20211115,3206,146,54,59,F,Whole Haul,2C
2021,BDP,20211115,3206,146,54,61,F,Whole Haul,2C
2021,BDP,20211073,3020,121,54,70,M,Whole Haul,2C
2021,BDP,20211073,3020,121,54,60,M,Whole Haul,2C
2021,BDP,20211073,3020,121,54,76,M,Whole Haul,2C
2021,BDP,20211074,3202,122,54,78,F,Whole Haul,2C
2021,BDP,20211074,3202,122,54,61,M,Whole Haul,2C
2021,BDP,20211075,3010,123,54,43,M,Whole Haul,2C
2021,BDP,20211076,3023,124,54,72,M,Whole Haul,2C
2021,BDP,20211076,3023,124,54,66,M,Whole Haul,2C
2021,BDP,20211076,3023,124,54,68,M,Whole Haul,2C
2021,BDP,20211077,3016,125,54,66,F,Whole Haul,2C
2021,BDP,20211077,3016,125,54,70,M,Whole Haul,2C
2021,BDP,20211077,3016,125,54,65,M,Whole Haul,2C
2021,BDP,20211078,3015,126,54,63,M,Whole Haul,2C
2021,BDP,20211078,3015,126,54,63,M,Whole Haul,2C
2021,BDP,20211078,3015,126,54,60,M,Whole Haul,2C
2021,BDP,20211079,3014,127,54,62,M,Whole Haul,2C
2021,BDP,20211079,3014,127,54,60,M,Whole Haul,2C
2021,BDP,20211079,3014,127,54,57,M,Whole Haul,2C
2021,BDP,20211081,3004,129,54,68,M,Whole Haul,2C
2021,BDP,20211083,3002,131,54,73,F,Whole Haul,2C
2021,BDP,20211084,3013,132,54,62,M,Whole Haul,2C
2021,BDP,20211084,3013,132,54,60,M,Whole Haul,2C
2021,BDP,20211084,3013,132,54,70,M,Whole Haul,2C
2021,BDP,20211085,3012,133,54,69,F,Whole Haul,2C
2021,BDP,20211085,3012,133,54,59,M,Whole Haul,2C
2021,BDP,20211085,3012,133,54,62,F,Whole Haul,2C
2021,STW,20210134,3069,15,54,65,M,Whole Haul,2C
2021,STW,20210134,3069,15,54,63,F,Whole Haul,2C
2021,STW,20210134,3069,15,54,67,M,Whole Haul,2C
2021,STW,20210134,3069,15,54,66,M,Whole Haul,2C
2021,STW,20210134,3069,15,54,88,F,Whole Haul,2C
2021,STW,20210135,3063,16,54,61,M,Whole Haul,2C
2021,STW,20210135,3063,16,54,66,F,Whole Haul,2C
2021,STW,20210135,3063,16,54,59,F,Whole Haul,2C
2021,STW,20210135,3063,16,54,67,F,Whole Haul,2C
2021,STW,20210135,3063,16,54,57,F,Whole Haul,2C
2021,STW,20210137,3070,18,54,66,F,Whole Haul,2C
2021,STW,20210137,3070,18,54,55,M,Whole Haul,2C
2021,STW,20210137,3070,18,54,56,M,Whole Haul,2C
2021,STW,20210137,3070,18,54,66,M,Whole Haul,2C
2021,STW,20210137,3070,18,54,60,M,Whole Haul,2C
2021,STW,20210138,3064,19,54,78,F,Whole Haul,2C
2021,STW,20210138,3064,19,54,63,F,Whole Haul,2C
2021,STW,20210138,3064,19,54,62,F,Whole Haul,2C
2021,STW,20210138,3064,19,54,70,M,Whole Haul,2C
2021,STW,20210138,3064,19,54,65,M,Whole Haul,2C
2021,STW,20210139,3058,20,54,91,F,Whole Haul,2C
2021,STW,20210139,3058,20,54,72,F,Whole Haul,2C
2021,STW,20210139,3058,20,54,68,F,Whole Haul,2C
2021,STW,20210139,3058,20,54,66,M,Whole Haul,2C
2021,STW,20210139,3058,20,54,63,F,Whole Haul,2C
2021,STW,20210140,3054,21,54,68,M,Whole Haul,2C
2021,STW,20210140,3054,21,54,87,F,Whole Haul,2C
2021,STW,20210140,3054,21,54,72,M,Whole Haul,2C
2021,STW,20210140,3054,21,54,69,M,Whole Haul,2C
2021,STW,20210140,3054,21,54,72,M,Whole Haul,2C
2021,STW,20210141,3050,22,54,84,F,Whole Haul,2C
2021,STW,20210141,3050,22,54,64,M,Whole Haul,2C
2021,STW,20210141,3050,22,54,70,F,Whole Haul,2C
2021,STW,20210141,3050,22,54,55,M,Whole Haul,2C
2021,STW,20210141,3050,22,54,87,F,Whole Haul,2C
2021,STW,20210143,3076,24,54,70,F,Whole Haul,2C
2021,STW,20210143,3076,24,54,64,M,Whole Haul,2C
2021,STW,20210143,3076,24,54,65,F,Whole Haul,2C
2021,STW,20210143,3076,24,54,83,F,Whole Haul,2C
2021,STW,20210143,3076,24,54,63,M,Whole Haul,2C
2021,STW,20210144,3223,25,54,71,M,Whole Haul,2C
2021,STW,20210144,3223,25,54,68,M,Whole Haul,2C
2021,STW,20210144,3223,25,54,58,M,Whole Haul,2C
2021,STW,20210144,3223,25,54,64,M,Whole Haul,2C
2021,STW,20210144,3223,25,54,69,M,Whole Haul,2C
2021,STW,20210001,3043,1,54,70,F,Whole Haul,2C
2021,STW,20210001,3043,1,54,77,F,Whole Haul,2C
2021,STW,20210001,3043,1,54,79,M,Whole Haul,2C
2021,STW,20210001,3043,1,54,72,F,Whole Haul,2C
2021,STW,20210001,3043,1,54,76,F,Whole Haul,2C
2021,STW,20210002,3044,2,54,58,F,Whole Haul,2C
2021,STW,20210002,3044,2,54,67,M,Whole Haul,2C
2021,STW,20210002,3044,2,54,65,M,Whole Haul,2C
2021,STW,20210002,3044,2,54,64,F,Whole Haul,2C
2021,STW,20210002,3044,2,54,70,M,Whole Haul,2C
2021,STW,20210004,3212,3,54,64,F,Whole Haul,2C
2021,STW,20210004,3212,3,54,84,F,Whole Haul,2C
2021,STW,20210004,3212,3,54,65,F,Whole Haul,2C
2021,STW,20210004,3212,3,54,77,F,Whole Haul,2C
2021,STW,20210004,3212,3,54,66,F,Whole Haul,2C
2021,STW,20210005,3045,5,54,71,F,Whole Haul,2C
2021,STW,20210006,3046,6,54,69,F,Whole Haul,2C
2021,STW,20210006,3046,6,54,76,F,Whole Haul,2C
2021,STW,20210006,3046,6,54,81,F,Whole Haul,2C
2021,STW,20210006,3046,6,54,75,M,Whole Haul,2C
2021,STW,20210006,3046,6,54,74,F,Whole Haul,2C
2021,STW,20210006,3046,6,54,73,F,Whole Haul,2C
2021,STW,20210007,3049,7,54,60,M,Whole Haul,2C
2021,STW,20210007,3049,7,54,71,M,Whole Haul,2C
2021,STW,20210007,3049,7,54,60,F,Whole Haul,2C
2021,STW,20210007,3049,7,54,67,M,Whole Haul,2C
2021,STW,20210007,3049,7,54,70,M,Whole Haul,2C
2021,STW,20210010,3051,10,54,77,F,Whole Haul,2C
2021,STW,20210010,3051,10,54,75,F,Whole Haul,2C
2021,STW,20210011,3052,11,54,63,F,Whole Haul,2C
2021,STW,20210011,3052,11,54,82,F,Whole Haul,2C
2021,STW,20210011,3052,11,54,74,F,Whole Haul,2C
2021,STW,20210011,3052,11,54,62,M,Whole Haul,2C
2021,STW,20210012,3081,12,54,69,F,Whole Haul,2C
2021,STW,20210012,3081,12,54,69,M,Whole Haul,2C
2021,STW,20210012,3081,12,54,62,M,Whole Haul,2C
2021,STW,20210012,3081,12,54,54,M,Whole Haul,2C
2021,STW,20210012,3081,12,54,67,F,Whole Haul,2C
2021,STW,20210013,3220,13,54,70,F,Whole Haul,2C
2021,STW,20210013,3220,13,54,63,M,Whole Haul,2C
2021,STW,20210013,3220,13,54,61,F,Whole Haul,2C
2021,STW,20210013,3220,13,54,63,F,Whole Haul,2C
2021,STW,20210013,3220,13,54,68,F,Whole Haul,2C
2021,STW,20210276,3222,27,54,60,F,Whole Haul,2C
2021,STW,20210277,3219,28,54,66,F,Whole Haul,2C
2021,STW,20210277,3219,28,54,70,F,Whole Haul,2C
2021,STW,20210277,3219,28,54,66,F,Whole Haul,2C
2021,STW,20210277,3219,28,54,62,M,Whole Haul,2C
2021,STW,20210278,3077,29,54,60,F,Whole Haul,2C
2021,STW,20210278,3077,29,54,63,F,Whole Haul,2C
2021,STW,20210278,3077,29,54,82,F,Whole Haul,2C
2021,STW,20210278,3077,29,54,87,F,Whole Haul,2C
2021,STW,20210278,3077,29,54,63,M,Whole Haul,2C
2021,STW,20210279,3072,30,54,72,F,Whole Haul,2C
2021,STW,20210279,3072,30,54,91,F,Whole Haul,2C
2021,STW,20210279,3072,30,54,67,F,Whole Haul,2C
2021,STW,20210281,3073,32,54,79,F,Whole Haul,2C
2021,STW,20210281,3073,32,54,61,M,Whole Haul,2C
2021,STW,20210281,3073,32,54,60,F,Whole Haul,2C
2021,STW,20210281,3073,32,54,67,M,Whole Haul,2C
2021,STW,20210282,3078,33,54,82,F,Whole Haul,2C
2021,STW,20210282,3078,33,54,66,F,Whole Haul,2C
2021,STW,20210283,3074,34,54,76,F,Whole Haul,2C
2021,STW,20210283,3074,34,54,65,F,Whole Haul,2C
2021,STW,20210283,3074,34,54,62,F,Whole Haul,2C
2021,STW,20210283,3074,34,54,71,F,Whole Haul,2C
2021,STW,20210284,3075,35,54,69,F,Whole Haul,2C
2021,STW,20210284,3075,35,54,55,M,Whole Haul,2C
2021,STW,20210284,3075,35,54,58,F,Whole Haul,2C
2021,STW,20210284,3075,35,54,58,M,Whole Haul,2C
2021,STW,20210284,3075,35,54,56,F,Whole Haul,2C
2021,STW,20210284,3075,35,54,57,F,Whole Haul,2C
2021,STW,20210285,3079,36,54,61,F,Whole Haul,2C
2021,STW,20210285,3079,36,54,81,F,Whole Haul,2C
2021,STW,20210285,3079,36,54,62,F,Whole Haul,2C
2021,STW,20210285,3079,36,54,61,F,Whole Haul,2C
2021,STW,20210285,3079,36,54,72,F,Whole Haul,2C
2021,STW,20210286,3080,37,54,62,M,Whole Haul,2C
2021,STW,20210286,3080,37,54,71,M,Whole Haul,2C
2021,STW,20210286,3080,37,54,59,F,Whole Haul,2C
2021,STW,20210286,3080,37,54,57,F,Whole Haul,2C
2021,STW,20210286,3080,37,54,68,M,Whole Haul,2C
2021,STW,20210287,3218,38,54,68,F,Whole Haul,2C
2021,STW,20210287,3218,38,54,67,F,Whole Haul,2C
2021,STW,20210287,3218,38,54,65,M,Whole Haul,2C
2021,STW,20210288,3062,39,54,76,F,Whole Haul,2C
2021,STW,20210288,3062,39,54,77,F,Whole Haul,2C
2021,STW,20210289,3057,40,54,56,F,Whole Haul,2C
2021,STW,20210289,3057,40,54,64,M,Whole Haul,2C
2021,STW,20210289,3057,40,54,65,F,Whole Haul,2C
2021,STW,20210289,3057,40,54,64,M,Whole Haul,2C
2021,STW,20210289,3057,40,54,56,F,Whole Haul,2C
2021,BDP,20210443,3111,83,54,66,M,Whole Haul,2C
2021,BDP,20210443,3111,83,54,82,F,Whole Haul,2C
2021,BDP,20210443,3111,83,54,76,F,Whole Haul,2C
2021,BDP,20210444,3110,84,54,72,M,Whole Haul,2C
2021,BDP,20210445,3108,85,54,64,F,Whole Haul,2C
2021,BDP,20210445,3108,85,54,82,F,Whole Haul,2C
2021,BDP,20210445,3108,85,54,69,M,Whole Haul,2C
2021,BDP,20210447,3233,87,54,81,F,Whole Haul,2C
2021,BDP,20210447,3233,87,54,70,M,Whole Haul,2C
2021,BDP,20210447,3233,87,54,87,F,Whole Haul,2C
2021,STW,20210520,3071,41,54,60,M,Whole Haul,2C
2021,STW,20210520,3071,41,54,57,F,Whole Haul,2C
2021,STW,20210520,3071,41,54,64,M,Whole Haul,2C
2021,STW,20210520,3071,41,54,64,M,Whole Haul,2C
2021,STW,20210520,3071,41,54,65,M,Whole Haul,2C
2021,STW,20210521,3217,42,54,60,M,Whole Haul,2C
2021,STW,20210521,3217,42,54,60,M,Whole Haul,2C
2021,STW,20210521,3217,42,54,69,M,Whole Haul,2C
2021,STW,20210522,3066,43,54,70,M,Whole Haul,2C
2021,STW,20210522,3066,43,54,68,M,Whole Haul,2C
2021,STW,20210522,3066,43,54,66,F,Whole Haul,2C
2021,STW,20210522,3066,43,54,67,F,Whole Haul,2C
2021,STW,20210522,3066,43,54,67,M,Whole Haul,2C
2021,STW,20210523,3061,44,54,75,F,Whole Haul,2C
2021,STW,20210524,3216,45,54,73,F,Whole Haul,2C
2021,STW,20210524,3216,45,54,85,F,Whole Haul,2C
2021,STW,20210524,3216,45,54,83,F,Whole Haul,2C
2021,STW,20210524,3216,45,54,92,F,Whole Haul,2C
2021,STW,20210524,3216,45,54,83,M,Whole Haul,2C
2021,STW,20210524,3216,45,54,77,F,Whole Haul,2C
2021,STW,20210525,3059,46,54,76,F,Whole Haul,2C
2021,STW,20210525,3059,46,54,61,M,Whole Haul,2C
2021,STW,20210525,3059,46,54,67,M,Whole Haul,2C
2021,STW,20210525,3059,46,54,63,F,Whole Haul,2C
2021,STW,20210525,3059,46,54,61,M,Whole Haul,2C
2021,STW,20210526,3060,47,54,55,NULL,Whole Haul,2C
2021,STW,20210526,3060,47,54,NULL,F,Whole Haul,2C
2021,STW,20210526,3060,47,54,63,M,Whole Haul,2C
2021,STW,20210526,3060,47,54,67,M,Whole Haul,2C
2021,STW,20210526,3060,47,54,66,M,Whole Haul,2C
2021,STW,20210526,3060,47,54,71,M,Whole Haul,2C
2021,STW,20210527,3053,48,54,72,F,Whole Haul,2C
2021,STW,20210527,3053,48,54,49,F,Whole Haul,2C
2021,STW,20210527,3053,48,54,69,F,Whole Haul,2C
2021,STW,20210527,3053,48,54,67,M,Whole Haul,2C
2021,STW,20210527,3053,48,54,69,M,Whole Haul,2C
2021,STW,20210528,3056,49,54,79,F,Whole Haul,2C
2021,STW,20210528,3056,49,54,68,M,Whole Haul,2C
2021,STW,20210528,3056,49,54,65,M,Whole Haul,2C
2021,STW,20210528,3056,49,54,64,M,Whole Haul,2C
2021,STW,20210528,3056,49,54,70,M,Whole Haul,2C
2021,STW,20210529,3213,50,54,64,M,Whole Haul,2C
2021,STW,20210529,3213,50,54,62,M,Whole Haul,2C
2021,STW,20210529,3213,50,54,65,M,Whole Haul,2C
2021,STW,20210529,3213,50,54,59,M,Whole Haul,2C
2021,STW,20210529,3213,50,54,70,M,Whole Haul,2C
2021,STW,20210531,3055,52,54,59,M,Whole Haul,2C
2021,STW,20210531,3055,52,54,65,M,Whole Haul,2C
2021,STW,20210531,3055,52,54,80,F,Whole Haul,2C
2021,STW,20210532,4184,53,54,76,F,Whole Haul,3A
2021,STW,20210532,4184,53,54,66,M,Whole Haul,3A
2021,STW,20210532,4184,53,54,82,F,Whole Haul,3A
2021,STW,20210533,4167,54,54,70,M,Whole Haul,3A
2021,STW,20210533,4167,54,54,66,F,Whole Haul,3A
2021,STW,20210533,4167,54,54,65,M,Whole Haul,3A
2021,STW,20210534,4161,55,54,69,F,Whole Haul,3A
2021,STW,20210534,4161,55,54,64,M,Whole Haul,3A
2021,STW,20210535,4160,56,54,71,M,Whole Haul,3A
2021,STW,20210535,4160,56,54,61,F,Whole Haul,3A
2021,STW,20210539,4152,60,54,73,F,Whole Haul,3A
2021,STW,20210539,4152,60,54,76,F,Whole Haul,3A
2021,STW,20210540,4164,61,54,65,M,Whole Haul,3A
2021,STW,20210540,4164,61,54,64,M,Whole Haul,3A
2021,STW,20210541,4163,62,54,62,F,Whole Haul,3A
2021,STW,20210541,4163,62,54,72,F,Whole Haul,3A
2021,STW,20210542,4170,63,54,75,F,Whole Haul,3A
2021,STW,20210542,4170,63,54,74,F,Whole Haul,3A
2021,STW,20210542,4170,63,54,76,F,Whole Haul,3A
2021,STW,20210542,4170,63,54,75,F,Whole Haul,3A
2021,BDP,20210418,4008,58,54,83,F,Whole Haul,3A
2021,BDP,20210418,4008,58,54,74,F,Whole Haul,3A
2021,BDP,20210419,4009,59,54,75,F,Whole Haul,3A
2021,BDP,20210419,4009,59,54,79,F,Whole Haul,3A
2021,BDP,20210420,4005,60,54,72,F,Whole Haul,3A
2021,BDP,20210420,4005,60,54,77,F,Whole Haul,3A
2021,BDP,20210421,4016,61,54,68,M,Whole Haul,3A
2021,BDP,20210421,4016,61,54,67,M,Whole Haul,3A
2021,BDP,20210422,4015,62,54,66,F,Whole Haul,3A
2021,BDP,20210422,4015,62,54,68,M,Whole Haul,3A
2021,BDP,20210423,4022,63,54,65,M,Whole Haul,3A
2021,BDP,20210423,4022,63,54,52,M,Whole Haul,3A
2021,BDP,20210424,4004,64,54,85,F,Whole Haul,3A
2021,BDP,20210424,4004,64,54,82,F,Whole Haul,3A
2021,BDP,20210425,4003,65,54,89,F,Whole Haul,3A
2021,BDP,20210425,4003,65,54,70,F,Whole Haul,3A
2021,BDP,20210426,4001,66,54,84,F,Whole Haul,3A
2021,BDP,20210426,4001,66,54,73,F,Whole Haul,3A
2021,BDP,20210427,4002,67,54,86,F,Whole Haul,3A
2021,BDP,20210427,4002,67,54,68,F,Whole Haul,3A
2021,BDP,20210428,4006,68,54,64,F,Whole Haul,3A
2021,BDP,20210428,4006,68,54,70,M,Whole Haul,3A
2021,BDP,20210429,4007,69,54,66,M,Whole Haul,3A
2021,BDP,20210429,4007,69,54,69,M,Whole Haul,3A
2021,SEY,20210800,4057,1,54,76,F,Whole Haul,3A
2021,SEY,20210800,4057,1,54,79,F,Whole Haul,3A
2021,SEY,20210801,4064,2,54,61,M,Whole Haul,3A
2021,SEY,20210801,4064,2,54,87,F,Whole Haul,3A
2021,SEY,20210802,4065,3,54,76,F,Whole Haul,3A
2021,SEY,20210802,4065,3,54,78,F,Whole Haul,3A
2021,SEY,20210803,4054,4,54,68,M,Whole Haul,3A
2021,SEY,20210803,4054,4,54,66,M,Whole Haul,3A
2021,SEY,20210804,4053,5,54,69,M,Whole Haul,3A
2021,SEY,20210804,4053,5,54,78,M,Whole Haul,3A
2021,SEY,20210805,4058,6,54,85,F,Whole Haul,3A
2021,SEY,20210805,4058,6,54,72,M,Whole Haul,3A
2021,SEY,20210807,4060,8,54,68,M,Whole Haul,3A
2021,SEY,20210807,4060,8,54,69,M,Whole Haul,3A
2021,SEY,20210808,4059,9,54,70,M,Whole Haul,3A
2021,SEY,20210808,4059,9,54,74,F,Whole Haul,3A
2021,SEY,20210809,4074,10,54,81,F,Whole Haul,3A
2021,SEY,20210809,4074,10,54,72,F,Whole Haul,3A
2021,SEY,20210810,4512,11,54,76,F,Whole Haul,3A
2021,SEY,20210810,4512,11,54,72,M,Whole Haul,3A
2021,SEY,20210811,4080,12,54,70,M,Whole Haul,3A
2021,SEY,20210811,4080,12,54,65,M,Whole Haul,3A
2021,SEY,20210812,4067,13,54,75,M,Whole Haul,3A
2021,SEY,20210812,4067,13,54,80,F,Whole Haul,3A
2021,SEY,20210813,4066,14,54,76,F,Whole Haul,3A
2021,SEY,20210813,4066,14,54,69,F,Whole Haul,3A
2021,SEY,20210814,4073,15,54,75,M,Whole Haul,3A
2021,SEY,20210814,4073,15,54,67,M,Whole Haul,3A
2021,SEY,20210815,4079,16,54,66,M,Whole Haul,3A
2021,SEY,20210815,4079,16,54,69,M,Whole Haul,3A
2021,SEY,20210816,4072,17,54,77,F,Whole Haul,3A
2021,SEY,20210817,4051,18,54,75,M,Whole Haul,3A
2021,SEY,20210817,4051,18,54,78,M,Whole Haul,3A
2021,SEY,20210818,4504,19,54,69,M,Whole Haul,3A
2021,SEY,20210821,4505,22,54,83,F,Whole Haul,3A
2021,SEY,20210823,4061,24,54,75,F,Whole Haul,3A
2021,SEY,20210823,4061,24,54,74,F,Whole Haul,3A
2021,SEY,20210824,4062,25,54,66,M,Whole Haul,3A
2021,SEY,20210824,4062,25,54,60,M,Whole Haul,3A
2021,SEY,20210826,4068,27,54,68,F,Whole Haul,3A
2021,SEY,20210826,4068,27,54,67,M,Whole Haul,3A
2021,SEY,20210827,4075,28,54,75,M,Whole Haul,3A
2021,SEY,20210827,4075,28,54,70,F,Whole Haul,3A
2021,SEY,20210828,4076,29,54,70,M,Whole Haul,3A
2021,SEY,20210828,4076,29,54,65,M,Whole Haul,3A
2021,SEY,20210829,4069,30,54,60,F,Whole Haul,3A
2021,SEY,20210829,4069,30,54,91,F,Whole Haul,3A
2021,SEY,20210830,4070,31,54,64,M,Whole Haul,3A
2021,SEY,20210830,4070,31,54,67,F,Whole Haul,3A
2021,SEY,20210832,4077,33,54,77,M,Whole Haul,3A
2021,SEY,20210832,4077,33,54,71,M,Whole Haul,3A
2021,SEY,20210833,4082,34,54,60,M,Whole Haul,3A
2021,SEY,20210833,4082,34,54,73,F,Whole Haul,3A
2021,SEY,20210834,4081,35,54,64,M,Whole Haul,3A
2021,SEY,20210834,4081,35,54,65,M,Whole Haul,3A
2021,SEY,20210835,4092,36,54,74,M,Whole Haul,3A
2021,SEY,20210835,4092,36,54,75,F,Whole Haul,3A
2021,SEY,20210836,4083,37,54,71,M,Whole Haul,3A
2021,SEY,20210836,4083,37,54,63,M,Whole Haul,3A
2021,SEY,20210837,4084,38,54,81,F,Whole Haul,3A
2021,SEY,20210837,4084,38,54,82,M,Whole Haul,3A
2021,SEY,20210838,4093,39,54,63,F,Whole Haul,3A
2021,SEY,20210838,4093,39,54,74,F,Whole Haul,3A
2021,SEY,20210839,4520,40,54,76,F,Whole Haul,3A
2021,SEY,20210839,4520,40,54,81,F,Whole Haul,3A
2021,SEY,20210840,4100,41,54,66,M,Whole Haul,3A
2021,SEY,20210840,4100,41,54,73,M,Whole Haul,3A
2021,SEY,20210841,4094,42,54,84,M,Whole Haul,3A
2021,SEY,20210841,4094,42,54,71,M,Whole Haul,3A
2021,SEY,20210843,4086,44,54,83,F,Whole Haul,3A
2021,SEY,20210843,4086,44,54,88,F,Whole Haul,3A
2021,SEY,20210845,4078,46,54,79,F,Whole Haul,3A
2021,SEY,20210845,4078,46,54,70,F,Whole Haul,3A
2021,SEY,20210847,4095,48,54,79,F,Whole Haul,3A
2021,SEY,20210847,4095,48,54,73,F,Whole Haul,3A
2021,SEY,20210848,4101,49,54,79,F,Whole Haul,3A
2021,SEY,20210848,4101,49,54,77,F,Whole Haul,3A
2021,SEY,20210849,4519,50,54,92,F,Whole Haul,3A
2021,SEY,20210849,4519,50,54,72,F,Whole Haul,3A
2021,SEY,20210850,4096,51,54,74,F,Whole Haul,3A
2021,SEY,20210850,4096,51,54,68,F,Whole Haul,3A
2021,SEY,20210851,4097,52,54,77,F,Whole Haul,3A
2021,SEY,20210851,4097,52,54,66,F,Whole Haul,3A
2021,SEY,20210852,4518,53,54,55,M,Whole Haul,3A
2021,SEY,20210852,4518,53,54,69,F,Whole Haul,3A
2021,SEY,20210853,4087,54,54,77,F,Whole Haul,3A
2021,SEY,20210856,4089,57,54,63,F,Whole Haul,3A
2021,SEY,20210856,4089,57,54,64,M,Whole Haul,3A
2021,SEY,20210857,4098,58,54,61,F,Whole Haul,3A
2021,SEY,20210857,4098,58,54,78,M,Whole Haul,3A
2021,SEY,20210858,4099,59,54,70,M,Whole Haul,3A
2021,SEY,20210858,4099,59,54,66,M,Whole Haul,3A
2021,SEY,20210859,4090,60,54,67,M,Whole Haul,3A
2021,SEY,20210859,4090,60,54,86,F,Whole Haul,3A
2021,SEY,20210860,4091,61,54,77,F,Whole Haul,3A
2021,SEY,20210860,4091,61,54,66,M,Whole Haul,3A
2021,STW,20210861,4194,64,54,66,F,Whole Haul,3A
2021,STW,20210861,4194,64,54,80,F,Whole Haul,3A
2021,STW,20210862,4193,65,54,68,F,Whole Haul,3A
2021,STW,20210862,4193,65,54,80,F,Whole Haul,3A
2021,STW,20210863,4188,66,54,69,M,Whole Haul,3A
2021,STW,20210863,4188,66,54,63,F,Whole Haul,3A
2021,STW,20210863,4188,66,54,68,F,Whole Haul,3A
2021,STW,20210864,4189,67,54,69,F,Whole Haul,3A
2021,STW,20210864,4189,67,54,71,F,Whole Haul,3A
2021,STW,20210865,4182,68,54,87,F,Whole Haul,3A
2021,STW,20210865,4182,68,54,67,F,Whole Haul,3A
2021,STW,20210866,4175,69,54,70,F,Whole Haul,3A
2021,STW,20210866,4175,69,54,63,F,Whole Haul,3A
2021,STW,20210867,4166,70,54,78,F,Whole Haul,3A
2021,STW,20210867,4166,70,54,76,F,Whole Haul,3A
2021,STW,20210868,4172,71,54,67,F,Whole Haul,3A
2021,STW,20210868,4172,71,54,75,F,Whole Haul,3A
2021,STW,20210869,4173,72,54,75,F,Whole Haul,3A
2021,STW,20210869,4173,72,54,69,F,Whole Haul,3A
2021,STW,20210870,4181,73,54,73,F,Whole Haul,3A
2021,STW,20210870,4181,73,54,68,F,Whole Haul,3A
2021,STW,20210871,4187,74,54,67,F,Whole Haul,3A
2021,STW,20210871,4187,74,54,66,F,Whole Haul,3A
2021,STW,20210872,4192,75,54,64,F,Whole Haul,3A
2021,STW,20210872,4192,75,54,71,F,Whole Haul,3A
2021,STW,20210873,4186,76,54,60,F,Whole Haul,3A
2021,STW,20210873,4186,76,54,64,M,Whole Haul,3A
2021,STW,20210874,4185,77,54,65,F,Whole Haul,3A
2021,STW,20210874,4185,77,54,78,F,Whole Haul,3A
2021,STW,20210874,4185,77,54,66,F,Whole Haul,3A
2021,STW,20210876,4118,79,54,66,M,Whole Haul,3A
2021,STW,20210876,4118,79,54,62,M,Whole Haul,3A
2021,STW,20210877,4117,80,54,69,F,Whole Haul,3A
2021,STW,20210877,4117,80,54,63,F,Whole Haul,3A
2021,STW,20210878,4124,81,54,69,M,Whole Haul,3A
2021,STW,20210878,4124,81,54,77,M,Whole Haul,3A
2021,STW,20210879,4131,82,54,69,M,Whole Haul,3A
2021,STW,20210879,4131,82,54,79,F,Whole Haul,3A
2021,STW,20210880,4130,83,54,63,NULL,Whole Haul,3A
2021,STW,20210880,4130,83,54,66,F,Whole Haul,3A
2021,STW,20210881,4532,84,54,72,F,Whole Haul,3A
2021,STW,20210884,4533,87,54,67,M,Whole Haul,3A
2021,STW,20210884,4533,87,54,62,M,Whole Haul,3A
2021,STW,20210885,4129,88,54,65,M,Whole Haul,3A
2021,STW,20210885,4129,88,54,63,M,Whole Haul,3A
2021,STW,20210886,4128,89,54,62,F,Whole Haul,3A
2021,STW,20210886,4128,89,54,67,F,Whole Haul,3A
2021,STW,20210887,4531,90,54,66,M,Whole Haul,3A
2021,STW,20210887,4531,90,54,67,M,Whole Haul,3A
2021,STW,20210888,4120,91,54,66,M,Whole Haul,3A
2021,STW,20210888,4120,91,54,60,M,Whole Haul,3A
2021,STW,20210889,4121,92,54,57,M,Whole Haul,3A
2021,STW,20210889,4121,92,54,67,M,Whole Haul,3A
2021,STW,20210890,4122,93,54,82,F,Whole Haul,3A
2021,STW,20210890,4122,93,54,63,M,Whole Haul,3A
2021,STW,20210891,4123,94,54,91,F,Whole Haul,3A
2021,STW,20210891,4123,94,54,63,M,Whole Haul,3A
2021,STW,20210892,4116,95,54,69,M,Whole Haul,3A
2021,STW,20210892,4116,95,54,64,M,Whole Haul,3A
2021,PRE,20210061,4326,1,54,102,F,Whole Haul,3A
2021,PRE,20210061,4326,1,54,104,F,Whole Haul,3A
2021,PRE,20210062,4327,2,54,104,F,Whole Haul,3A
2021,PRE,20210062,4327,2,54,103,NULL,Whole Haul,3A
2021,PRE,20210063,4329,3,54,99,F,Whole Haul,3A
2021,PRE,20210063,4329,3,54,108,F,Whole Haul,3A
2021,PRE,20210064,4325,4,54,94,F,Whole Haul,3A
2021,PRE,20210064,4325,4,54,77,M,Whole Haul,3A
2021,PRE,20210065,4320,5,54,80,M,Whole Haul,3A
2021,PRE,20210065,4320,5,54,95,F,Whole Haul,3A
2021,PRE,20210066,4316,6,54,92,F,Whole Haul,3A
2021,PRE,20210066,4316,6,54,101,F,Whole Haul,3A
2021,PRE,20210067,4321,7,54,86,M,Whole Haul,3A
2021,PRE,20210067,4321,7,54,86,F,Whole Haul,3A
2021,PRE,20210068,4322,8,54,94,F,Whole Haul,3A
2021,PRE,20210068,4322,8,54,94,F,Whole Haul,3A
2021,PRE,20210069,4324,9,54,97,F,Whole Haul,3A
2021,PRE,20210069,4324,9,54,77,M,Whole Haul,3A
2021,PRE,20210070,4323,10,54,77,M,Whole Haul,3A
2021,PRE,20210070,4323,10,54,88,F,Whole Haul,3A
2021,PRE,20210071,4317,11,54,85,F,Whole Haul,3A
2021,PRE,20210071,4317,11,54,77,M,Whole Haul,3A
2021,KSU,20210072,4243,1,54,62,F,Whole Haul,3A
2021,KSU,20210072,4243,1,54,76,F,Whole Haul,3A
2021,KSU,20210073,4240,2,54,90,F,Whole Haul,3A
2021,KSU,20210073,4240,2,54,72,F,Whole Haul,3A
2021,KSU,20210075,4242,4,54,66,F,Whole Haul,3A
2021,KSU,20210075,4242,4,54,79,F,Whole Haul,3A
2021,KSU,20210077,4245,6,54,71,M,Whole Haul,3A
2021,KSU,20210077,4245,6,54,63,M,Whole Haul,3A
2021,KSU,20210079,4259,8,54,90,F,Whole Haul,3A
2021,KSU,20210080,4198,9,54,70,M,Whole Haul,3A
2021,KSU,20210080,4198,9,54,76,F,Whole Haul,3A
2021,KSU,20210081,4199,10,54,60,M,Whole Haul,3A
2021,KSU,20210081,4199,10,54,64,F,Whole Haul,3A
2021,KSU,20210082,4204,11,54,74,F,Whole Haul,3A
2021,KSU,20210082,4204,11,54,72,F,Whole Haul,3A
2021,KSU,20210083,4269,12,54,64,F,Whole Haul,3A
2021,KSU,20210083,4269,12,54,62,F,Whole Haul,3A
2021,KSU,20210084,4205,13,54,78,F,Whole Haul,3A
2021,KSU,20210084,4205,13,54,61,M,Whole Haul,3A
2021,KSU,20210085,4206,14,54,64,F,Whole Haul,3A
2021,KSU,20210085,4206,14,54,60,M,Whole Haul,3A
2021,KSU,20210086,4217,15,54,68,F,Whole Haul,3A
2021,KSU,20210086,4217,15,54,79,F,Whole Haul,3A
2021,KSU,20210087,4211,16,54,77,F,Whole Haul,3A
2021,KSU,20210087,4211,16,54,62,F,Whole Haul,3A
2021,KSU,20210088,4212,17,54,75,F,Whole Haul,3A
2021,KSU,20210088,4212,17,54,66,M,Whole Haul,3A
2021,KSU,20210089,4235,18,54,76,F,Whole Haul,3A
2021,KSU,20210089,4235,18,54,75,F,Whole Haul,3A
2021,KSU,20210090,4236,19,54,63,F,Whole Haul,3A
2021,KSU,20210090,4236,19,54,59,M,Whole Haul,3A
2021,KSU,20210091,4231,20,54,74,F,Whole Haul,3A
2021,KSU,20210091,4231,20,54,66,F,Whole Haul,3A
2021,KSU,20210092,4225,21,54,55,F,Whole Haul,3A
2021,KSU,20210092,4225,21,54,75,F,Whole Haul,3A
2021,KSU,20210093,4226,22,54,71,F,Whole Haul,3A
2021,KSU,20210093,4226,22,54,64,M,Whole Haul,3A
2021,KSU,20210094,4232,23,54,61,F,Whole Haul,3A
2021,KSU,20210094,4232,23,54,59,M,Whole Haul,3A
2021,KSU,20210096,4551,25,54,75,F,Whole Haul,3A
2021,KSU,20210097,4237,26,54,80,F,Whole Haul,3A
2021,KSU,20210097,4237,26,54,74,F,Whole Haul,3A
2021,KSU,20210098,4228,27,54,51,M,Whole Haul,3A
2021,KSU,20210098,4228,27,54,62,F,Whole Haul,3A
2021,KSU,20210099,4227,28,54,76,F,Whole Haul,3A
2021,KSU,20210099,4227,28,54,77,F,Whole Haul,3A
2021,KSU,20210100,4233,29,54,59,F,Whole Haul,3A
2021,KSU,20210100,4233,29,54,70,F,Whole Haul,3A
2021,KSU,20210101,4555,30,54,71,F,Whole Haul,3A
2021,KSU,20210101,4555,30,54,65,M,Whole Haul,3A
2021,KSU,20210102,4283,31,54,58,M,Whole Haul,3A
2021,KSU,20210102,4283,31,54,60,F,Whole Haul,3A
2021,KSU,20210104,4234,33,54,66,F,Whole Haul,3A
2021,KSU,20210104,4234,33,54,63,F,Whole Haul,3A
2021,KSU,20210105,4550,34,54,82,F,Whole Haul,3A
2021,KSU,20210105,4550,34,54,80,F,Whole Haul,3A
2021,KSU,20210106,4238,35,54,66,F,Whole Haul,3A
2021,KSU,20210106,4238,35,54,77,F,Whole Haul,3A
2021,BDP,20210224,4013,17,54,91,F,Whole Haul,3A
2021,BDP,20210224,4013,17,54,78,F,Whole Haul,3A
2021,BDP,20210224,4013,17,54,88,F,Whole Haul,3A
2021,BDP,20210224,4013,17,54,69,M,Whole Haul,3A
2021,BDP,20210224,4013,17,54,66,M,Whole Haul,3A
2021,BDP,20210224,4013,17,54,77,F,Whole Haul,3A
2021,BDP,20210225,4014,18,54,84,F,Whole Haul,3A
2021,BDP,20210225,4014,18,54,68,M,Whole Haul,3A
2021,BDP,20210225,4014,18,54,70,F,Whole Haul,3A
2021,BDP,20210225,4014,18,54,62,M,Whole Haul,3A
2021,BDP,20210225,4014,18,54,85,M,Whole Haul,3A
2021,BDP,20210226,4021,19,54,82,F,Whole Haul,3A
2021,BDP,20210226,4021,19,54,66,M,Whole Haul,3A
2021,BDP,20210227,4024,20,54,86,F,Whole Haul,3A
2021,BDP,20210227,4024,20,54,66,M,Whole Haul,3A
2021,BDP,20210228,4023,21,54,70,F,Whole Haul,3A
2021,BDP,20210228,4023,21,54,69,M,Whole Haul,3A
2021,BDP,20210229,4029,22,54,83,F,Whole Haul,3A
2021,BDP,20210229,4029,22,54,71,F,Whole Haul,3A
2021,BDP,20210230,4025,23,54,87,F,Whole Haul,3A
2021,BDP,20210230,4025,23,54,93,F,Whole Haul,3A
2021,BDP,20210231,4031,24,54,69,M,Whole Haul,3A
2021,BDP,20210231,4031,24,54,70,M,Whole Haul,3A
2021,BDP,20210232,4030,25,54,65,M,Whole Haul,3A
2021,BDP,20210232,4030,25,54,68,M,Whole Haul,3A
2021,BDP,20210233,4027,26,54,67,M,Whole Haul,3A
2021,BDP,20210233,4027,26,54,87,F,Whole Haul,3A
2021,BDP,20210234,4033,27,54,69,M,Whole Haul,3A
2021,BDP,20210234,4033,27,54,75,F,Whole Haul,3A
2021,BDP,20210235,4032,28,54,59,F,Whole Haul,3A
2021,BDP,20210235,4032,28,54,68,M,Whole Haul,3A
2021,BDP,20210236,4035,29,54,84,F,Whole Haul,3A
2021,BDP,20210236,4035,29,54,68,M,Whole Haul,3A
2021,BDP,20210237,4034,30,54,85,F,Whole Haul,3A
2021,BDP,20210237,4034,30,54,74,F,Whole Haul,3A
2021,BDP,20210238,4028,31,54,69,M,Whole Haul,3A
2021,BDP,20210238,4028,31,54,69,M,Whole Haul,3A
2021,BDP,20210239,4043,32,54,80,F,Whole Haul,3A
2021,BDP,20210239,4043,32,54,64,F,Whole Haul,3A
2021,BDP,20210240,4037,33,54,67,F,Whole Haul,3A
2021,BDP,20210240,4037,33,54,75,F,Whole Haul,3A
2021,BDP,20210241,4036,34,54,61,F,Whole Haul,3A
2021,BDP,20210241,4036,34,54,83,F,Whole Haul,3A
2021,BDP,20210242,4044,35,54,59,F,Whole Haul,3A
2021,BDP,20210242,4044,35,54,70,M,Whole Haul,3A
2021,BDP,20210243,4038,36,54,77,F,Whole Haul,3A
2021,BDP,20210243,4038,36,54,65,F,Whole Haul,3A
2021,BDP,20210244,4039,37,54,81,F,Whole Haul,3A
2021,BDP,20210244,4039,37,54,88,F,Whole Haul,3A
2021,PRE,20210245,4318,12,54,88,F,Whole Haul,3A
2021,PRE,20210245,4318,12,54,92,M,Whole Haul,3A
2021,PRE,20210246,4319,13,54,100,F,Whole Haul,3A
2021,PRE,20210246,4319,13,54,99,F,Whole Haul,3A
2021,PRE,20210247,4312,14,54,93,F,Whole Haul,3A
2021,PRE,20210247,4312,14,54,83,M,Whole Haul,3A
2021,PRE,20210248,4313,15,54,80,M,Whole Haul,3A
2021,PRE,20210248,4313,15,54,81,F,Whole Haul,3A
2021,PRE,20210249,4306,16,54,84,F,Whole Haul,3A
2021,PRE,20210249,4306,16,54,98,F,Whole Haul,3A
2021,PRE,20210250,4305,17,54,83,F,Whole Haul,3A
2021,PRE,20210250,4305,17,54,86,M,Whole Haul,3A
2021,PRE,20210252,4586,19,54,96,F,Whole Haul,3A
2021,PRE,20210252,4586,19,54,98,F,Whole Haul,3A
2021,PRE,20210253,4307,20,54,78,M,Whole Haul,3A
2021,PRE,20210254,4308,21,54,82,M,Whole Haul,3A
2021,PRE,20210254,4308,21,54,80,M,Whole Haul,3A
2021,PRE,20210255,4300,22,54,59,M,Whole Haul,3A
2021,PRE,20210255,4300,22,54,81,M,Whole Haul,3A
2021,PRE,20210256,4301,23,54,99,F,Whole Haul,3A
2021,PRE,20210256,4301,23,54,106,F,Whole Haul,3A
2021,PRE,20210257,4294,24,54,105,F,Whole Haul,3A
2021,PRE,20210257,4294,24,54,83,M,Whole Haul,3A
2021,PRE,20210258,4293,25,54,101,F,Whole Haul,3A
2021,PRE,20210258,4293,25,54,93,F,Whole Haul,3A
2021,PRE,20210259,4288,26,54,91,F,Whole Haul,3A
2021,PRE,20210260,4292,27,54,97,F,Whole Haul,3A
2021,PRE,20210260,4292,27,54,114,F,Whole Haul,3A
2021,PRE,20210261,4299,28,54,83,M,Whole Haul,3A
2021,PRE,20210261,4299,28,54,85,F,Whole Haul,3A
2021,PRE,20210262,4298,29,54,98,F,Whole Haul,3A
2021,KSU,20210303,4285,36,54,79,F,Whole Haul,3A
2021,KSU,20210303,4285,36,54,68,F,Whole Haul,3A
2021,KSU,20210304,4284,37,54,79,F,Whole Haul,3A
2021,KSU,20210304,4284,37,54,61,F,Whole Haul,3A
2021,KSU,20210305,4554,38,54,75,F,Whole Haul,3A
2021,KSU,20210306,4281,39,54,59,M,Whole Haul,3A
2021,KSU,20210306,4281,39,54,58,M,Whole Haul,3A
2021,KSU,20210307,4553,40,54,73,F,Whole Haul,3A
2021,KSU,20210307,4553,40,54,72,M,Whole Haul,3A
2021,KSU,20210308,4552,41,54,60,M,Whole Haul,3A
2021,KSU,20210308,4552,41,54,77,F,Whole Haul,3A
2021,KSU,20210309,4278,42,54,68,F,Whole Haul,3A
2021,KSU,20210309,4278,42,54,66,M,Whole Haul,3A
2021,KSU,20210310,4277,43,54,56,F,Whole Haul,3A
2021,KSU,20210310,4277,43,54,51,M,Whole Haul,3A
2021,KSU,20210311,4280,44,54,68,M,Whole Haul,3A
2021,KSU,20210311,4280,44,54,67,F,Whole Haul,3A
2021,KSU,20210312,4279,45,54,58,F,Whole Haul,3A
2021,KSU,20210312,4279,45,54,57,F,Whole Haul,3A
2021,KSU,20210313,4221,46,54,69,M,Whole Haul,3A
2021,KSU,20210313,4221,46,54,70,M,Whole Haul,3A
2021,KSU,20210314,4220,47,54,75,F,Whole Haul,3A
2021,KSU,20210314,4220,47,54,68,F,Whole Haul,3A
2021,KSU,20210315,4219,48,54,65,M,Whole Haul,3A
2021,KSU,20210315,4219,48,54,71,F,Whole Haul,3A
2021,KSU,20210316,4218,49,54,55,F,Whole Haul,3A
2021,KSU,20210316,4218,49,54,61,F,Whole Haul,3A
2021,KSU,20210317,4224,50,54,83,F,Whole Haul,3A
2021,KSU,20210317,4224,50,54,62,F,Whole Haul,3A
2021,KSU,20210318,4223,51,54,59,M,Whole Haul,3A
2021,KSU,20210318,4223,51,54,68,F,Whole Haul,3A
2021,KSU,20210319,4229,52,54,60,F,Whole Haul,3A
2021,KSU,20210319,4229,52,54,57,F,Whole Haul,3A
2021,KSU,20210320,4230,53,54,55,M,Whole Haul,3A
2021,KSU,20210320,4230,53,54,50,F,Whole Haul,3A
2021,PRE,20210321,4311,30,54,90,F,Whole Haul,3A
2021,PRE,20210321,4311,30,54,76,F,Whole Haul,3A
2021,PRE,20210322,4304,31,54,106,F,Whole Haul,3A
2021,PRE,20210322,4304,31,54,104,F,Whole Haul,3A
2021,PRE,20210323,4303,32,54,86,F,Whole Haul,3A
2021,PRE,20210323,4303,32,54,79,F,Whole Haul,3A
2021,PRE,20210325,4286,34,54,85,M,Whole Haul,3A
2021,PRE,20210327,4297,36,54,71,M,Whole Haul,3A
2021,PRE,20210331,4295,40,54,89,F,Whole Haul,3A
2021,PRE,20210331,4295,40,54,79,F,Whole Haul,3A
2021,PRE,20210332,4296,41,54,95,F,Whole Haul,3A
2021,PRE,20210334,4309,43,54,107,F,Whole Haul,3A
2021,PRE,20210334,4309,43,54,80,F,Whole Haul,3A
2021,PRE,20210335,4310,44,54,110,F,Whole Haul,3A
2021,PRE,20210335,4310,44,54,88,F,Whole Haul,3A
2021,PRE,20210338,4589,47,54,80,F,Whole Haul,3A
2021,PRE,20210338,4589,47,54,97,F,Whole Haul,3A
2021,PRE,20210339,4330,48,54,75,M,Whole Haul,3A
2021,PRE,20210339,4330,48,54,75,M,Whole Haul,3A
2021,PRE,20210340,4328,49,54,97,F,Whole Haul,3A
2021,PRE,20210340,4328,49,54,73,F,Whole Haul,3A
2021,BDP,20210341,4050,38,54,81,F,Whole Haul,3A
2021,BDP,20210341,4050,38,54,79,F,Whole Haul,3A
2021,BDP,20210342,4049,39,54,73,F,Whole Haul,3A
2021,BDP,20210342,4049,39,54,81,F,Whole Haul,3A
2021,BDP,20210343,4048,40,54,70,F,Whole Haul,3A
2021,BDP,20210343,4048,40,54,59,M,Whole Haul,3A
2021,BDP,20210344,4045,41,54,73,F,Whole Haul,3A
2021,BDP,20210344,4045,41,54,65,M,Whole Haul,3A
2021,BDP,20210345,4046,42,54,75,F,Whole Haul,3A
2021,BDP,20210345,4046,42,54,81,F,Whole Haul,3A
2021,BDP,20210346,4040,43,54,67,F,Whole Haul,3A
2021,BDP,20210346,4040,43,54,71,F,Whole Haul,3A
2021,BDP,20210347,4042,44,54,66,F,Whole Haul,3A
2021,BDP,20210347,4042,44,54,82,F,Whole Haul,3A
2021,BDP,20210348,4041,45,54,79,F,Whole Haul,3A
2021,BDP,20210348,4041,45,54,70,M,Whole Haul,3A
2021,BDP,20210349,4047,46,54,73,F,Whole Haul,3A
2021,BDP,20210349,4047,46,54,76,F,Whole Haul,3A
2021,BDP,20210350,4020,47,54,70,M,Whole Haul,3A
2021,BDP,20210350,4020,47,54,66,F,Whole Haul,3A
2021,BDP,20210351,4019,48,54,69,M,Whole Haul,3A
2021,BDP,20210351,4019,48,54,86,F,Whole Haul,3A
2021,BDP,20210352,4026,49,54,85,F,Whole Haul,3A
2021,BDP,20210352,4026,49,54,62,M,Whole Haul,3A
2021,BDP,20210353,4017,50,54,61,F,Whole Haul,3A
2021,BDP,20210353,4017,50,54,64,M,Whole Haul,3A
2021,BDP,20210354,4018,51,54,85,F,Whole Haul,3A
2021,BDP,20210354,4018,51,54,94,F,Whole Haul,3A
2021,BDP,20210355,4012,52,54,78,F,Whole Haul,3A
2021,BDP,20210355,4012,52,54,74,F,Whole Haul,3A
2021,BDP,20210356,4011,53,54,79,F,Whole Haul,3A
2021,BDP,20210356,4011,53,54,77,F,Whole Haul,3A
2021,BDP,20210357,4010,54,54,66,M,Whole Haul,3A
2021,BDP,20210357,4010,54,54,63,M,Whole Haul,3A
2021,BDP,20210358,4501,55,54,79,F,Whole Haul,3A
2021,BDP,20210358,4501,55,54,73,F,Whole Haul,3A
2021,DEV,20211090,4364,88,54,66,M,Whole Haul,3A
2021,DEV,20211090,4364,88,54,72,F,Whole Haul,3A
2021,DEV,20211091,4365,89,54,70,F,Whole Haul,3A
2021,DEV,20211091,4365,89,54,59,F,Whole Haul,3A
2021,DEV,20211092,4360,90,54,72,NULL,Whole Haul,3A
2021,DEV,20211092,4360,90,54,78,F,Whole Haul,3A
2021,DEV,20211092,4360,90,54,66,M,Whole Haul,3A
2021,DEV,20211093,4363,91,54,68,M,Whole Haul,3A
2021,DEV,20211093,4363,91,54,74,F,Whole Haul,3A
2021,DEV,20211094,4359,92,54,73,F,Whole Haul,3A
2021,DEV,20211094,4359,92,54,66,M,Whole Haul,3A
2021,DEV,20211095,4358,93,54,67,M,Whole Haul,3A
2021,DEV,20211095,4358,93,54,74,F,Whole Haul,3A
2021,DEV,20211096,4355,94,54,73,F,Whole Haul,3A
2021,DEV,20211096,4355,94,54,64,M,Whole Haul,3A
2021,DEV,20211097,4351,95,54,68,F,Whole Haul,3A
2021,DEV,20211097,4351,95,54,67,M,Whole Haul,3A
2021,DEV,20211098,4352,96,54,73,F,Whole Haul,3A
2021,DEV,20211098,4352,96,54,69,M,Whole Haul,3A
2021,DEV,20211099,4349,97,54,69,M,Whole Haul,3A
2021,DEV,20211099,4349,97,54,64,M,Whole Haul,3A
2021,DEV,20211100,4348,98,54,67,M,Whole Haul,3A
2021,DEV,20211100,4348,98,54,66,M,Whole Haul,3A
2021,DEV,20211101,4345,99,54,70,M,Whole Haul,3A
2021,DEV,20211101,4345,99,54,68,M,Whole Haul,3A
2021,DEV,20211102,4346,100,54,80,M,Whole Haul,3A
2021,DEV,20211102,4346,100,54,78,F,Whole Haul,3A
2021,DEV,20211103,4343,101,54,65,NULL,Whole Haul,3A
2021,DEV,20211103,4343,101,54,68,M,Whole Haul,3A
2021,DEV,20211103,4343,101,54,67,F,Whole Haul,3A
2021,DEV,20211104,4562,102,54,72,M,Whole Haul,3A
2021,DEV,20211104,4562,102,54,68,M,Whole Haul,3A
2021,DEV,20210950,4581,69,54,74,F,Whole Haul,3A
2021,DEV,20210950,4581,69,54,83,F,Whole Haul,3A
2021,DEV,20210951,4579,70,54,75,F,Whole Haul,3A
2021,DEV,20210951,4579,70,54,81,F,Whole Haul,3A
2021,DEV,20210952,4576,71,54,62,F,Whole Haul,3A
2021,DEV,20210952,4576,71,54,75,F,Whole Haul,3A
2021,DEV,20210953,4578,72,54,71,F,Whole Haul,3A
2021,DEV,20210953,4578,72,54,63,M,Whole Haul,3A
2021,DEV,20210954,4375,73,54,70,F,Whole Haul,3A
2021,DEV,20210954,4375,73,54,68,F,Whole Haul,3A
2021,DEV,20210955,4374,74,54,74,F,Whole Haul,3A
2021,DEV,20210955,4374,74,54,75,F,Whole Haul,3A
2021,DEV,20210956,4575,75,54,70,F,Whole Haul,3A
2021,DEV,20210956,4575,75,54,73,F,Whole Haul,3A
2021,DEV,20210957,4571,76,54,67,F,Whole Haul,3A
2021,DEV,20210957,4571,76,54,75,F,Whole Haul,3A
2021,DEV,20210958,4568,77,54,76,F,Whole Haul,3A
2021,DEV,20210958,4568,77,54,74,M,Whole Haul,3A
2021,DEV,20210959,4569,78,54,67,F,Whole Haul,3A
2021,DEV,20210959,4569,78,54,65,F,Whole Haul,3A
2021,DEV,20210960,4369,79,54,59,F,Whole Haul,3A
2021,DEV,20210960,4369,79,54,63,F,Whole Haul,3A
2021,DEV,20210961,4368,80,54,79,F,Whole Haul,3A
2021,DEV,20210961,4368,80,54,79,F,Whole Haul,3A
2021,DEV,20210962,4373,81,54,75,F,Whole Haul,3A
2021,DEV,20210962,4373,81,54,69,F,Whole Haul,3A
2021,DEV,20210963,4372,82,54,80,F,Whole Haul,3A
2021,DEV,20210963,4372,82,54,80,F,Whole Haul,3A
2021,DEV,20210965,4572,84,54,71,F,Whole Haul,3A
2021,DEV,20210965,4572,84,54,72,F,Whole Haul,3A
2021,DEV,20210966,4573,85,54,92,F,Whole Haul,3A
2021,KSU,20210967,4273,88,54,69,M,Whole Haul,3A
2021,KSU,20210967,4273,88,54,74,F,Whole Haul,3A
2021,KSU,20210968,4274,89,54,56,F,Whole Haul,3A
2021,KSU,20210968,4274,89,54,62,F,Whole Haul,3A
2021,KSU,20210969,4266,90,54,62,M,Whole Haul,3A
2021,KSU,20210969,4266,90,54,64,M,Whole Haul,3A
2021,KSU,20210970,4268,91,54,57,F,Whole Haul,3A
2021,KSU,20210970,4268,91,54,57,M,Whole Haul,3A
2021,KSU,20210971,4267,92,54,73,M,Whole Haul,3A
2021,KSU,20210971,4267,92,54,76,M,Whole Haul,3A
2021,KSU,20210972,4258,93,54,61,F,Whole Haul,3A
2021,KSU,20210972,4258,93,54,59,M,Whole Haul,3A
2021,KSU,20210973,4257,94,54,74,M,Whole Haul,3A
2021,KSU,20210973,4257,94,54,78,F,Whole Haul,3A
2021,KSU,20210974,4256,95,54,58,F,Whole Haul,3A
2021,KSU,20210974,4256,95,54,66,M,Whole Haul,3A
2021,KSU,20210975,4265,96,54,72,M,Whole Haul,3A
2021,KSU,20210975,4265,96,54,69,M,Whole Haul,3A
2021,KSU,20210976,4249,97,54,53,F,Whole Haul,3A
2021,KSU,20210976,4249,97,54,74,F,Whole Haul,3A
2021,KSU,20210977,4248,98,54,61,M,Whole Haul,3A
2021,KSU,20210977,4248,98,54,71,M,Whole Haul,3A
2021,KSU,20210978,4255,99,54,75,F,Whole Haul,3A
2021,KSU,20210978,4255,99,54,61,M,Whole Haul,3A
2021,KSU,20210979,4158,100,54,69,M,Whole Haul,3A
2021,KSU,20210979,4158,100,54,66,M,Whole Haul,3A
2021,KSU,20210980,4165,101,54,69,F,Whole Haul,3A
2021,KSU,20210980,4165,101,54,68,F,Whole Haul,3A
2021,KSU,20210981,4166,102,54,57,M,Whole Haul,3A
2021,KSU,20210981,4166,102,54,64,M,Whole Haul,3A
2021,KSU,20210982,4174,103,54,70,M,Whole Haul,3A
2021,KSU,20210982,4174,103,54,68,M,Whole Haul,3A
2021,KSU,20210983,4175,104,54,59,F,Whole Haul,3A
2021,KSU,20210983,4175,104,54,50,F,Whole Haul,3A
2021,KSU,20210984,4547,105,54,66,F,Whole Haul,3A
2021,KSU,20210984,4547,105,54,68,F,Whole Haul,3A
2021,KSU,20210986,4190,107,54,74,F,Whole Haul,3A
2021,KSU,20210986,4190,107,54,74,F,Whole Haul,3A
2021,KSU,20210987,4184,108,54,54,M,Whole Haul,3A
2021,KSU,20210987,4184,108,54,82,F,Whole Haul,3A
2021,KSU,20210988,4185,109,54,69,M,Whole Haul,3A
2021,KSU,20210988,4185,109,54,73,F,Whole Haul,3A
2021,KSU,20210989,4177,110,54,55,M,Whole Haul,3A
2021,KSU,20210989,4177,110,54,58,F,Whole Haul,3A
2021,KSU,20210990,4192,111,54,60,F,Whole Haul,3A
2021,KSU,20210990,4192,111,54,57,M,Whole Haul,3A
2021,KSU,20210991,4191,112,54,81,F,Whole Haul,3A
2021,KSU,20210991,4191,112,54,59,F,Whole Haul,3A
2021,KSU,20210992,4186,113,54,62,M,Whole Haul,3A
2021,KSU,20210992,4186,113,54,85,F,Whole Haul,3A
2021,KSU,20210993,4176,114,54,73,M,Whole Haul,3A
2021,KSU,20210993,4176,114,54,77,F,Whole Haul,3A
2021,KSU,20210994,4168,115,54,62,F,Whole Haul,3A
2021,KSU,20210994,4168,115,54,71,F,Whole Haul,3A
2021,KSU,20210995,4169,116,54,71,F,Whole Haul,3A
2021,KSU,20210995,4169,116,54,76,F,Whole Haul,3A
2021,KSU,20210996,4178,117,54,59,F,Whole Haul,3A
2021,KSU,20210996,4178,117,54,61,M,Whole Haul,3A
2021,KSU,20210997,4170,118,54,66,M,Whole Haul,3A
2021,KSU,20210997,4170,118,54,66,F,Whole Haul,3A
2021,KSU,20210998,4171,119,54,55,M,Whole Haul,3A
2021,KSU,20210998,4171,119,54,57,F,Whole Haul,3A
2021,KSU,20210999,4167,120,54,75,M,Whole Haul,3A
2021,KSU,20210999,4167,120,54,68,M,Whole Haul,3A
2021,KSU,20211001,4160,122,54,57,M,Whole Haul,3A
2021,KSU,20211001,4160,122,54,70,M,Whole Haul,3A
2021,KSU,20211002,4161,123,54,61,F,Whole Haul,3A
2021,KSU,20211009,4151,130,54,68,F,Whole Haul,3A
2021,KSU,20211011,4163,132,54,71,M,Whole Haul,3A
2021,KSU,20211011,4163,132,54,64,F,Whole Haul,3A
2021,KSU,20211012,4162,133,54,52,F,Whole Haul,3A
2021,KSU,20211012,4162,133,54,51,M,Whole Haul,3A
2021,KSU,20211013,4155,134,54,63,F,Whole Haul,3A
2021,KSU,20211014,4156,135,54,46,F,Whole Haul,3A
2021,KSU,20211015,4157,136,54,73,F,Whole Haul,3A
2021,KSU,20211015,4157,136,54,59,M,Whole Haul,3A
2021,KSU,20211017,4194,138,54,64,M,Whole Haul,3A
2021,KSU,20211017,4194,138,54,72,F,Whole Haul,3A
2021,KSU,20211019,4188,140,54,64,F,Whole Haul,3A
2021,KSU,20211019,4188,140,54,78,F,Whole Haul,3A
2021,KSU,20211020,4187,141,54,64,F,Whole Haul,3A
2021,KSU,20211020,4187,141,54,63,M,Whole Haul,3A
2021,KSU,20211021,4179,142,54,62,M,Whole Haul,3A
2021,KSU,20211021,4179,142,54,69,F,Whole Haul,3A
2021,KSU,20211022,4180,143,54,64,M,Whole Haul,3A
2021,KSU,20211022,4180,143,54,65,M,Whole Haul,3A
2021,KSU,20211023,4164,144,54,69,M,Whole Haul,3A
2021,KSU,20211023,4164,144,54,69,F,Whole Haul,3A
2021,KSU,20211024,4172,145,54,65,F,Whole Haul,3A
2021,KSU,20211024,4172,145,54,55,M,Whole Haul,3A
2021,KSU,20211025,4173,146,54,73,M,Whole Haul,3A
2021,KSU,20211025,4173,146,54,77,F,Whole Haul,3A
2021,KSU,20211026,4189,147,54,75,F,Whole Haul,3A
2021,KSU,20211026,4189,147,54,60,M,Whole Haul,3A
2021,KSU,20211027,4181,148,54,63,F,Whole Haul,3A
2021,KSU,20211027,4181,148,54,70,M,Whole Haul,3A
2021,KSU,20211030,4546,151,54,62,F,Whole Haul,3A
2021,KSU,20210473,4222,54,54,59,F,Whole Haul,3A
2021,KSU,20210473,4222,54,54,66,F,Whole Haul,3A
2021,KSU,20210474,4216,55,54,63,F,Whole Haul,3A
2021,KSU,20210474,4216,55,54,60,F,Whole Haul,3A
2021,KSU,20210475,4215,56,54,76,F,Whole Haul,3A
2021,KSU,20210475,4215,56,54,64,M,Whole Haul,3A
2021,KSU,20210477,4207,58,54,65,M,Whole Haul,3A
2021,KSU,20210480,4549,61,54,65,M,Whole Haul,3A
2021,KSU,20210485,4197,66,54,69,M,Whole Haul,3A
2021,KSU,20210486,4202,67,54,83,M,Whole Haul,3A
2021,KSU,20210486,4202,67,54,63,F,Whole Haul,3A
2021,KSU,20210487,4201,68,54,63,M,Whole Haul,3A
2021,KSU,20210487,4201,68,54,78,F,Whole Haul,3A
2021,KSU,20210488,4203,69,54,67,F,Whole Haul,3A
2021,KSU,20210488,4203,69,54,67,F,Whole Haul,3A
2021,KSU,20210489,4210,70,54,61,F,Whole Haul,3A
2021,KSU,20210489,4210,70,54,69,F,Whole Haul,3A
2021,KSU,20210490,4209,71,54,68,F,Whole Haul,3A
2021,KSU,20210491,4213,72,54,70,F,Whole Haul,3A
2021,KSU,20210491,4213,72,54,66,F,Whole Haul,3A
2021,KSU,20210492,4214,73,54,51,F,Whole Haul,3A
2021,KSU,20210492,4214,73,54,69,F,Whole Haul,3A
2021,KSU,20210493,4275,74,54,71,F,Whole Haul,3A
2021,KSU,20210493,4275,74,54,69,F,Whole Haul,3A
2021,KSU,20210494,4270,75,54,61,F,Whole Haul,3A
2021,KSU,20210494,4270,75,54,57,M,Whole Haul,3A
2021,KSU,20210495,4262,76,54,72,M,Whole Haul,3A
2021,KSU,20210495,4262,76,54,70,F,Whole Haul,3A
2021,KSU,20210497,4252,78,54,60,M,Whole Haul,3A
2021,KSU,20210497,4252,78,54,71,F,Whole Haul,3A
2021,KSU,20210498,4247,79,54,82,F,Whole Haul,3A
2021,KSU,20210498,4247,79,54,69,F,Whole Haul,3A
2021,KSU,20210499,4246,80,54,66,M,Whole Haul,3A
2021,KSU,20210499,4246,80,54,75,F,Whole Haul,3A
2021,KSU,20210500,4253,81,54,56,M,Whole Haul,3A
2021,KSU,20210500,4253,81,54,57,M,Whole Haul,3A
2021,KSU,20210501,4254,82,54,69,F,Whole Haul,3A
2021,KSU,20210501,4254,82,54,76,F,Whole Haul,3A
2021,KSU,20210502,4263,83,54,47,F,Whole Haul,3A
2021,KSU,20210502,4263,83,54,59,M,Whole Haul,3A
2021,KSU,20210503,4264,84,54,64,M,Whole Haul,3A
2021,KSU,20210503,4264,84,54,71,F,Whole Haul,3A
2021,KSU,20210504,4271,85,54,55,F,Whole Haul,3A
2021,KSU,20210504,4271,85,54,56,M,Whole Haul,3A
2021,KSU,20210505,4272,86,54,86,F,Whole Haul,3A
2021,KSU,20210505,4272,86,54,68,M,Whole Haul,3A
2021,KSU,20210506,4276,87,54,57,M,Whole Haul,3A
2021,KSU,20210506,4276,87,54,59,M,Whole Haul,3A
2021,DEV,20210730,4560,43,54,75,M,Whole Haul,3A
2021,DEV,20210730,4560,43,54,69,M,Whole Haul,3A
2021,DEV,20210731,4561,44,54,70,F,Whole Haul,3A
2021,DEV,20210731,4561,44,54,69,M,Whole Haul,3A
2021,DEV,20210732,4336,45,54,83,F,Whole Haul,3A
2021,DEV,20210733,4332,46,54,70,F,Sub-Sample,3A
2021,DEV,20210734,4556,47,54,69,F,Whole Haul,3A
2021,DEV,20210734,4556,47,54,74,F,Whole Haul,3A
2021,DEV,20210734,4556,47,54,76,F,Whole Haul,3A
2021,DEV,20210735,4557,48,54,72,M,Sub-Sample,3A
2021,DEV,20210735,4557,48,54,80,F,Sub-Sample,3A
2021,DEV,20210736,4558,49,54,72,M,Whole Haul,3A
2021,DEV,20210736,4558,49,54,63,M,Whole Haul,3A
2021,DEV,20210737,4335,50,54,77,F,Whole Haul,3A
2021,DEV,20210737,4335,50,54,78,F,Whole Haul,3A
2021,DEV,20210738,4340,51,54,72,F,Whole Haul,3A
2021,DEV,20210738,4340,51,54,77,F,Whole Haul,3A
2021,DEV,20210739,4339,52,54,74,F,Whole Haul,3A
2021,DEV,20210739,4339,52,54,70,F,Whole Haul,3A
2021,DEV,20210740,4338,53,54,67,F,Whole Haul,3A
2021,DEV,20210740,4338,53,54,66,M,Whole Haul,3A
2021,DEV,20210741,4344,54,54,70,F,Whole Haul,3A
2021,DEV,20210741,4344,54,54,74,F,Whole Haul,3A
2021,DEV,20210742,4342,55,54,72,M,Whole Haul,3A
2021,DEV,20210742,4342,55,54,71,F,Whole Haul,3A
2021,DEV,20210743,4341,56,54,73,M,Whole Haul,3A
2021,DEV,20210743,4341,56,54,76,F,Whole Haul,3A
2021,DEV,20210744,4563,57,54,78,M,Whole Haul,3A
2021,DEV,20210744,4563,57,54,78,F,Whole Haul,3A
2021,DEV,20210745,4347,58,54,76,F,Whole Haul,3A
2021,DEV,20210746,4564,59,54,77,F,Whole Haul,3A
2021,DEV,20210746,4564,59,54,84,F,Whole Haul,3A
2021,DEV,20210748,4354,61,54,86,F,Whole Haul,3A
2021,DEV,20210748,4354,61,54,74,M,Whole Haul,3A
2021,DEV,20210749,4353,62,54,68,M,Whole Haul,3A
2021,DEV,20210749,4353,62,54,76,F,Whole Haul,3A
2021,DEV,20210750,4357,63,54,92,F,Whole Haul,3A
2021,DEV,20210750,4357,63,54,71,M,Whole Haul,3A
2021,DEV,20210751,4356,64,54,69,F,Whole Haul,3A
2021,DEV,20210751,4356,64,54,83,F,Whole Haul,3A
2021,DEV,20210752,4361,65,54,76,F,Whole Haul,3A
2021,DEV,20210752,4361,65,54,66,F,Whole Haul,3A
2021,DEV,20210753,4366,66,54,67,F,Whole Haul,3A
2021,DEV,20210753,4366,66,54,82,F,Whole Haul,3A
2021,DEV,20210754,4367,67,54,71,M,Whole Haul,3A
2021,DEV,20210754,4367,67,54,69,M,Whole Haul,3A
2021,DEV,20210755,4362,68,54,66,F,Whole Haul,3A
2021,DEV,20210755,4362,68,54,64,F,Whole Haul,3A
2021,STW,20211214,4537,96,54,66,M,Whole Haul,3A
2021,STW,20211214,4537,96,54,62,M,Whole Haul,3A
2021,STW,20211215,4134,97,54,60,F,Whole Haul,3A
2021,STW,20211215,4134,97,54,65,M,Whole Haul,3A
2021,STW,20211216,4133,98,54,62,M,Whole Haul,3A
2021,STW,20211216,4133,98,54,62,M,Whole Haul,3A
2021,STW,20211217,4132,99,54,67,M,Whole Haul,3A
2021,STW,20211217,4132,99,54,66,M,Whole Haul,3A
2021,STW,20211218,4530,100,54,67,F,Whole Haul,3A
2021,STW,20211218,4530,100,54,65,F,Whole Haul,3A
2021,STW,20211219,4127,101,54,76,F,Whole Haul,3A
2021,STW,20211219,4127,101,54,68,M,Whole Haul,3A
2021,STW,20211220,4534,102,54,73,M,Whole Haul,3A
2021,STW,20211220,4534,102,54,67,M,Whole Haul,3A
2021,STW,20211221,4126,103,54,70,M,Whole Haul,3A
2021,STW,20211221,4126,103,54,67,F,Whole Haul,3A
2021,STW,20211222,4125,104,54,84,F,Whole Haul,3A
2021,STW,20211224,4119,106,54,58,M,Whole Haul,3A
2021,STW,20211224,4119,106,54,61,F,Whole Haul,3A
2021,STW,20211225,4525,107,54,67,M,Whole Haul,3A
2021,STW,20211225,4525,107,54,67,M,Whole Haul,3A
2021,STW,20211226,4526,108,54,83,F,Whole Haul,3A
2021,STW,20211226,4526,108,54,67,M,Whole Haul,3A
2021,STW,20211227,4527,109,54,71,F,Whole Haul,3A
2021,STW,20211227,4527,109,54,68,F,Whole Haul,3A
2021,STW,20211228,4528,110,54,68,M,Whole Haul,3A
2021,STW,20211228,4528,110,54,59,F,Whole Haul,3A
2021,STW,20211230,4135,112,54,68,M,Whole Haul,3A
2021,STW,20211230,4135,112,54,82,F,Whole Haul,3A
2021,STW,20211233,4140,115,54,71,M,Whole Haul,3A
2021,STW,20211237,4145,119,54,77,F,Whole Haul,3A
2021,STW,20211243,4106,125,54,73,M,Whole Haul,3A
2021,STW,20211243,4106,125,54,73,M,Whole Haul,3A
2021,STW,20211244,4522,126,54,72,M,Whole Haul,3A
2021,STW,20211245,4112,127,54,70,M,Whole Haul,3A
2021,STW,20211245,4112,127,54,75,F,Whole Haul,3A
2021,STW,20211247,4107,129,54,62,M,Whole Haul,3A
2021,STW,20211248,4524,130,54,76,F,Whole Haul,3A
2021,STW,20211248,4524,130,54,69,M,Whole Haul,3A
2021,STW,20211249,4102,131,54,69,M,Whole Haul,3A
2021,STW,20211249,4102,131,54,69,M,Whole Haul,3A
2021,STW,20211250,4103,132,54,67,M,Whole Haul,3A
2021,STW,20211250,4103,132,54,71,M,Whole Haul,3A
2021,STW,20211251,4104,133,54,68,M,Whole Haul,3A
2021,STW,20211251,4104,133,54,83,F,Whole Haul,3A
2021,STW,20211252,4109,134,54,70,M,Whole Haul,3A
2021,STW,20211252,4109,134,54,70,M,Whole Haul,3A
2021,STW,20211253,4138,135,54,73,F,Whole Haul,3A
2021,STW,20211253,4138,135,54,70,M,Whole Haul,3A
2021,STW,20211255,4539,137,54,67,F,Whole Haul,3A
2021,STW,20211258,4114,140,54,71,M,Whole Haul,3A
2021,STW,20211258,4114,140,54,86,F,Whole Haul,3A
2021,STW,20211259,4115,141,54,70,F,Whole Haul,3A
2021,STW,20211259,4115,141,54,72,NULL,Whole Haul,3A
2021,STW,20211260,4108,142,54,75,M,Whole Haul,3A
2021,STW,20211260,4108,142,54,69,M,Whole Haul,3A
2021,STW,20211261,4105,143,54,75,M,Whole Haul,3A
2021,STW,20211261,4105,143,54,66,M,Whole Haul,3A
2021,STW,20211262,4110,144,54,74,M,Whole Haul,3A
2021,STW,20211262,4110,144,54,65,M,Whole Haul,3A
2021,STW,20211263,4111,145,54,70,M,Whole Haul,3A
2021,STW,20211263,4111,145,54,65,M,Whole Haul,3A
2021,STW,20211267,4546,149,54,70,F,Whole Haul,3A
2021,STW,20211267,4546,149,54,79,F,Whole Haul,3A
2021,STW,20211268,4174,150,54,72,M,Whole Haul,3A
2021,STW,20211268,4174,150,54,62,F,Whole Haul,3A
2021,STW,20211269,4157,151,54,65,M,Whole Haul,3A
2021,STW,20211269,4157,151,54,69,M,Whole Haul,3A
2021,STW,20211270,4158,152,54,66,M,Whole Haul,3A
2021,STW,20211270,4158,152,54,70,M,Whole Haul,3A
2021,STW,20211271,4165,153,54,73,M,Whole Haul,3A
2021,STW,20211271,4165,153,54,63,F,Whole Haul,3A
2021,STW,20211272,4148,154,54,65,M,Whole Haul,3A
2021,STW,20211272,4148,154,54,77,M,Whole Haul,3A
2021,STW,20211273,4151,155,54,69,M,Whole Haul,3A
2021,STW,20211273,4151,155,54,75,M,Whole Haul,3A
2021,STW,20211274,4150,156,54,72,M,Whole Haul,3A
2021,STW,20211275,4156,157,54,68,M,Whole Haul,3A
2021,STW,20211275,4156,157,54,67,M,Whole Haul,3A
2021,STW,20211276,4155,158,54,67,M,Whole Haul,3A
2021,STW,20211277,4162,159,54,72,M,Whole Haul,3A
2021,STW,20211277,4162,159,54,65,M,Whole Haul,3A
2021,STW,20211278,4171,160,54,66,M,Whole Haul,3A
2021,STW,20211278,4171,160,54,79,F,Whole Haul,3A
2021,STW,20211279,4179,161,54,67,M,Whole Haul,3A
2021,STW,20211279,4179,161,54,76,F,Whole Haul,3A
2021,STW,20211280,4180,162,54,75,F,Whole Haul,3A
2021,STW,20211280,4180,162,54,74,F,Whole Haul,3A
2021,STW,20211281,4547,163,54,85,F,Whole Haul,3A
2021,STW,20211281,4547,163,54,82,F,Whole Haul,3A
2021,STW,20211282,4191,164,54,63,M,Whole Haul,3A
2021,STW,20211282,4191,164,54,77,F,Whole Haul,3A
2021,STW,20211283,4190,165,54,84,F,Whole Haul,3A
2021,STW,20211283,4190,165,54,85,F,Whole Haul,3A
2021,STW,20211284,4169,166,54,73,M,Whole Haul,3A
2021,STW,20211284,4169,166,54,69,M,Whole Haul,3A
2021,STW,20211285,4177,167,54,70,M,Whole Haul,3A
2021,STW,20211285,4177,167,54,74,F,Whole Haul,3A
2021,STW,20211286,4178,168,54,70,F,Whole Haul,3A
2021,STW,20211286,4178,168,54,77,F,Whole Haul,3A
2021,POL,20210765,5101,10,54,71,M,Whole Haul,3B
2021,ALL,20210370,5228,44,54,92,F,Whole Haul,3B
2021,ALL,20210371,5222,45,54,108,F,Whole Haul,3B
2021,ALL,20210201,5151,12,54,95,F,Whole Haul,3B
2021,ALL,20210203,5532,14,54,86,F,Whole Haul,3B
2021,ALL,20210213,5552,24,54,101,F,Whole Haul,3B
2021,ALL,20210213,5552,24,54,75,M,Whole Haul,3B
2021,ALL,20210461,5512,59,54,68,M,Whole Haul,3B
2021,ALL,20210461,5512,59,54,74,F,Whole Haul,3B
2021,ALL,20210462,5510,60,54,77,F,Whole Haul,3B
2021,ALL,20210462,5510,60,54,69,M,Whole Haul,3B
2021,ALL,20210464,5046,62,54,84,F,Whole Haul,3B
2021,ALL,20210472,5037,70,54,81,F,Whole Haul,3B
2021,ALL,20210472,5037,70,54,86,F,Whole Haul,3B
2021,ALL,20210472,5037,70,54,90,F,Whole Haul,3B
2021,ALL,20210472,5037,70,54,81,M,Whole Haul,3B
2021,ALL,20210472,5037,70,54,74,F,Whole Haul,3B
2021,ALL,20210651,5505,78,54,78,F,Whole Haul,3B
2021,ALL,20210651,5505,78,54,80,F,Whole Haul,3B
2021,ALL,20210651,5505,78,54,67,M,Whole Haul,3B
2021,ALL,20210651,5505,78,54,73,M,Whole Haul,3B
2021,ALL,20210651,5505,78,54,102,F,Whole Haul,3B
2021,ALL,20210651,5505,78,54,73,M,Whole Haul,3B
2021,ALL,20210651,5505,78,54,80,F,Whole Haul,3B
2021,ALL,20210651,5505,78,54,74,F,Whole Haul,3B
2021,ALL,20210651,5505,78,54,79,F,Whole Haul,3B
2021,ALL,20210651,5505,78,54,74,F,Whole Haul,3B
2021,ALL,20210651,5505,78,54,75,M,Whole Haul,3B
2021,ALL,20210651,5505,78,54,71,M,Whole Haul,3B
2021,ALL,20210651,5505,78,54,70,M,Whole Haul,3B
2021,ALL,20210651,5505,78,54,79,F,Whole Haul,3B
2021,ALL,20210651,5505,78,54,70,M,Whole Haul,3B
2021,ALL,20210651,5505,78,54,70,M,Whole Haul,3B
2021,ALL,20210651,5505,78,54,87,F,Whole Haul,3B
2021,ALL,20210651,5505,78,54,75,M,Whole Haul,3B
2021,ALL,20210651,5505,78,54,69,F,Whole Haul,3B
2021,ALL,20210651,5505,78,54,77,M,Whole Haul,3B
2021,ALL,20210651,5505,78,54,79,F,Whole Haul,3B
2021,ALL,20210651,5505,78,54,72,F,Whole Haul,3B
2021,ALL,20210651,5505,78,54,78,F,Whole Haul,3B
2021,ALL,20210651,5505,78,54,92,F,Whole Haul,3B
2021,ALL,20210651,5505,78,54,94,F,Whole Haul,3B
2021,ALL,20210651,5505,78,54,76,F,Whole Haul,3B
2021,ALL,20210651,5505,78,54,89,F,Whole Haul,3B
2021,ALL,20210651,5505,78,54,72,F,Whole Haul,3B
2021,ALL,20210651,5505,78,54,91,F,Whole Haul,3B
2021,ALL,20210651,5505,78,54,70,M,Whole Haul,3B
2021,ALL,20210651,5505,78,54,73,M,Whole Haul,3B
2021,ALL,20210651,5505,78,54,71,F,Whole Haul,3B
2021,ALL,20210651,5505,78,54,70,M,Whole Haul,3B
2021,ALL,20210651,5505,78,54,79,F,Whole Haul,3B
2021,ALL,20210651,5505,78,54,75,M,Whole Haul,3B
2021,ALL,20210651,5505,78,54,74,M,Whole Haul,3B
2021,ALL,20210651,5505,78,54,97,F,Whole Haul,3B
2021,ALL,20210651,5505,78,54,71,F,Whole Haul,3B
2021,ALL,20210651,5505,78,54,70,M,Whole Haul,3B
2021,ALL,20210651,5505,78,54,83,F,Whole Haul,3B
2021,ALL,20210651,5505,78,54,88,F,Whole Haul,3B
2021,ALL,20210651,5505,78,54,63,F,Whole Haul,3B
2021,ALL,20210651,5505,78,54,74,M,Whole Haul,3B
2021,ALL,20210651,5505,78,54,74,M,Whole Haul,3B
2021,ALL,20210651,5505,78,54,77,M,Whole Haul,3B
2021,ALL,20210651,5505,78,54,87,F,Whole Haul,3B
2021,ALL,20210651,5505,78,54,77,NULL,Whole Haul,3B
2021,ALL,20210651,5505,78,54,82,F,Whole Haul,3B
2021,ALL,20210651,5505,78,54,68,M,Whole Haul,3B
2021,ALL,20210651,5505,78,54,77,F,Whole Haul,3B
2021,ALL,20210651,5505,78,54,84,F,Whole Haul,3B
2021,ALL,20210651,5505,78,54,87,F,Whole Haul,3B
2021,ALL,20210651,5505,78,54,72,M,Whole Haul,3B
2021,ALL,20210651,5505,78,54,81,M,Whole Haul,3B
2021,ALL,20210651,5505,78,54,69,M,Whole Haul,3B
2021,ALL,20210651,5505,78,54,76,F,Whole Haul,3B
2021,ALL,20210651,5505,78,54,87,F,Whole Haul,3B
2021,ALL,20210651,5505,78,54,70,M,Whole Haul,3B
2021,ALL,20210651,5505,78,54,68,M,Whole Haul,3B
2021,ALL,20210651,5505,78,54,87,F,Whole Haul,3B
2021,ALL,20210651,5505,78,54,74,F,Whole Haul,3B
2021,ALL,20210651,5505,78,54,76,F,Whole Haul,3B
2021,ALL,20210651,5505,78,54,72,M,Whole Haul,3B
2021,ALL,20210651,5505,78,54,81,F,Whole Haul,3B
2021,ALL,20210651,5505,78,54,81,M,Whole Haul,3B
2021,ALL,20210651,5505,78,54,71,M,Whole Haul,3B
2021,ALL,20210651,5505,78,54,87,F,Whole Haul,3B
2021,ALL,20210651,5505,78,54,89,F,Whole Haul,3B
2021,ALL,20210651,5505,78,54,90,F,Whole Haul,3B
2021,ALL,20210651,5505,78,54,70,M,Whole Haul,3B
2021,ALL,20210651,5505,78,54,80,F,Whole Haul,3B
2021,ALL,20210651,5505,78,54,69,M,Whole Haul,3B
2021,ALL,20210651,5505,78,54,94,F,Whole Haul,3B
2021,ALL,20210651,5505,78,54,75,M,Whole Haul,3B
2021,ALL,20210651,5505,78,54,83,F,Whole Haul,3B
2021,ALL,20210651,5505,78,54,90,F,Whole Haul,3B
2021,ALL,20210651,5505,78,54,86,F,Whole Haul,3B
2021,ALL,20210651,5505,78,54,67,M,Whole Haul,3B
2021,ALL,20210651,5505,78,54,70,M,Whole Haul,3B
2021,ALL,20210651,5505,78,54,71,M,Whole Haul,3B
2021,ALL,20210651,5505,78,54,83,F,Whole Haul,3B
2021,ALL,20210651,5505,78,54,98,F,Whole Haul,3B
2021,ALL,20210651,5505,78,54,76,F,Whole Haul,3B
2021,ALL,20210651,5505,78,54,93,F,Whole Haul,3B
2021,ALL,20210651,5505,78,54,94,F,Whole Haul,3B
2021,ALL,20210651,5505,78,54,76,F,Whole Haul,3B
2021,ALL,20210651,5505,78,54,85,F,Whole Haul,3B
2021,ALL,20210651,5505,78,54,76,M,Whole Haul,3B
2021,ALL,20210651,5505,78,54,74,F,Whole Haul,3B
2021,ALL,20210651,5505,78,54,75,M,Whole Haul,3B
2021,ALL,20210651,5505,78,54,90,F,Whole Haul,3B
2021,ALL,20210651,5505,78,54,97,F,Whole Haul,3B
2021,ALL,20210651,5505,78,54,87,F,Whole Haul,3B
2021,ALL,20210652,5022,79,54,71,F,Whole Haul,3B
2021,ALL,20210652,5022,79,54,84,F,Whole Haul,3B
2021,ALL,20210652,5022,79,54,56,F,Whole Haul,3B
2021,ALL,20210652,5022,79,54,80,F,Whole Haul,3B
2021,ALL,20210652,5022,79,54,79,F,Whole Haul,3B
2021,ALL,20210652,5022,79,54,76,F,Whole Haul,3B
2021,ALL,20210655,5032,82,54,71,F,Whole Haul,3B
2021,ALL,20210655,5032,82,54,82,F,Whole Haul,3B
2021,ALL,20210655,5032,82,54,77,F,Whole Haul,3B
2021,ALL,20210655,5032,82,54,86,F,Whole Haul,3B
2021,ALL,20210655,5032,82,54,89,F,Whole Haul,3B
2021,ALL,20210655,5032,82,54,71,F,Whole Haul,3B
2021,ALL,20210655,5032,82,54,80,F,Whole Haul,3B
2021,ALL,20210656,5508,83,54,97,F,Whole Haul,3B
2021,ALL,20210656,5508,83,54,75,F,Whole Haul,3B
2021,ALL,20210656,5508,83,54,82,F,Whole Haul,3B
2021,ALL,20210656,5508,83,54,89,F,Whole Haul,3B
2021,ALL,20210656,5508,83,54,72,M,Whole Haul,3B
2021,ALL,20210656,5508,83,54,82,F,Whole Haul,3B
2021,ALL,20210656,5508,83,54,64,F,Whole Haul,3B
2021,ALL,20210656,5508,83,54,84,F,Whole Haul,3B
2021,ALL,20210656,5508,83,54,67,F,Whole Haul,3B
2021,ALL,20210656,5508,83,54,84,F,Whole Haul,3B
2021,ALL,20210656,5508,83,54,83,F,Whole Haul,3B
2021,ALL,20210656,5508,83,54,68,F,Whole Haul,3B
2021,ALL,20210656,5508,83,54,79,F,Whole Haul,3B
2021,ALL,20210656,5508,83,54,76,F,Whole Haul,3B
2021,ALL,20210656,5508,83,54,85,F,Whole Haul,3B
2021,ALL,20210656,5508,83,54,84,F,Whole Haul,3B
2021,ALL,20210656,5508,83,54,76,F,Whole Haul,3B
2021,ALL,20210656,5508,83,54,81,F,Whole Haul,3B
2021,ALL,20210656,5508,83,54,59,F,Whole Haul,3B
2021,ALL,20210656,5508,83,54,71,F,Whole Haul,3B
2021,ALL,20210656,5508,83,54,87,F,Whole Haul,3B
2021,ALL,20210656,5508,83,54,85,F,Whole Haul,3B
2021,ALL,20210656,5508,83,54,79,M,Whole Haul,3B
2021,ALL,20210656,5508,83,54,88,F,Whole Haul,3B
2021,ALL,20210656,5508,83,54,74,M,Whole Haul,3B
2021,ALL,20210656,5508,83,54,83,F,Whole Haul,3B
2021,ALL,20210656,5508,83,54,95,F,Whole Haul,3B
2021,ALL,20210656,5508,83,54,93,F,Whole Haul,3B
2021,ALL,20210656,5508,83,54,86,F,Whole Haul,3B
2021,ALL,20210656,5508,83,54,69,M,Whole Haul,3B
2021,ALL,20210656,5508,83,54,86,F,Whole Haul,3B
2021,ALL,20210656,5508,83,54,74,F,Whole Haul,3B
2021,ALL,20210656,5508,83,54,66,F,Whole Haul,3B
2021,ALL,20210656,5508,83,54,84,F,Whole Haul,3B
2021,ALL,20210656,5508,83,54,76,F,Whole Haul,3B
2021,ALL,20210656,5508,83,54,80,F,Whole Haul,3B
2021,ALL,20210656,5508,83,54,93,F,Whole Haul,3B
2021,ALL,20210656,5508,83,54,81,F,Whole Haul,3B
2021,ALL,20210656,5508,83,54,82,F,Whole Haul,3B
2021,ALL,20210656,5508,83,54,77,F,Whole Haul,3B
2021,ALL,20210657,5027,84,54,81,F,Whole Haul,3B
2021,ALL,20210657,5027,84,54,71,F,Whole Haul,3B
2021,ALL,20210657,5027,84,54,79,F,Whole Haul,3B
2021,ALL,20210657,5027,84,54,70,M,Whole Haul,3B
2021,ALL,20210657,5027,84,54,77,F,Whole Haul,3B
2021,ALL,20210657,5027,84,54,89,F,Whole Haul,3B
2021,ALL,20210657,5027,84,54,91,F,Whole Haul,3B
2021,ALL,20210657,5027,84,54,78,F,Whole Haul,3B
2021,ALL,20210657,5027,84,54,86,F,Whole Haul,3B
2021,ALL,20210657,5027,84,54,81,F,Whole Haul,3B
2021,ALL,20210657,5027,84,54,74,F,Whole Haul,3B
2021,ALL,20210657,5027,84,54,81,F,Whole Haul,3B
2021,ALL,20210657,5027,84,54,69,F,Whole Haul,3B
2021,ALL,20210658,5026,85,54,65,M,Whole Haul,3B
2021,ALL,20210658,5026,85,54,82,F,Whole Haul,3B
2021,ALL,20210658,5026,85,54,74,F,Whole Haul,3B
2021,ALL,20210658,5026,85,54,71,F,Whole Haul,3B
2021,ALL,20210658,5026,85,54,73,F,Whole Haul,3B
2021,ALL,20210658,5026,85,54,70,F,Whole Haul,3B
2021,ALL,20210658,5026,85,54,79,F,Whole Haul,3B
2021,ALL,20210658,5026,85,54,78,F,Whole Haul,3B
2021,ALL,20210658,5026,85,54,73,M,Whole Haul,3B
2021,ALL,20210658,5026,85,54,76,F,Whole Haul,3B
2021,ALL,20210658,5026,85,54,74,F,Whole Haul,3B
2021,ALL,20210658,5026,85,54,75,M,Whole Haul,3B
2021,ALL,20210658,5026,85,54,72,M,Whole Haul,3B
2021,ALL,20210658,5026,85,54,77,M,Whole Haul,3B
2021,ALL,20210658,5026,85,54,87,F,Whole Haul,3B
2021,ALL,20210658,5026,85,54,76,M,Whole Haul,3B
2021,ALL,20210658,5026,85,54,71,M,Whole Haul,3B
2021,ALL,20210658,5026,85,54,70,M,Whole Haul,3B
2021,ALL,20210661,5504,86,54,69,F,Whole Haul,3B
2021,ALL,20210661,5504,86,54,56,M,Whole Haul,3B
2021,ALL,20210661,5504,86,54,86,F,Whole Haul,3B
2021,ALL,20210661,5504,86,54,72,F,Whole Haul,3B
2021,ALL,20210661,5504,86,54,75,M,Whole Haul,3B
2021,ALL,20210661,5504,86,54,86,F,Whole Haul,3B
2021,ALL,20210662,5507,87,54,72,F,Whole Haul,3B
2021,ALL,20210662,5507,87,54,81,F,Whole Haul,3B
2021,ALL,20210662,5507,87,54,65,F,Whole Haul,3B
2021,ALL,20210662,5507,87,54,79,F,Whole Haul,3B
2021,ALL,20210662,5507,87,54,65,F,Whole Haul,3B
2021,ALL,20210662,5507,87,54,70,F,Whole Haul,3B
2021,ALL,20210662,5507,87,54,73,M,Whole Haul,3B
2021,ALL,20210662,5507,87,54,78,M,Whole Haul,3B
2021,ALL,20210662,5507,87,54,82,F,Whole Haul,3B
2021,ALL,20210676,5009,94,54,69,F,Whole Haul,3B
2021,ALL,20210677,5016,95,54,67,M,Whole Haul,3B
2021,ALL,20210677,5016,95,54,67,F,Whole Haul,3B
2021,ALL,20210679,5011,97,54,72,F,Whole Haul,3B
2021,ALL,20210679,5011,97,54,63,F,Whole Haul,3B
2021,ALL,20210679,5011,97,54,64,M,Whole Haul,3B
2021,ALL,20210683,5006,101,54,90,F,Whole Haul,3B
2021,ALL,20210687,5020,105,54,62,F,Whole Haul,3B
2021,ALL,20210687,5020,105,54,70,F,Whole Haul,3B
2021,ALL,20210688,5018,106,54,60,F,Whole Haul,3B
2021,ALL,20210689,5503,107,54,80,F,Whole Haul,3B
2021,ALL,20210689,5503,107,54,78,F,Whole Haul,3B
2021,ALL,20210689,5503,107,54,100,F,Whole Haul,3B
2021,ALL,20210689,5503,107,54,94,F,Whole Haul,3B
2021,ALL,20210689,5503,107,54,96,F,Whole Haul,3B
2021,ALL,20210689,5503,107,54,98,F,Whole Haul,3B
2021,ALL,20210690,5013,108,54,80,F,Whole Haul,3B
2021,ALL,20210691,5014,109,54,66,F,Whole Haul,3B
2021,DEV,20210402,6045,14,54,63,F,Whole Haul,4A
2021,DEV,20210406,6026,18,54,71,M,Whole Haul,4A
2021,DEV,20211140,6701,108,54,64,M,Whole Haul,4A
2021,NCR,20211200,6606,66,54,81,F,Sub-Sample,4B
