species,area_combo,year,area,n_stations,n_pos_catch,area_cpue,boot_area_cpue,boot_bias,boot_sd,boot_lci,boot_uci
Sleeper shark,FMP (with Inside waters),1998,BSAI,118,20,0.0022930404136463954,0.0023206864383673287,2.7646024720933294e-5,7.175713110506188e-4,0.0013307965020251898,0.004533839083927464
Sleeper shark,FMP (with Inside waters),1998,CAN,130,2,1.1057008542549135e-4,1.1194828716741358e-4,1.3782017419222258e-6,7.870263703522753e-5,0,3.756758960722673e-4
Sleeper shark,FMP (with Inside waters),1998,GOA,772,222,0.007154046507201112,0.007109260079398915,-4.47864278021971e-5,6.741805840757177e-4,0.006048672193728793,0.00875285821178213
Sleeper shark,FMP (with Inside waters),1999,BSAI,99,7,0.0016841834148572468,0.0017097437394243801,2.5560324567133362e-005,8.113559939576878e-4,5.817261222513148e-4,0.0042988819964084974
Sleeper shark,FMP (with Inside waters),1999,CAN,169,6,2.6226323142576364e-4,2.6533325561840164e-4,3.0700241926380012e-6,1.1679209957812927e-4,1.1194445982336807e-4,6.158439467079381e-4
Sleeper shark,FMP (with Inside waters),1999,GOA,771,213,0.007284980649535913,0.007287294538080481,2.313888544568099e-6,6.53788404974368e-4,0.006115409076642157,0.008680359625609042
Sleeper shark,FMP (with Inside waters),1999,WC,84,2,1.7041222669293127e-4,1.6166500012717176e-4,-8.74722656575951e-6,1.1379860836193378e-4,0,5.73128167510481e-4
Sleeper shark,FMP (with Inside waters),2000,BSAI,193,63,0.005313183188818036,0.005306092949399222,-7.090239418814162e-6,0.0010204557766059254,0.0038630392853594713,0.008234736813670561
Sleeper shark,FMP (with Inside waters),2000,CAN,129,5,3.9095482561283916e-4,3.8597000717789957e-4,-4.98481843493959e-6,1.8276576771696624e-4,1.121527794397041e-4,9.077427041046103e-4
Sleeper shark,FMP (with Inside waters),2000,GOA,760,228,0.007645404892261044,0.007639616166500692,-5.788725760352484e-6,6.830054414139173e-4,0.006448008705989038,0.00914516852759703
Sleeper shark,FMP (with Inside waters),2001,BSAI,194,20,0.0014506455093960583,0.0014568614779075725,6.2159685115142135e-6,3.380892503756725e-4,8.799681671734896e-4,0.002236929775145234
Sleeper shark,FMP (with Inside waters),2001,CAN,170,6,3.6119340426667157e-4,3.5819153786633155e-4,-3.0018664003400152e-6,1.432531777779903e-4,1.2292866889367953e-4,7.26102565727064e-4
Sleeper shark,FMP (with Inside waters),2001,GOA,749,190,0.008770342254497621,0.008792843633039822,2.250137854220048e-5,8.254424831865944e-4,0.0071953827016471555,0.01045835240726128
Sleeper shark,FMP (with Inside waters),2001,WC,84,0,0,0,0,0,0,0
Sleeper shark,FMP (with Inside waters),2002,BSAI,196,25,0.0016525253178853428,0.001648680558776717,-3.844759108625811e-6,3.3562497460452406e-4,0.0010796289007724347,0.0023272479735135685
Sleeper shark,FMP (with Inside waters),2002,CAN,171,0,0,0,0,0,0,0
Sleeper shark,FMP (with Inside waters),2002,GOA,758,206,0.009178857062023725,0.009180546414948181,1.6893529244561833e-6,8.288810402833615e-4,0.007640436957437477,0.010925211425823811
Sleeper shark,FMP (with Inside waters),2002,WC,84,1,1.1894692609812814e-4,1.222783717673732e-4,3.331445669245065e-6,1.1902202468452596e-4,0,5.945939018680654e-4
Sleeper shark,FMP (with Inside waters),2003,BSAI,196,35,0.0023467100493386175,0.0023436961853238935,-3.013864014723977e-6,4.002825490186961e-4,0.0016557798066304166,0.003256751476503299
Sleeper shark,FMP (with Inside waters),2003,CAN,170,5,5.960988904215253e-5,5.9619452537857074e-5,9.563495704544337e-9,2.867208288653532e-5,2.2333265908777993e-5,1.56405854704219e-4
Sleeper shark,FMP (with Inside waters),2003,GOA,761,187,0.008405290963077908,0.008413012063972668,7.721100894760025e-6,7.941863121539099e-4,0.007031399147837865,0.010356005088198247
Sleeper shark,FMP (with Inside waters),2003,WC,84,3,4.7905206293708647e-4,4.7864164031656374e-4,-4.1042262052272925e-7,2.9100462936383197e-4,1.1894806768609474e-4,0.0014415632322916112
Sleeper shark,FMP (with Inside waters),2004,BSAI,191,30,0.0019419162395070823,0.0019439602641483148,2.0440246412325048e-6,3.8601968073338327e-4,0.001319735033133198,0.0028717122083491567
Sleeper shark,FMP (with Inside waters),2004,CAN,170,7,1.5757011870282277e-4,1.5710411793518953e-4,-4.660007676332361e-7,7.013294445566191e-5,5.284099502753432e-5,3.688886649769339e-4
Sleeper shark,FMP (with Inside waters),2004,GOA,748,144,0.006546519324083439,0.006542868656075354,-3.650668008084619e-6,7.463820679732036e-4,0.005250348727133139,0.008240179357092368
Sleeper shark,FMP (with Inside waters),2004,WC,83,1,1.0063622219672771e-4,9.842019805975854e-5,-2.216024136969164e-6,9.69149016318752e-5,0,6.052902366684825e-4
Sleeper shark,FMP (with Inside waters),2005,BSAI,188,29,0.0015894135362785004,0.0015801340403943736,-9.279495884126788e-6,3.6435226058397814e-4,0.00104867758823757,0.0026287672366433965
Sleeper shark,FMP (with Inside waters),2005,CAN,168,5,4.291472913096704e-5,4.2695934248628516e-5,-2.1879488233852285e-7,1.892633303263417e-5,1.713626752781192e-5,9.441532697455507e-5
Sleeper shark,FMP (with Inside waters),2005,GOA,761,146,0.006376986132403448,0.006397025088436135,2.0038956032687044e-5,7.725260553757462e-4,0.005080435039708983,0.008033459172967388
Sleeper shark,FMP (with Inside waters),2005,WC,84,0,0,0,0,0,0,0
Sleeper shark,FMP (with Inside waters),2006,BSAI,227,18,0.0012259746205421135,0.0012107075753356239,-1.526704520648961e-5,3.444029199954891e-4,7.279920631552126e-4,0.002218053405512338
Sleeper shark,FMP (with Inside waters),2006,CAN,168,4,7.354933061765307e-5,7.458354130720487e-5,1.0342106895518008e-6,4.008311493168389e-5,2.1013268873779334e-5,2.000911596812916e-4
Sleeper shark,FMP (with Inside waters),2006,GOA,764,143,0.005578948502294176,0.005572899785714815,-6.04871657936077e-6,6.445817454428992e-4,0.004410740059111942,0.006939918458046542
Sleeper shark,FMP (with Inside waters),2006,WC,109,1,1.0184990396281555e-4,9.848354428903875e-5,-3.3663596737767997e-6,9.834508861010068e-5,0,5.29897337689796e-4
Sleeper shark,FMP (with Inside waters),2007,BSAI,220,22,0.0011970240218397176,0.0011985403694804173,1.5163476406996647e-6,2.6323523626999544e-4,7.793390626676759e-4,0.001829334603036808
Sleeper shark,FMP (with Inside waters),2007,CAN,172,5,1.0633898505346487e-4,1.053305937922656e-4,-1.0083912611992763e-6,5.399252497146854e-5,3.546514159374875e-5,3.1960033776756876e-4
Sleeper shark,FMP (with Inside waters),2007,GOA,770,121,0.005392780148958128,0.005401560238319843,8.780089361714975e-6,6.878735997866573e-4,0.004217093200426348,0.006948227545687409
Sleeper shark,FMP (with Inside waters),2007,WC,102,2,2.113770394876458e-4,2.1538922833593202e-4,4.0121888482862265e-6,1.4953317939183936e-4,0,6.553912868205387e-4
Sleeper shark,FMP (with Inside waters),2008,BSAI,215,15,8.526427606842167e-4,8.580146630539392e-4,5.371902369722455e-6,2.2403514610309122e-4,4.7470709862278853e-4,0.001373737488791
Sleeper shark,FMP (with Inside waters),2008,CAN,170,5,6.0032657765824606e-5,6.020556375536466e-5,1.729059895400539e-7,2.624743282728766e-5,2.3967041583168833e-5,1.3202116653820547e-4
Sleeper shark,FMP (with Inside waters),2008,GOA,762,100,0.004182936489669198,0.004191895395429623,8.958905760424879e-6,5.556732408810021e-4,0.0031938103129073446,0.005446018860211087
Sleeper shark,FMP (with Inside waters),2008,WC,122,0,0,0,0,0,0,0
Sleeper shark,FMP (with Inside waters),2009,BSAI,218,30,0.0013641705646601858,0.0013739910813118012,9.820516651615381e-6,2.6832465803261604e-4,8.962522428195626e-4,0.001969210035934281
Sleeper shark,FMP (with Inside waters),2009,CAN,171,9,7.639873347877389e-5,7.620388012562891e-5,-1.948533531449749e-7,2.4522673068258314e-5,4.228986810515673e-5,1.4431910393755532e-4
Sleeper shark,FMP (with Inside waters),2009,GOA,745,121,0.00339015301047466,0.003391161760950329,1.0087504756688473e-6,4.533887020350143e-4,0.0026202795885531035,0.004423873566536617
Sleeper shark,FMP (with Inside waters),2009,WC,101,0,0,0,0,0,0,0
Sleeper shark,FMP (with Inside waters),2010,BSAI,217,21,0.0010139773742930285,0.0010334482047359172,1.9470830442888665e-5,2.5786617374004886e-4,6.352229978552878e-4,0.001715525505568389
Sleeper shark,FMP (with Inside waters),2010,CAN,170,4,3.7171644909610354e-5,3.687926546430177e-5,-2.9237944530858493e-7,1.930868287511574e-5,1.4853234528780553e-5,9.678620998306302e-5
Sleeper shark,FMP (with Inside waters),2010,GOA,755,67,0.002009576337669792,0.002013082439294399,3.5061016246066418e-6,3.5923639778276547e-4,0.0014439227047547613,0.002903843876608564
Sleeper shark,FMP (with Inside waters),2010,WC,83,0,0,0,0,0,0,0
Sleeper shark,FMP (with Inside waters),2011,BSAI,216,12,4.692040733131282e-4,4.6798847005772925e-4,-1.2156032553989706e-6,1.276265406371817e-4,2.7294278844280066e-4,7.800551264433613e-4
Sleeper shark,FMP (with Inside waters),2011,CAN,170,3,3.0203556871535713e-5,2.980515259913271e-5,-3.98404272403001e-7,1.6832769054972812e-5,1.000110085014829e-5,8.069946235696594e-5
Sleeper shark,FMP (with Inside waters),2011,GOA,760,63,0.0020497225253788645,0.0020474042612355445,-2.3182641433199154e-6,3.7649460267231207e-4,0.0014778098394591863,0.0030014106703882223
Sleeper shark,FMP (with Inside waters),2011,WC,134,1,6.261752740515944e-5,6.12035683937779e-5,-1.4139590113815324e-6,6.172436816480227e-5,0,3.1625685712643943e-4
Sleeper shark,FMP (with Inside waters),2012,BSAI,221,7,5.718837310952632e-4,5.546023198142772e-4,-1.7281411280986006e-5,2.3463817181460867e-4,2.8479256153728745e-4,0.0013195402906122566
Sleeper shark,FMP (with Inside waters),2012,CAN,168,2,3.00503343099692e-5,3.033806582733949e-5,2.8773151737029114e-7,2.113372549928162e-5,0,1.0825140408454774e-4
Sleeper shark,FMP (with Inside waters),2012,GOA,767,54,0.0018096766578718359,0.0018178139161609654,8.137258289129526e-6,2.906047963762596e-4,0.0013305084651568362,0.0024990048127480273
Sleeper shark,FMP (with Inside waters),2012,WC,94,1,5.4859382339774544e-5,5.42840318880934e-5,-5.753504516811436e-7,5.530372239553344e-5,0,3.293127257116463e-4
Sleeper shark,FMP (with Inside waters),2013,BSAI,216,6,2.7364440038629424e-4,2.787883992530724e-4,5.143998866778178e-6,1.1586512423408197e-4,1.1525670794483324e-4,5.865667972728106e-4
Sleeper shark,FMP (with Inside waters),2013,CAN,169,0,0,0,0,0,0,0
Sleeper shark,FMP (with Inside waters),2013,GOA,759,71,0.002555149990222554,0.0025658643481026276,1.0714357880073442e-5,3.910187780132052e-4,0.0018702280778647587,0.0034169816013760253
Sleeper shark,FMP (with Inside waters),2013,WC,118,0,0,0,0,0,0,0
Sleeper shark,FMP (with Inside waters),2014,BSAI,274,16,6.076542654192272e-4,6.105487315430706e-4,2.894466123843438e-6,1.642533682903053e-4,3.454065449853441e-4,0.0010261966510665007
Sleeper shark,FMP (with Inside waters),2014,CAN,168,3,2.561628512633098e-5,2.5189192991177166e-5,-4.270921351538132e-7,1.4088589115919768e-5,8.53134250695512e-6,6.829501174937714e-5
Sleeper shark,FMP (with Inside waters),2014,GOA,764,60,0.0012080561423332276,0.0012104769311042953,2.420788771067715e-6,1.925500361248583e-4,8.959221063089369e-4,0.001662078345371602
Sleeper shark,FMP (with Inside waters),2014,WC,170,0,0,0,0,0,0,0
Sleeper shark,FMP (with Inside waters),2015,BSAI,218,10,4.466072022655769e-4,4.5261873071616884e-4,6.011528450591927e-6,1.532034783781196e-4,2.0666682494073605e-4,8.60184728103889e-4
Sleeper shark,FMP (with Inside waters),2015,CAN,168,4,5.109687968388064e-5,5.088244462197514e-5,-2.1443506190549605e-7,2.892432309257582e-5,8.561965110940142e-6,1.5232140724550877e-4
Sleeper shark,FMP (with Inside waters),2015,GOA,747,54,0.0012501091475229666,0.0012650855602244107,1.4976412701444078e-5,3.120935562553642e-4,8.066437159724114e-4,0.002189348895269001
Sleeper shark,FMP (with Inside waters),2015,WC,104,0,0,0,0,0,0,0
Sleeper shark,FMP (with Inside waters),2016,BSAI,290,17,5.408171085449173e-4,5.386187287706844e-4,-2.198379774232917e-6,1.3203366809705453e-4,3.174060711718297e-4,8.626365273596867e-4
Sleeper shark,FMP (with Inside waters),2016,CAN,169,4,4.865943263101552e-5,4.937055993441384e-5,7.111273033983193e-7,2.6094391243298516e-5,9.873981610318132e-6,1.3346818403566318e-4
Sleeper shark,FMP (with Inside waters),2016,GOA,761,54,0.0012154071527312545,0.0012108218996436599,-4.585253087594594e-6,1.981729552170668e-4,8.639766926603964e-4,0.0016587087924580157
Sleeper shark,FMP (with Inside waters),2016,WC,103,0,0,0,0,0,0,0
Sleeper shark,FMP (with Inside waters),2017,BSAI,324,19,0.0010055016035702233,9.978984340532468e-4,-7.603169516976534e-6,2.667543486085946e-4,5.819943484111534e-4,0.0017648666196110761
Sleeper shark,FMP (with Inside waters),2017,CAN,168,3,3.601868649455337e-5,3.650621982543053e-5,4.875333308771598e-7,2.0632209667000736e-5,1.1971993413418925e-5,1.0711066974382998e-4
Sleeper shark,FMP (with Inside waters),2017,GOA,764,69,0.0012904080329774975,0.001288108668701311,-2.2993642761865666e-6,2.0468114206251734e-4,9.473519004460637e-4,0.0017978389302285922
Sleeper shark,FMP (with Inside waters),2017,WC,186,1,4.55195767449654e-5,4.4301310964099646e-5,-1.2182657808657547e-6,4.4876797373647547e-5,0,2.2770671609515856e-4
Sleeper shark,FMP (with Inside waters),2018,BSAI,223,8,3.0834641471434276e-4,3.081810015287635e-4,-1.654131855792799e-7,1.1450577981897682e-4,1.2410975162142928e-4,6.338967100750499e-4
Sleeper shark,FMP (with Inside waters),2018,CAN,301,15,1.096014961080747e-4,1.0988314480784477e-4,2.8164869977006786e-7,3.308553110756878e-5,6.195261387965317e-5,2.1413630310939213e-4
Sleeper shark,FMP (with Inside waters),2018,GOA,782,42,5.915291623958676e-4,5.880204869918665e-4,-3.508675404001113e-6,1.1481759312734458e-4,4.0111050203428316e-4,8.876174628363693e-4
Sleeper shark,FMP (with Inside waters),2018,WC,116,1,5.7051240539397306e-5,5.90952925294442e-5,2.0440519900468936e-6,6.029624369855624e-5,0,3.900250473875176e-4
Sleeper shark,FMP (with Inside waters),2019,BSAI,221,12,4.0303158268118914e-4,4.064716306058054e-4,3.440047924616269e-6,1.1530915267689176e-4,2.163639943664889e-4,6.833402881930858e-4
Sleeper shark,FMP (with Inside waters),2019,CAN,164,4,4.358779890333098e-5,4.314764638396518e-5,-4.4015251936580543e-7,2.2655013036079143e-5,1.7422032043913747e-5,1.2201781340536655e-4
Sleeper shark,FMP (with Inside waters),2019,GOA,874,59,9.125463134432208e-4,9.089278614255755e-4,-3.6184520176452562e-6,1.513765360140374e-4,6.591288898596036e-4,0.0012921626609513372
Sleeper shark,FMP (with Inside waters),2019,WC,104,0,0,0,0,0,0,0
Sleeper shark,FMP (with Inside waters),2020,CAN,203,3,1.222274911270829e-4,1.2202373637214517e-4,-2.0375475493774556e-7,7.107037348674108e-5,3.063257688710051e-5,3.6524157515719393e-4
Sleeper shark,FMP (with Inside waters),2020,GOA,669,24,5.487153311138236e-4,5.496566530719607e-4,9.413219581370881e-7,1.3391386490088343e-4,3.3283049722294717e-4,8.691438537250154e-4
Sleeper shark,FMP (with Inside waters),2021,BSAI,125,1,6.050605933646568e-5,6.115696455932702e-5,6.50905222861339e-7,6.0503407590157284e-5,0,2.9840012032393125e-4
Sleeper shark,FMP (with Inside waters),2021,CAN,229,1,2.9624985041106625e-5,2.770578545044937e-5,-1.919199590657254e-6,2.7632154903926822e-5,0,1.7600348915136236e-4
Sleeper shark,FMP (with Inside waters),2021,GOA,737,37,7.10463210711007e-4,7.107611486489604e-4,2.979379379534474e-7,0.00017663256428974321,4.636607396230872e-4,0.0012677312726545548
Sleeper shark,FMP (with Inside waters),2021,WC,76,1,3.323650431742191e-5,3.296950766574024e-5,-2.669966516816692e-7,3.297724053187401e-5,0,1.9938025969278825e-4
Sleeper shark,FMP (without Inside waters),1998,BSAI,118,20,0.0022930404136463954,0.0023267891479511462,3.3748734304750796e-005,7.087332225585508e-4,0.0013242320640444508,0.0043118914899174104
Sleeper shark,FMP (without Inside waters),1998,CAN,130,2,1.1057008542549135e-4,1.1028130774819468e-4,-2.8877767729667235e-7,7.76871100665115e-5,0,3.826822774026705e-4
Sleeper shark,FMP (without Inside waters),1998,GOA,705,193,0.006016632858979932,0.006003307191545634,-1.3325667434298596e-5,5.657726332041729e-4,0.005026946751870982,0.007331907247794003
Sleeper shark,FMP (without Inside waters),1999,BSAI,99,7,0.0016841834148572468,0.0016415635384423102,-4.2619876414936534e-5,7.733690648096729e-4,6.10176094582439e-4,0.004287943932937914
Sleeper shark,FMP (without Inside waters),1999,CAN,169,6,2.6226323142576364e-4,2.6535532944781337e-4,3.0920980220497363e-6,1.1282303386609957e-4,1.1211901241795744e-4,5.982192704423759e-4
Sleeper shark,FMP (without Inside waters),1999,GOA,701,187,0.007201942992359371,0.007208196315330804,6.253322971432919e-6,6.827820222963372e-4,0.00601755012381852,0.008771861996523338
Sleeper shark,FMP (without Inside waters),1999,WC,84,2,1.7041222669293127e-4,1.6824881315198858e-4,-2.1634135409426866e-6,1.1864333424723148e-4,0,5.960848316865954e-4
Sleeper shark,FMP (without Inside waters),2000,BSAI,193,63,0.005313183188818036,0.005315451935786026,2.2687469679897806e-6,9.83710939787657e-4,0.0038951979726166617,0.008205783799386532
Sleeper shark,FMP (without Inside waters),2000,CAN,129,5,3.9095482561283916e-4,3.910758557548422e-4,1.2103014200305065e-7,1.826516707264497e-4,1.1226746801906853e-4,9.493515133076706e-4
Sleeper shark,FMP (without Inside waters),2000,GOA,688,197,0.006997446844841359,0.006998023445352841,5.766005114820824e-7,6.761869478215821e-4,0.005773637638467735,0.008478964049761933
Sleeper shark,FMP (without Inside waters),2001,BSAI,194,20,0.0014506455093960583,0.0014390612973757765,-1.1584212020281787e-5,3.362190891348278e-4,9.279216709848162e-4,0.002286489669860359
Sleeper shark,FMP (without Inside waters),2001,CAN,170,6,3.6119340426667157e-4,3.640140054539912e-4,2.8206011873196566e-6,1.4258394322432455e-4,1.2106719093248357e-4,7.235179002615682e-4
Sleeper shark,FMP (without Inside waters),2001,GOA,682,172,0.008311114191163092,0.008306916872278275,-4.1973188848170445e-6,8.065132200733412e-4,0.00688194337728534,0.010040874223873427
Sleeper shark,FMP (without Inside waters),2001,WC,84,0,0,0,0,0,0,0
Sleeper shark,FMP (without Inside waters),2002,BSAI,196,25,0.0016525253178853428,0.001628899493167556,-2.3625824717786893e-5,3.291584192776191e-4,0.001085368889414924,0.0024284279475635297
Sleeper shark,FMP (without Inside waters),2002,CAN,171,0,0,0,0,0,0,0
Sleeper shark,FMP (without Inside waters),2002,GOA,688,182,0.008746635816468529,0.00875348929513572,6.853478667190327e-6,8.146379501889442e-4,0.007306930076978437,0.010471854770917674
Sleeper shark,FMP (without Inside waters),2002,WC,84,1,1.1894692609812814e-4,1.199849295793169e-4,1.0380034811887658e-6,1.2153867067514579e-4,0,8.324224729639603e-4
Sleeper shark,FMP (without Inside waters),2003,BSAI,196,35,0.0023467100493386175,0.002357304094628686,1.0594045290068625e-5,3.894441478200292e-4,0.0016636300020294807,0.0032214973783099236
Sleeper shark,FMP (without Inside waters),2003,CAN,170,5,5.960988904215253e-5,6.071398857448635e-5,1.1040995323338196e-6,3.0046076354740774e-5,2.2313463954384068e-5,1.562767088209824e-4
Sleeper shark,FMP (without Inside waters),2003,GOA,696,169,0.008570211824678502,0.008580410154311316,1.0198329632813558e-5,8.28006728213617e-4,0.007179159508412124,0.010425330739637077
Sleeper shark,FMP (without Inside waters),2003,WC,84,3,4.7905206293708647e-4,4.8149924840917895e-4,2.4471854720924764e-6,2.866343156682557e-4,1.1906577055607968e-4,0.001557826892219751
Sleeper shark,FMP (without Inside waters),2004,BSAI,191,30,0.0019419162395070823,0.001938084851116077,-3.831388391005268e-6,4.0747504275485513e-4,0.001278738549143538,0.0029189598412772814
Sleeper shark,FMP (without Inside waters),2004,CAN,170,7,1.5757011870282277e-4,1.579874025195563e-4,4.17283816733522e-7,7.165754702499307e-5,6.020967180044695e-5,3.813168461351456e-4
Sleeper shark,FMP (without Inside waters),2004,GOA,679,127,0.00579837581159899,0.0057944077300800916,-3.9680815188984295e-6,6.813062445168478e-4,0.0046637158468824345,0.007460171162090944
Sleeper shark,FMP (without Inside waters),2004,WC,83,1,1.0063622219672771e-4,1.0466322743542025e-4,4.027005238692544e-6,1.0119389669730872e-4,0,5.03220611916264e-4
Sleeper shark,FMP (without Inside waters),2005,BSAI,188,29,0.0015894135362785004,0.0015956981034955938,6.284567217093454e-6,3.8210031470307595e-4,0.001017044942300919,0.002678004674718841
Sleeper shark,FMP (without Inside waters),2005,CAN,168,5,4.291472913096704e-5,4.275314454564709e-5,-1.615845853199512e-7,1.8342932731756487e-5,1.7147064517412748e-5,9.463946903342702e-5
Sleeper shark,FMP (without Inside waters),2005,GOA,695,125,0.005574721221143599,0.0055629244198205415,-1.179680132305707e-5,7.219854558061758e-4,0.004326263632263176,0.0072397267220716335
Sleeper shark,FMP (without Inside waters),2005,WC,84,0,0,0,0,0,0,0
Sleeper shark,FMP (without Inside waters),2006,BSAI,227,18,0.0012259746205421135,0.0012130588536440595,-1.291576689805402e-5,3.3801628487533096e-4,7.172625462329578e-4,0.0021300908927412623
Sleeper shark,FMP (without Inside waters),2006,CAN,168,4,7.354933061765307e-5,7.430459263478162e-5,7.552620171285499e-7,4.030300131450472e-5,2.0982910599513914e-5,2.1129158952872017e-4
Sleeper shark,FMP (without Inside waters),2006,GOA,693,120,0.004918278108603825,0.004929372048355706,1.1093939751881561e-5,6.365454331315022e-4,0.0038165865175273676,0.006413783860920145
Sleeper shark,FMP (without Inside waters),2006,WC,109,1,1.0184990396281555e-4,1.0097021198370344e-4,-8.796919791121159e-7,1.042453760043671e-4,0,5.159868413667536e-4
Sleeper shark,FMP (without Inside waters),2007,BSAI,220,22,0.0011970240218397176,0.0011921616815717077,-4.862340268009958e-6,2.5885815485529514e-4,7.775439687630411e-4,0.0017954902098929234
Sleeper shark,FMP (without Inside waters),2007,CAN,172,5,1.0633898505346487e-4,1.0374146612967186e-4,-2.597518923793017e-6,5.5726816846326285e-5,3.541407032097473e-5,2.862823210316775e-4
Sleeper shark,FMP (without Inside waters),2007,GOA,702,101,0.005050759782511162,0.005074173112105761,2.3413329594598915e-5,7.127886744168342e-4,0.003885659146278282,0.006718907205712089
Sleeper shark,FMP (without Inside waters),2007,WC,102,2,2.113770394876458e-4,2.119798506994524e-4,6.028112118065961e-7,1.4949474314464683e-4,0,7.372727281938161e-4
Sleeper shark,FMP (without Inside waters),2008,BSAI,215,15,8.526427606842167e-4,8.458008377525023e-4,-6.841922931714395e-6,2.2828731768785346e-4,5.180394365554545e-4,0.0014434029133763564
Sleeper shark,FMP (without Inside waters),2008,CAN,170,5,6.0032657765824606e-5,5.9521832862475893e-5,-5.108249033487129e-7,2.5572294678817723e-5,2.398137071172289e-5,1.321300524001081e-4
Sleeper shark,FMP (without Inside waters),2008,GOA,694,74,0.0033224500875583367,0.003324136457516068,1.6863699577314255e-6,5.03132411840041e-4,0.0024357964257586376,0.004441842104513879
Sleeper shark,FMP (without Inside waters),2008,WC,122,0,0,0,0,0,0,0
Sleeper shark,FMP (without Inside waters),2009,BSAI,218,30,0.0013641705646601858,0.0013655121168127064,1.3415521525205094e-6,2.6029708523817204e-4,9.304803435719411e-4,0.0019984322086224133
Sleeper shark,FMP (without Inside waters),2009,CAN,171,9,7.639873347877389e-5,7.626971976230443e-5,-1.290137164694597e-7,2.5320477486304454e-5,3.399389106289834e-5,1.4298151078430315e-4
Sleeper shark,FMP (without Inside waters),2009,GOA,679,106,0.003014572845325666,0.003002632986517443,-1.193985880822276e-5,4.4488270616341275e-4,0.0023046782092878124,0.00406788091766515
Sleeper shark,FMP (without Inside waters),2009,WC,101,0,0,0,0,0,0,0
Sleeper shark,FMP (without Inside waters),2010,BSAI,217,21,0.0010139773742930285,0.0010235222760099586,9.544901716930076e-6,2.6233305053115387e-4,6.085016111509674e-4,0.0017098874617906077
Sleeper shark,FMP (without Inside waters),2010,CAN,170,4,3.7171644909610354e-5,3.770328964331814e-5,5.316447337077863e-7,1.9857334231483185e-5,7.441236541634203e-6,9.688153556495118e-5
Sleeper shark,FMP (without Inside waters),2010,GOA,689,50,0.001612663890516393,0.001615272664787082,2.608774270689094e-6,3.3264868964650023e-4,0.0010985156763102949,0.0024357844252303456
Sleeper shark,FMP (without Inside waters),2010,WC,83,0,0,0,0,0,0,0
Sleeper shark,FMP (without Inside waters),2011,BSAI,216,12,4.692040733131282e-4,4.6803433992337714e-4,-1.1697333897510843e-6,1.2786021421911314e-4,2.7320469482083e-4,7.823260771674067e-4
Sleeper shark,FMP (without Inside waters),2011,CAN,170,3,3.0203556871535713e-5,3.0097644668578492e-5,-1.059122029572202e-7,1.74703568304552e-5,1.0010152003364567e-5,9.096789582257518e-5
Sleeper shark,FMP (without Inside waters),2011,GOA,693,45,0.0015490106081982459,0.0015548221259121203,5.811517713874472e-6,3.1795683157689067e-4,0.0010501492794193728,0.002376217630540445
Sleeper shark,FMP (without Inside waters),2011,WC,134,1,6.261752740515944e-5,6.6464512987461e-5,3.846985582301566e-6,6.295951627897509e-5,0,3.78253615337377e-4
Sleeper shark,FMP (without Inside waters),2012,BSAI,221,7,5.718837310952632e-4,5.764198024941185e-4,4.536071398855224e-6,2.4030450009893733e-4,2.284132549752939e-4,0.0013164499855460637
Sleeper shark,FMP (without Inside waters),2012,CAN,168,2,3.00503343099692e-5,3.0380418657279722e-5,3.3008434731052365e-7,2.098594012311637e-5,0,1.1067349033226164e-4
Sleeper shark,FMP (without Inside waters),2012,GOA,700,41,0.001424142139965915,0.0014313195441417184,7.177404175803424e-6,2.5704762197159927e-4,9.8559189919163e-4,0.001993568533262034
Sleeper shark,FMP (without Inside waters),2012,WC,94,1,5.4859382339774544e-5,5.5750015049330976e-5,8.906327095564324e-7,5.701108771642763e-5,0,3.3317753092359115e-4
Sleeper shark,FMP (without Inside waters),2013,BSAI,216,6,2.7364440038629424e-4,2.6924958105142746e-4,-4.394819334866784e-6,1.1302376937901574e-4,1.1642928359308432e-4,5.890431091485165e-4
Sleeper shark,FMP (without Inside waters),2013,CAN,169,0,0,0,0,0,0,0
Sleeper shark,FMP (without Inside waters),2013,GOA,692,57,0.0020812229514107824,0.0020803641176459055,-8.588337648768665e-7,3.720141761711746e-4,0.001487517066047551,0.0029705775496242787
Sleeper shark,FMP (without Inside waters),2013,WC,118,0,0,0,0,0,0,0
Sleeper shark,FMP (without Inside waters),2014,BSAI,274,16,6.076542654192272e-4,6.116309163005702e-4,3.976650881343008e-6,1.6269937510986616e-4,3.4479528858362543e-4,0.0010041030922528671
Sleeper shark,FMP (without Inside waters),2014,CAN,168,3,2.561628512633098e-5,2.562855604033076e-5,1.2270913999779795e-8,1.4710969116516314e-5,8.530275980421456e-6,6.835824180865966e-5
Sleeper shark,FMP (without Inside waters),2014,GOA,695,40,9.156501149699365e-4,9.155051270512316e-4,-1.44987918704949e-7,1.8529437904004614e-4,6.075201950688283e-4,0.0013543044510792488
Sleeper shark,FMP (without Inside waters),2014,WC,170,0,0,0,0,0,0,0
Sleeper shark,FMP (without Inside waters),2015,BSAI,218,10,4.466072022655769e-4,4.4256289348066816e-4,-4.044308784908752e-6,1.5464084944947037e-4,2.072666341712099e-4,8.963889308676505e-4
Sleeper shark,FMP (without Inside waters),2015,CAN,168,4,5.109687968388064e-5,5.135415311563802e-5,2.5727343175738036e-7,2.887974565747173e-5,1.6904968300823274e-5,1.517120763052579e-4
Sleeper shark,FMP (without Inside waters),2015,GOA,684,37,0.0010585465734405098,0.0010539253748708287,-4.621198569681106e-6,0.00030873207504701486,6.338999756558154e-4,0.00197511895459706
Sleeper shark,FMP (without Inside waters),2015,WC,104,0,0,0,0,0,0,0
Sleeper shark,FMP (without Inside waters),2016,BSAI,290,17,5.408171085449173e-4,5.413247894370514e-4,5.076808921340844e-7,1.3177161356518074e-4,3.18699181151442e-4,8.523815347704962e-4
Sleeper shark,FMP (without Inside waters),2016,CAN,169,4,4.865943263101552e-5,4.908045317578842e-5,4.210205447728954e-7,2.5949162046057577e-5,1.89220345024918e-5,1.3571972623935426e-4
Sleeper shark,FMP (without Inside waters),2016,GOA,693,44,0.0010820396194233873,0.0010762310593152495,-5.8085601081377634e-6,2.05963710362225e-4,7.487659995119905e-4,0.0015859366486221686
Sleeper shark,FMP (without Inside waters),2016,WC,103,0,0,0,0,0,0,0
Sleeper shark,FMP (without Inside waters),2017,BSAI,324,19,0.0010055016035702233,0.0010103710300938488,4.869426523625457e-6,2.623773364807823e-4,5.839954511629907e-4,0.0016841460801264743
Sleeper shark,FMP (without Inside waters),2017,CAN,168,3,3.601868649455337e-5,3.5282938504777526e-5,-7.357479897758431e-7,2.0584960803699213e-5,1.1968880397026455e-5,1.0789638491370625e-4
Sleeper shark,FMP (without Inside waters),2017,GOA,697,59,0.0012013089688830505,0.0012047375938162926,3.428624933242072e-6,2.175674012117322e-4,8.375089853516204e-4,0.0016916221036643924
Sleeper shark,FMP (without Inside waters),2017,WC,186,1,4.55195767449654e-5,4.529997038376674e-5,-2.1960636119865726e-7,4.599306519507902e-5,0,2.7411769552480137e-4
Sleeper shark,FMP (without Inside waters),2018,BSAI,223,8,3.0834641471434276e-4,3.0151941257827947e-4,-6.827002136063293e-6,1.1200210938009026e-4,1.538451052142042e-4,5.893423879375053e-4
Sleeper shark,FMP (without Inside waters),2018,CAN,301,15,1.096014961080747e-4,1.1075373181974042e-4,1.152235711665713e-6,3.434030763499518e-5,6.159470182748658e-5,2.0645749459366052e-4
Sleeper shark,FMP (without Inside waters),2018,GOA,686,25,4.461099812695882e-4,4.39274445060224e-4,-6.835536209364194e-6,1.0298981455492145e-4,2.77434934719277e-4,6.934461565738201e-4
Sleeper shark,FMP (without Inside waters),2018,WC,116,1,5.7051240539397306e-5,5.679054091038487e-5,-2.606996290124329e-7,5.6256553684378536e-5,0,2.857737451399861e-4
Sleeper shark,FMP (without Inside waters),2019,BSAI,221,12,4.0303158268118914e-4,4.014819709200147e-4,-1.549611761174428e-6,1.1755537628579187e-4,2.165313163847408e-4,6.842266338666004e-4
Sleeper shark,FMP (without Inside waters),2019,CAN,164,4,4.358779890333098e-5,4.428669013499339e-5,6.988912316624097e-7,2.326251777170567e-5,8.718547838671992e-6,1.2208276079490939e-4
Sleeper shark,FMP (without Inside waters),2019,GOA,799,47,7.554058503866003e-4,7.552270774416826e-4,-1.7877294491768989e-7,1.3914357690870803e-4,5.31353336451536e-4,0.001110738492126507
Sleeper shark,FMP (without Inside waters),2019,WC,104,0,0,0,0,0,0,0
Sleeper shark,FMP (without Inside waters),2020,CAN,203,3,1.222274911270829e-4,1.22438800770722e-4,2.113096436390867e-7,7.257749984011126e-5,3.061733194889823e-5,3.647724626169403e-4
Sleeper shark,FMP (without Inside waters),2020,GOA,580,14,2.9631235269926993e-4,2.9480517941481236e-4,-1.5071732844575679e-6,9.102324660425756e-5,1.5320032393593622e-4,5.296575101301105e-4
Sleeper shark,FMP (without Inside waters),2021,BSAI,125,1,6.050605933646568e-5,5.834754160329114e-5,-2.1585177331745375e-6,6.0138404205680305e-5,0,3.0747518494389747e-4
Sleeper shark,FMP (without Inside waters),2021,CAN,229,1,2.9624985041106625e-5,2.8714546185982055e-5,-9.104388551245696e-7,2.916620686430596e-5,0,1.7822404388678295e-4
Sleeper shark,FMP (without Inside waters),2021,GOA,643,27,6.946619448558594e-4,6.979831604757857e-4,3.321215619926242e-6,2.0272267277981294e-4,4.0790734384725383e-4,0.0013389407245201796
Sleeper shark,FMP (without Inside waters),2021,WC,76,1,3.323650431742191e-5,3.509061773913366e-5,1.8541134217117534e-6,3.449298793823042e-5,0,1.9982515299113275e-4
Sleeper shark,NMFS management area,1998,AI,77,2,2.907937125406078e-4,2.967793997255687e-4,5.985687184960917e-6,2.1190589269078013e-4,0,0.0010558677649797775
Sleeper shark,NMFS management area,1998,BS,41,18,0.005999502420044999,0.005996951977697771,-2.5504423472278923e-6,0.0018137007516556218,0.003473631841966227,0.011516229806140728
Sleeper shark,NMFS management area,1998,CAN,130,2,1.1057008542549135e-4,1.0776340272181669e-4,-2.806682703674666e-6,7.498078609347061e-5,0,3.469420131610535e-4
Sleeper shark,NMFS management area,1998,CGOA,387,116,0.007611440322144412,0.007641468699597473,3.0028377453060646e-5,9.432099663265514e-4,0.005964075386635033,0.00962463776239397
Sleeper shark,NMFS management area,1998,EGOA,192,26,0.0020326816992262413,0.0020261913866081067,-6.490312618134559e-6,4.972881722380486e-4,0.0012543559029368429,0.0034046682473166676
Sleeper shark,NMFS management area,1998,INSIDE,67,29,0.019328116109711586,0.019515310884003073,1.8719477429148673e-4,0.004987219860333542,0.011409888358002497,0.03253024685540941
Sleeper shark,NMFS management area,1998,WGOA,126,51,0.0071287094323583535,0.007112359613615652,-1.6349818742701812e-5,0.0011116532775373741,0.005247476191624833,0.009801902521197505
Sleeper shark,NMFS management area,1999,AI,91,3,5.752960376706826e-4,5.865600234598456e-4,1.1263985789162936e-5,4.4508462430901334e-4,7.895285542448666e-5,0.002460840724544753
Sleeper shark,NMFS management area,1999,BS,8,4,0.014496272921030328,0.014569336615003106,7.30636939727785e-5,0.007316160631173305,0.0027045046381231506,0.032541315561786244
Sleeper shark,NMFS management area,1999,CAN,169,6,2.6226323142576364e-4,2.5989093031659533e-4,-2.3723011091683036e-6,1.080297527632793e-4,1.1231857221837467e-4,5.986728537651207e-4
Sleeper shark,NMFS management area,1999,CGOA,389,113,0.0096875486112359,0.009694268576367104,6.719965131204639e-6,0.0011107914872680545,0.007714153454273557,0.01205422453938098
Sleeper shark,NMFS management area,1999,EGOA,190,28,0.0015429599075004008,0.00151551816893984,-2.744173856056081e-5,3.6495264440858594e-4,0.0010338276365498258,0.0027657134534150624
Sleeper shark,NMFS management area,1999,INSIDE,70,26,0.008103256179039196,0.008095102319439745,-8.153859599450974e-6,0.001834525160075428,0.00518255867676982,0.01268230098049176
Sleeper shark,NMFS management area,1999,WC,84,2,1.7041222669293127e-4,1.6574814555586257e-4,-4.664081137068697e-6,1.1762624449590702e-4,0,5.96548931458943e-4
Sleeper shark,NMFS management area,1999,WGOA,122,46,0.008184895279318729,0.008154665992261358,-3.0229287057370602e-5,0.0013233472262648537,0.005897882633606939,0.011261317144587578
Sleeper shark,NMFS management area,2000,AI,98,2,2.9655488298088555e-4,2.823374501696104e-4,-1.4217432811275172e-5,2.2804725416060404e-4,0,0.0016323583744542545
Sleeper shark,NMFS management area,2000,BS,95,61,0.010480628275004091,0.010520986879462325,4.035860445823422e-5,0.0019126152308786074,0.007811790341405592,0.016055940698915465
Sleeper shark,NMFS management area,2000,CAN,129,5,3.9095482561283916e-4,3.933183230260107e-4,2.363497413171542e-6,1.838573114457614e-4,1.6553068098035435e-4,0.0010078309886898838
Sleeper shark,NMFS management area,2000,CGOA,376,131,0.009616658745843906,0.009599201133671709,-1.745761217219685e-5,0.0010516867546460679,0.00776140098797566,0.01183698131699205
Sleeper shark,NMFS management area,2000,EGOA,183,23,0.002435831175194022,0.0024379703167094237,2.139141515401788e-6,0.001033718563922205,0.0011425287320911445,0.007013097800719974
Sleeper shark,NMFS management area,2000,INSIDE,72,31,0.013734482169440052,0.013780932862807635,4.64506933675838e-5,0.003461965413606873,0.008380909580016195,0.02273506600325807
Sleeper shark,NMFS management area,2000,WGOA,129,43,0.006033881005611556,0.00597590637720695,-5.797462840460583e-5,0.0011153672911973283,0.004276474634520627,0.0090975719574574
Sleeper shark,NMFS management area,2001,AI,96,4,5.237681371828263e-4,5.288015354858425e-4,5.033398303016211e-6,2.651074192454064e-4,2.0695258095804623e-4,0.0013661743964524002
Sleeper shark,NMFS management area,2001,BS,98,16,0.002374683714346761,0.002344523539504299,-3.0160174842461685e-5,6.477758752816794e-4,0.0013453568497210397,0.00402591873796556
Sleeper shark,NMFS management area,2001,CAN,170,6,3.6119340426667157e-4,3.6721958915721554e-4,6.026184890543969e-6,0.00014439138051833067,1.2075758560420434e-4,7.230007725477101e-4
Sleeper shark,NMFS management area,2001,CGOA,375,115,0.010520690771194798,0.010503156498970075,-1.753427222472327e-5,0.0011739620691095904,0.008435687773186476,0.013017557137926489
Sleeper shark,NMFS management area,2001,EGOA,188,9,0.0010699101208678852,0.001061427319882241,-8.482800985644325e-6,6.098869093967178e-4,3.752942350579233e-4,0.0039036857887106043
Sleeper shark,NMFS management area,2001,INSIDE,67,18,0.01346224148114139,0.013443450043338422,-1.879143780296813e-5,0.0037360454254106758,0.007550993195156673,0.02315252501586526
Sleeper shark,NMFS management area,2001,WC,84,0,0,0,0,0,0,0
Sleeper shark,NMFS management area,2001,WGOA,119,48,0.012843997304904344,0.01291524773582704,7.125043092269523e-5,0.0022877862660799836,0.008963176871166666,0.018082860836964764
Sleeper shark,NMFS management area,2002,AI,96,3,3.154695766405803e-4,3.1608131441741914e-4,6.117377768388331e-7,1.856303489029941e-4,1.0384877064850168e-4,9.440729502582854e-4
Sleeper shark,NMFS management area,2002,BS,100,22,0.0029315232142712875,0.002934586554163566,3.0633398922785826e-6,6.12524860435789e-4,0.0019235068368590527,0.004388249709114236
Sleeper shark,NMFS management area,2002,CAN,171,0,0,0,0,0,0,0
Sleeper shark,NMFS management area,2002,CGOA,373,121,0.011658519880131604,0.011639937535900945,-1.858234423065923e-5,0.001290479773061419,0.009265809574012532,0.014317070571603991
Sleeper shark,NMFS management area,2002,EGOA,189,18,0.0014959459444923212,0.0014850012608010371,-1.094468369128407e-5,3.7976915699667425e-4,9.07373883431037e-4,0.002421236847919976
Sleeper shark,NMFS management area,2002,INSIDE,70,24,0.013430310617154084,0.013437154247930516,6.843630776432255e-6,0.0032742117201283367,0.008308807868278575,0.02176340532741211
Sleeper shark,NMFS management area,2002,WC,84,1,1.1894692609812814e-4,1.138677433935342e-4,-5.0791827045939365e-6,1.1783971688707434e-4,0,5.953770022212143e-4
Sleeper shark,NMFS management area,2002,WGOA,126,43,0.011116440273049737,0.011072044867019015,-4.439540603072209e-5,0.002124687951821298,0.007879812012980133,0.016673598675373078
Sleeper shark,NMFS management area,2003,AI,93,1,1.0515082401226709e-4,1.0215379034328283e-4,-2.997033668984266e-6,1.0183875921383391e-4,0,6.315341913328e-4
Sleeper shark,NMFS management area,2003,BS,103,34,0.004344780053987254,0.004327965266095453,-1.6814787891800825e-5,6.881251401196269e-4,0.003113770225925438,0.005859964700914173
Sleeper shark,NMFS management area,2003,CAN,170,5,5.960988904215253e-5,5.8747247553542625e-5,-8.62641488609905e-7,3.0382229935254506e-5,2.231860701679211e-5,1.6380335980888206e-4
Sleeper shark,NMFS management area,2003,CGOA,387,114,0.01114536141273838,0.011091896555971663,-5.3464856766716196e-5,0.001337181099627063,0.008857251558536729,0.0143288925235137
Sleeper shark,NMFS management area,2003,EGOA,187,12,7.22342785625262e-4,7.195185408930741e-4,-2.8242447321878694e-6,2.1595958638453609e-4,3.8522120873663013e-4,0.0012756795455966352
Sleeper shark,NMFS management area,2003,INSIDE,65,18,0.006661914400376528,0.006741493937121686,7.95795367451585e-5,0.0016381846311244205,0.003867746989983356,0.010409001577472191
Sleeper shark,NMFS management area,2003,WC,84,3,4.7905206293708647e-4,4.7891838839369535e-4,-1.3367454339112145e-7,0.00028313111678224425,1.1880247520315721e-4,0.0013375982080405507
Sleeper shark,NMFS management area,2003,WGOA,122,43,0.012269061426138882,0.012265217452625838,-3.843973513044385e-6,0.0020970212656235988,0.008716880388700997,0.017194927015179867
Sleeper shark,NMFS management area,2004,AI,93,2,3.559189347631206e-4,3.4628862794784486e-4,-9.630306815275715e-6,2.3913367466744728e-4,0,0.0012460261521636763
Sleeper shark,NMFS management area,2004,BS,98,28,0.003431673563563743,0.003421944809081719,-9.728754482024246e-6,7.113015979232618e-4,0.002236629981562853,0.005072453322884637
Sleeper shark,NMFS management area,2004,CAN,170,7,1.5757011870282277e-4,1.5576899944113787e-4,-1.8011192616848972e-6,7.008110909098642e-5,6.012112896068858e-5,3.799958324509434e-4
Sleeper shark,NMFS management area,2004,CGOA,368,80,0.0074104949034484325,0.007424320279990933,1.38253765425006e-5,0.0010818482379840193,0.005530630505896924,0.009752300641504761
Sleeper shark,NMFS management area,2004,EGOA,185,5,3.3516260936641173e-4,3.3816052966649046e-4,2.997920300078737e-6,1.5582043039134478e-4,1.184689491900862e-4,7.920599312127188e-4
Sleeper shark,NMFS management area,2004,INSIDE,69,17,0.014640444951213598,0.014581985377716334,-5.8459573497263856e-5,0.003969394749657805,0.008307097102628063,0.024774965391886925
Sleeper shark,NMFS management area,2004,WC,83,1,1.0063622219672771e-4,1.0472840079041343e-4,4.092178593685726e-6,1.0443729513999395e-4,0,6.037802682595732e-4
Sleeper shark,NMFS management area,2004,WGOA,126,42,0.010024476477795856,0.010085731832080124,6.125535428426823e-5,0.002101423730130107,0.006713990485008593,0.015523892719766902
Sleeper shark,NMFS management area,2005,AI,92,1,7.70439833861235e-5,7.674035263310277e-5,-3.036307530207235e-7,7.624940029240016e-5,0,4.6264815107561433e-4
Sleeper shark,NMFS management area,2005,BS,96,28,0.0030403092978832386,0.003046627954374714,6.3186564914752795e-6,6.719583744043133e-4,0.0020398277222355354,0.005010863926525659
Sleeper shark,NMFS management area,2005,CAN,168,5,4.291472913096704e-5,4.332544114009343e-5,4.1071200912639255e-7,1.871094802356645e-5,1.7111858692073955e-5,9.413184448092635e-5
Sleeper shark,NMFS management area,2005,CGOA,387,82,0.007719406975414387,0.007666420008911558,-5.298696650282882e-5,0.0011473950599224746,0.005827754788972934,0.010390324591653592
Sleeper shark,NMFS management area,2005,EGOA,189,12,6.472639935676711e-4,6.480867056533014e-4,8.227120856303021e-7,2.1650459034100268e-4,3.425321328792135e-4,0.001292726827000925
Sleeper shark,NMFS management area,2005,INSIDE,66,21,0.01490268462157641,0.014794864072799032,-1.078205487773775e-4,0.0043391739347597765,0.008537435015770738,0.026385962622107927
Sleeper shark,NMFS management area,2005,WC,84,0,0,0,0,0,0,0
Sleeper shark,NMFS management area,2005,WGOA,119,31,0.006476286438566215,0.006531393100085654,5.510666151943913e-5,0.0018353106968354229,0.003848130658080716,0.01200797908054401
Sleeper shark,NMFS management area,2006,AI,97,0,0,0,0,0,0,0
Sleeper shark,NMFS management area,2006,BS,130,18,0.0021651413872669947,0.0021791643331049333,1.4022945837938606e-5,5.871993991698748e-4,0.0012181353644182696,0.0035737763860396827
Sleeper shark,NMFS management area,2006,CAN,168,4,7.354933061765307e-5,7.379709572877813e-5,2.477651111250633e-7,4.0514112017742025e-5,2.1075561761113854e-5,2.2164008553544055e-4
Sleeper shark,NMFS management area,2006,CGOA,383,91,0.007508354431565684,0.00753145488017566,2.3100448609975413e-5,0.0010774776643189788,0.005692124868846008,0.009886034311938059
Sleeper shark,NMFS management area,2006,EGOA,185,6,3.957227212912141e-4,3.8565828016046746e-4,-1.0064441130746627e-5,1.8918050791704607e-4,1.3703213538969743e-4,0.0010205935418533246
Sleeper shark,NMFS management area,2006,INSIDE,71,23,0.012062340912460707,0.012073684052836287,1.134314037557968e-5,0.003497470418198955,0.00672546129677552,0.021856264852943008
Sleeper shark,NMFS management area,2006,WC,109,1,1.0184990396281555e-4,1.0414704645209548e-4,2.2971424892799324e-6,1.0349595776379792e-4,0,5.3474053178047e-4
Sleeper shark,NMFS management area,2006,WGOA,125,23,0.003710761457029342,0.003677961055639901,-3.280040138944071e-5,0.0010084553615995386,0.0021550516592235345,0.006376106393956273
Sleeper shark,NMFS management area,2007,AI,88,0,0,0,0,0,0,0
Sleeper shark,NMFS management area,2007,BS,132,22,0.001995923786553725,0.0020138087529710286,1.7884966417303517e-5,4.1017632206172906e-4,0.0012357955648646978,0.0029086609490008263
Sleeper shark,NMFS management area,2007,CAN,172,5,1.0633898505346487e-4,1.0658030725210317e-4,2.413221986382935e-7,5.5409948714566546e-5,3.5425083422138243e-5,3.3089134464615367e-4
Sleeper shark,NMFS management area,2007,CGOA,389,74,0.007849843428464945,0.007872190885945662,2.234745748071719e-5,0.0012157096123407082,0.005724809347242743,0.01053322448139727
Sleeper shark,NMFS management area,2007,EGOA,191,9,5.282992802000935e-4,5.274465902425496e-4,-8.526899575438682e-7,1.8465656598978865e-4,2.632182449380553e-4,0.0010422643671527062
Sleeper shark,NMFS management area,2007,INSIDE,68,20,0.008932893937340943,0.008902016128103965,-3.087780923697811e-5,0.0021998452339010172,0.005338236935269404,0.014066576135567974
Sleeper shark,NMFS management area,2007,WC,102,2,2.113770394876458e-4,2.1375270147802462e-4,2.375661990378818e-6,1.539899150541979e-4,0,8.345985331923758e-4
Sleeper shark,NMFS management area,2007,WGOA,122,18,0.003268699606615153,0.003298411594761504,2.9711988146351176e-5,0.001002752413925415,0.0016881939221628124,0.006038256558190155
Sleeper shark,NMFS management area,2008,AI,90,3,3.3915809861237336e-4,3.3578857911741386e-4,-3.3695194949595023e-6,1.9069540884419434e-4,1.1254905928299152e-4,9.076860046847926e-4
Sleeper shark,NMFS management area,2008,BS,125,12,0.0012214573149761478,0.0012168736342579865,-4.58368071816137e-6,3.561151106660948e-4,6.515711177916915e-4,0.00219329128271477
Sleeper shark,NMFS management area,2008,CAN,170,5,6.0032657765824606e-5,5.9772041316197963e-5,-2.6061644962664296e-007,2.5744677723371522e-5,2.397855235681235e-5,1.243171436127315e-4
Sleeper shark,NMFS management area,2008,CGOA,387,61,0.005366305786623301,0.00536815588820788,1.8501015845787117e-6,8.152881858526274e-4,0.003991272550912138,0.00714341401339355
Sleeper shark,NMFS management area,2008,EGOA,188,9,2.952096574785377e-4,2.969044091714845e-4,1.694751692946821e-6,1.3151260820467358e-4,1.2442909718223772e-4,7.327151718954988e-4
Sleeper shark,NMFS management area,2008,INSIDE,68,26,0.013038192341698404,0.013159971105883487,1.2177876418508274e-4,0.0031042455307813536,0.00806412580954306,0.020368357247313163
Sleeper shark,NMFS management area,2008,WC,122,0,0,0,0,0,0,0
Sleeper shark,NMFS management area,2008,WGOA,119,4,0.0014507782868675317,0.0014964110119795528,4.5632725112021086e-5,8.800019702307684e-4,3.3868470205011836e-4,0.004152035643057604
Sleeper shark,NMFS management area,2009,AI,94,0,0,0,0,0,0,0
Sleeper shark,NMFS management area,2009,BS,124,30,0.002392182208547221,0.002392400051057287,2.1784251006632532e-7,4.504243212455152e-4,0.0016595961195085922,0.0035009394694862743
Sleeper shark,NMFS management area,2009,CAN,171,9,7.639873347877389e-5,7.570623194784152e-5,-6.925015309323706e-7,2.5040725142607318e-5,4.2305752828867356e-5,1.441049482150864e-4
Sleeper shark,NMFS management area,2009,CGOA,378,84,0.004908092525913929,0.004896037428420914,-1.2055097493014928e-5,8.21836870970129e-4,0.0035650126411946367,0.006848703687507354
Sleeper shark,NMFS management area,2009,EGOA,180,9,3.984340191222003e-4,4.0103249544155877e-4,2.598476319358445e-6,1.3477248725873023e-4,1.983323882568501e-4,7.206803684018054e-4
Sleeper shark,NMFS management area,2009,INSIDE,66,15,0.0073364411218349475,0.00735772230551536,2.1281183680412624e-5,0.002304276775339358,0.0037596799634498617,0.013360084061239431
Sleeper shark,NMFS management area,2009,WC,101,0,0,0,0,0,0,0
Sleeper shark,NMFS management area,2009,WGOA,121,13,0.0010180957515386587,0.0010214598187091655,3.364067170506845e-6,2.894823525952112e-4,5.409220301223704e-4,0.001736981034467082
Sleeper shark,NMFS management area,2010,AI,89,3,2.819787792121076e-4,2.883000657628407e-4,6.321286550733116e-6,1.7373792611398122e-4,7.035685031699593e-5,8.449104673284574e-4
Sleeper shark,NMFS management area,2010,BS,128,18,0.0015259662464548454,0.001525450319277647,-5.159271771982762e-7,4.205475984899102e-4,8.870346564372357e-4,0.0027604467425261675
Sleeper shark,NMFS management area,2010,CAN,170,4,3.7171644909610354e-5,3.7062975715521994e-5,-1.0866919408836012e-7,1.919711833659625e-5,1.4840035781848303e-5,1.0119330271799682e-4
Sleeper shark,NMFS management area,2010,CGOA,383,40,0.0026189262550837932,0.0026174696094811616,-1.4566456026316246e-6,6.000765812862874e-4,0.0017277132496339234,0.004250568619245019
Sleeper shark,NMFS management area,2010,EGOA,186,5,1.6966103898566212e-4,1.706323442850712e-4,9.71305299409073e-7,7.485621047838336e-5,6.769743346401427e-5,3.7371657940720414e-4
Sleeper shark,NMFS management area,2010,INSIDE,66,17,0.0062273049331233055,0.006208424788050883,-1.888014507242259e-5,0.0021665928717221183,0.003013520301398128,0.012864988845359237
Sleeper shark,NMFS management area,2010,WC,83,0,0,0,0,0,0,0
Sleeper shark,NMFS management area,2010,WGOA,120,5,6.357857399895921e-4,6.277949032642303e-4,-7.990836725361777e-6,3.246178104086921e-4,2.108993412380631e-4,0.0016125846622647717
Sleeper shark,NMFS management area,2011,AI,88,1,9.477340684900072e-5,9.635027535124836e-5,1.5768685022476449e-6,9.474782754664377e-5,0,0.00047484884274154153
Sleeper shark,NMFS management area,2011,BS,128,11,7.234147458581156e-4,7.218235603541306e-4,-1.5911855039850084e-6,2.0899045995504244e-4,3.9295822332461125e-4,0.0011838813036439604
Sleeper shark,NMFS management area,2011,CAN,170,3,3.0203556871535713e-5,3.0500750341130262e-5,2.971934695945496e-7,1.7717774510203344e-5,1.0003491218435234e-5,8.074092627906765e-5
Sleeper shark,NMFS management area,2011,CGOA,383,38,0.002543112017635426,0.0025514924827394598,8.380465104033952e-6,5.94384779496275e-4,0.0016016482985522658,0.004073862587349431
Sleeper shark,NMFS management area,2011,EGOA,185,5,4.5281400830250783e-4,4.4784681881233473e-4,-4.9671894901731e-6,2.324659188814933e-4,1.3553497169855894e-4,0.0013618408555616315
Sleeper shark,NMFS management area,2011,INSIDE,67,18,0.007119055728098144,0.007121707013698608,2.6512856004636334e-6,0.0022451149824209574,0.0037998825643960617,0.013128320555164101
Sleeper shark,NMFS management area,2011,WC,134,1,6.261752740515944e-5,6.57187660043949e-5,3.1012385992354582e-6,6.201931098701732e-5,0,3.151537283018641e-4
Sleeper shark,NMFS management area,2011,WGOA,125,2,1.344538875996119e-4,1.340457800940896e-4,-4.0810750552230674e-7,9.371793086544492e-5,0,4.835656812670046e-4
Sleeper shark,NMFS management area,2012,AI,94,0,0,0,0,0,0,0
Sleeper shark,NMFS management area,2012,BS,127,7,9.965383869152927e-4,9.93255038047356e-4,-3.2833488679366845e-6,4.118158610039272e-4,3.990789221756658e-4,0.0021874396217253953
Sleeper shark,NMFS management area,2012,CAN,168,2,3.00503343099692e-5,2.9459564233024544e-5,-5.90770076944655e-7,2.134909806875485e-5,0,1.0519702418363177e-4
Sleeper shark,NMFS management area,2012,CGOA,387,36,0.0023240601691832843,0.0023057938023621836,-1.8266366821100694e-5,4.3824356966465843e-4,0.0016069637616952712,0.0034411366562839777
Sleeper shark,NMFS management area,2012,EGOA,188,4,4.6618345312229224e-4,4.734741556290149e-4,7.290702506722682e-6,2.566452477541606e-4,1.3267618254857608e-4,0.0013355842528876675
Sleeper shark,NMFS management area,2012,INSIDE,67,13,0.005845550229765703,0.005937419628230758,9.186939846505572e-5,0.0018919335983577895,0.0030102383719327443,0.01079626625648736
Sleeper shark,NMFS management area,2012,WC,94,1,5.4859382339774544e-5,5.3535465964831425e-5,-1.3239163749431183e-6,5.331345497037977e-5,0,3.289994099274674e-4
Sleeper shark,NMFS management area,2012,WGOA,125,1,1.0059910475544986e-4,1.0508627041926945e-4,4.4871656638195896e-6,1.0148617673924298e-4,0,5.038183289472965e-4
Sleeper shark,NMFS management area,2013,AI,91,1,9.034714507631108e-5,9.18054076077174e-5,1.4582625314063215e-6,9.01442615173084e-5,0,4.528479050239316e-4
Sleeper shark,NMFS management area,2013,BS,125,5,4.0836261385552284e-4,4.0425052190189755e-4,-4.112091953625287e-6,1.836098530061941e-4,1.3608363736514157e-4,9.845736872938547e-4
Sleeper shark,NMFS management area,2013,CAN,169,0,0,0,0,0,0,0
Sleeper shark,NMFS management area,2013,CGOA,381,55,0.003740563486057627,0.003744754434412629,4.190948355002003e-6,6.524204922609585e-4,0.00266767129533315,0.005294511314378679
Sleeper shark,NMFS management area,2013,EGOA,185,1,9.007374214174673e-5,9.492472608073948e-5,4.850983938992751e-6,9.371999511514087e-5,0,5.410039573020985e-4
Sleeper shark,NMFS management area,2013,INSIDE,67,14,0.007431226960768452,0.007407942298555663,-2.3284662212789096e-5,0.002607433505515886,0.003788089771549931,0.015218071648127817
Sleeper shark,NMFS management area,2013,WC,118,0,0,0,0,0,0,0
Sleeper shark,NMFS management area,2013,WGOA,126,1,6.614803749560466e-5,6.858017618164806e-5,2.432138686043396e-6,6.768848782308301e-5,0,4.627957367611797e-4
Sleeper shark,NMFS management area,2014,AI,101,1,7.194314176419454e-5,7.595666568667916e-5,4.013523922484624e-6,7.177753536063771e-5,0,4.0009406380811215e-4
Sleeper shark,NMFS management area,2014,BS,173,15,9.211419762166953e-4,9.201820748611317e-4,-9.599013555635673e-7,2.528538516198167e-4,5.020988297400985e-4,0.0015042368636503719
Sleeper shark,NMFS management area,2014,CAN,168,3,2.561628512633098e-5,2.5878691510478414e-5,2.624063841474351e-7,1.4535030528355645e-5,0,6.827926162015391e-5
Sleeper shark,NMFS management area,2014,CGOA,383,38,0.00162651405051295,0.0016445343135930413,1.8020263080091234e-5,3.3472078417945693e-4,0.0011018778716126462,0.0024134401850488857
Sleeper shark,NMFS management area,2014,EGOA,182,1,3.983556315355267e-5,3.914376062824811e-5,-6.918025253045562e-7,3.965396108577075e-5,0,2.3922939479896672e-4
Sleeper shark,NMFS management area,2014,INSIDE,69,20,0.004158923162128335,0.004185422641725961,2.6499479597625643e-5,0.0010406799801179981,0.0024864082527456047,0.006784780108296336
Sleeper shark,NMFS management area,2014,WC,170,0,0,0,0,0,0,0
Sleeper shark,NMFS management area,2014,WGOA,130,1,5.581017568431963e-5,5.882356829499186e-5,3.0133926106722307e-6,5.7487920898750425e-5,0,3.1219124582496343e-4
Sleeper shark,NMFS management area,2015,AI,91,1,2.3788499624791706e-4,2.2358893618886874e-4,-1.4296060059048324e-5,2.3168408450360982e-4,0,0.0011907438750972795
Sleeper shark,NMFS management area,2015,BS,127,9,6.072530394356342e-4,6.092698702196262e-4,2.0168307839920317e-6,2.01220122742107e-4,3.0102184654739875e-4,0.0010964856548614722
Sleeper shark,NMFS management area,2015,CAN,168,4,5.109687968388064e-5,5.0913689410269756e-5,-1.8319027361088098e-7,2.937415893102299e-5,1.683377168867399e-5,1.5080909892012671e-4
Sleeper shark,NMFS management area,2015,CGOA,385,34,0.001776938103025458,0.001772534582862781,-4.403520162677083e-6,5.613662098928448e-4,9.957973318314624e-4,0.0037163346929122267
Sleeper shark,NMFS management area,2015,EGOA,176,0,0,0,0,0,0,0
Sleeper shark,NMFS management area,2015,INSIDE,63,17,0.0033258205269777763,0.00332266940155455,-3.1511254232263405e-6,0.0010912104206630632,0.001672235777693457,0.006147662441072912
Sleeper shark,NMFS management area,2015,WC,104,0,0,0,0,0,0,0
Sleeper shark,NMFS management area,2015,WGOA,123,3,3.4950491304991177e-4,3.586931032191433e-4,9.188190169231525e-6,2.214077547402964e-4,5.913738375735845e-5,0.001162347873389793
Sleeper shark,NMFS management area,2016,AI,83,0,0,0,0,0,0,0
Sleeper shark,NMFS management area,2016,BS,207,17,7.566588729133423e-4,7.61232033869381e-4,4.573160956038657e-6,1.8368912034194616e-4,4.429311344370047e-4,0.0011940178392974934
Sleeper shark,NMFS management area,2016,CAN,169,4,4.865943263101552e-5,4.8244696388209516e-5,-4.1473624280600563e-7,2.4835666365771626e-5,9.93730282554214e-6,1.1923693907182275e-4
Sleeper shark,NMFS management area,2016,CGOA,384,41,0.0018918562572360687,0.001893461455577604,1.6051983415352623e-6,3.457385919431186e-4,0.0012871361834066145,0.0027077321819261486
Sleeper shark,NMFS management area,2016,EGOA,183,0,0,0,0,0,0,0
Sleeper shark,NMFS management area,2016,INSIDE,68,10,0.0025915791337300497,0.002544915597711645,-4.666353601840475e-5,9.627336279887356e-4,0.0012363693226247119,0.005471887756127402
Sleeper shark,NMFS management area,2016,WC,103,0,0,0,0,0,0,0
Sleeper shark,NMFS management area,2016,WGOA,126,3,1.9969851977583885e-4,2.000174952889527e-4,3.1897551311385673e-7,1.1437887377534474e-4,6.644829428505139e-5,5.980746501798511e-4
Sleeper shark,NMFS management area,2017,AI,198,2,1.5144691062867068e-4,1.506601623054701e-4,-7.867483232005949e-7,1.1425636796448784e-4,0,7.623853497658684e-4
Sleeper shark,NMFS management area,2017,BS,126,17,0.002114450992665415,0.002129198920251403,1.4747927585987905e-5,5.902601395938072e-4,0.0012165561325380588,0.0036110551223614926
Sleeper shark,NMFS management area,2017,CAN,168,3,3.601868649455337e-5,3.561035701717822e-5,-4.083294773751518e-7,2.0200571589409552e-5,1.1971914768095172e-5,1.0806059655456443e-4
Sleeper shark,NMFS management area,2017,CGOA,389,55,0.0020264637712965497,0.002038028701067211,1.1564929770661436e-5,3.732287173587067e-4,0.0014501184995366033,0.0029930943112611626
Sleeper shark,NMFS management area,2017,EGOA,185,0,0,0,0,0,0,0
Sleeper shark,NMFS management area,2017,INSIDE,67,10,0.0022165747137449987,0.0022281219733647703,1.1547259619771634e-5,7.512774831267963e-4,0.0010528353360194343,0.004176223234890646
Sleeper shark,NMFS management area,2017,WC,186,1,4.55195767449654e-5,4.433601302479839e-5,-1.1835637201670075e-6,4.463123148267525e-5,0,2.2771065528956892e-4
Sleeper shark,NMFS management area,2017,WGOA,123,4,4.07885022873799e-4,4.066330918706718e-4,-1.2519310031272038e-6,2.1207352993849455e-4,8.22914815766848e-5,0.0010606090937673714
Sleeper shark,NMFS management area,2018,AI,95,0,0,0,0,0,0,0
Sleeper shark,NMFS management area,2018,BS,128,8,5.187618280079093e-4,5.208109813483953e-4,2.0491533404859864e-6,1.928405357220231e-4,2.080971456952853e-4,9.968183218622818e-4
Sleeper shark,NMFS management area,2018,CAN,301,15,1.096014961080747e-4,1.0996548551443979e-4,3.639894063650883e-7,3.227699028439464e-5,6.187106298331507e-5,2.039202215669588e-4
Sleeper shark,NMFS management area,2018,CGOA,380,23,7.457096840740538e-4,7.535279081373161e-4,7.818224063262341e-6,1.759941731568129e-4,4.4670605757551483e-4,0.0011601877752707125
Sleeper shark,NMFS management area,2018,EGOA,183,1,7.949540746785524e-6,7.76458426009988e-6,-1.8495648668564336e-7,7.861832474936604e-6,0,3.9830973281781425e-5
Sleeper shark,NMFS management area,2018,INSIDE,96,17,0.0016387298150528943,0.0016543668154777055,1.5637000424811214e-5,5.956875319612172e-4,8.219191821496681e-4,0.0035080804402486173
Sleeper shark,NMFS management area,2018,WC,116,1,5.7051240539397306e-5,5.6389153094762214e-5,-6.620874446350915e-7,5.623762762726811e-5,0,3.413043277603417e-4
Sleeper shark,NMFS management area,2018,WGOA,123,1,1.7490815395165146e-4,1.7596050739309565e-4,1.052353441444192e-6,1.7126376058294843e-4,0,8.762276045376097e-4
Sleeper shark,NMFS management area,2019,AI,94,0,0,0,0,0,0,0
Sleeper shark,NMFS management area,2019,BS,127,12,6.780898564225563e-4,6.847199820620467e-4,6.63012563949033e-6,1.9973767562769327e-4,3.6416015312684555e-4,0.0011898700712426958
Sleeper shark,NMFS management area,2019,CAN,164,4,4.358779890333098e-5,4.443848318861303e-5,8.506842852820499e-7,2.396002665554007e-5,8.716723906486985e-6,1.2196679228935312e-4
Sleeper shark,NMFS management area,2019,CGOA,431,42,0.0012877796526377517,0.0012927237011137642,4.944048476012482e-6,2.4345165316410887e-4,9.038377938245781e-4,0.00189024389585911
Sleeper shark,NMFS management area,2019,EGOA,213,1,3.358128595671462e-5,3.340105509789343e-5,-1.802308588211903e-7,3.4279965300925065e-5,0,2.010666007727863e-4
Sleeper shark,NMFS management area,2019,INSIDE,75,12,0.002602078528525707,0.002572716598547387,-2.936192997831993e-5,9.225163879746543e-4,0.0012458333092450447,0.0051038483307927675
Sleeper shark,NMFS management area,2019,WC,104,0,0,0,0,0,0,0
Sleeper shark,NMFS management area,2019,WGOA,155,4,2.7621506427511345e-4,2.7286204221428417e-4,-3.353022060829285e-6,0.00014490260735953225,4.621142353950809e-5,7.345881106250817e-4
Sleeper shark,NMFS management area,2020,CAN,203,3,1.222274911270829e-4,1.20553303156573e-4,-1.6741879705099098e-6,7.476745396786024e-5,3.0633874005787404e-5,4.184443630827357e-4
Sleeper shark,NMFS management area,2020,CGOA,360,12,3.643814929342467e-4,3.6258757306265163e-4,-1.7939198715950615e-6,1.1724553146831848e-4,1.8172378413428507e-4,6.728510933337549e-4
Sleeper shark,NMFS management area,2020,EGOA,220,2,1.9996229520052161e-4,1.978985912689598e-4,-2.0637039315618143e-6,1.3934244839507748e-4,0,6.866125483466326e-4
Sleeper shark,NMFS management area,2020,INSIDE,89,10,0.0020582225012162787,0.002073655867164041,1.5433365947762137e-5,8.21361271108871e-4,8.837619104499721e-4,0.004324835735803835
Sleeper shark,NMFS management area,2021,AI,49,0,0,0,0,0,0,0
Sleeper shark,NMFS management area,2021,BS,76,1,1.2713131917439427e-4,1.31567585174388e-4,4.436265999993729e-6,1.2718452955958154e-4,0,6.93321511918475e-4
Sleeper shark,NMFS management area,2021,CAN,229,1,2.9624985041106625e-5,3.065924920131778e-5,1.0342641602111518e-6,3.0023925631476355e-5,0,1.7987562694372105e-4
Sleeper shark,NMFS management area,2021,CGOA,382,25,0.0011327063560265934,0.001118489847265447,-1.4216508761146548e-5,3.264444651229389e-4,6.949073695717487e-4,0.0021807082746369763
Sleeper shark,NMFS management area,2021,EGOA,205,1,3.085804212874309e-5,2.9908903844617442e-5,-9.491382841256467e-7,3.064210441160724e-5,0,1.5450146473233625e-4
Sleeper shark,NMFS management area,2021,INSIDE,94,10,8.098216238708558e-4,8.235564772480999e-4,1.3734853377244142e-5,2.7433312808572077e-4,4.0461695163293896e-4,0.001563609599712023
Sleeper shark,NMFS management area,2021,WC,76,1,3.323650431742191e-5,3.29892507177408e-5,-2.472535996811103e-7,3.2896239702483683e-005,0,1.6618859746795052e-4
Sleeper shark,NMFS management area,2021,WGOA,56,1,1.9579755214143538e-4,2.0109216934830718e-4,5.2946172068718e-6,1.9786262287940085e-4,0,0.0013418717917878405
