species,year,FMP_sub_area,RPN_strata,n_stations,n_pos_catch,strata_rpn,boot_strata_rpn,boot_bias,boot_sd,boot_lci,boot_uci,fmp_rpn,fmp_lci,fmp_uci
Sleeper shark,1998,AI,AI0,21,1,6.222032194581143,6.327853801622954,0.1058216070418112,6.055818912457281,0,29.76447020561924,13.915273027642526,0,68.68753412933077
Sleeper shark,1998,AI,AI100,36,1,7.56677096330034,7.587419226019572,0.020648262719231703,7.755262925997739,0,38.92306392371154,13.915273027642526,0,68.68753412933077
Sleeper shark,1998,AI,AI200,12,0,0,0,0,0,0,0,13.915273027642526,0,68.68753412933077
Sleeper shark,1998,AI,AI300500,9,0,0,0,0,0,0,0,13.915273027642526,0,68.68753412933077
Sleeper shark,1998,BS,BS0,3,2,11317.061595682206,10897.258872757331,-419.8027229248746,5066.374149930094,0,17023.65392880023,12143.095668474672,622.4972251389405,19050.742288107926
Sleeper shark,1998,BS,BS100,24,11,1090.8952300432052,1101.6384033429576,10.74317329975247,287.85113263205994,610.5751643296906,1765.7585872886461,12143.095668474672,622.4972251389405,19050.742288107926
Sleeper shark,1998,BS,BS200400,18,6,28.549488729084274,28.465850198856906,-0.08363853022736834,10.471094811865942,11.922060809250004,54.99108463078064,12143.095668474672,622.4972251389405,19050.742288107926
Sleeper shark,1998,BS,BS400600,3,2,114.18449662285427,115.73254217552758,1.5480455526733152,71.20041640315195,0,206.33868738826573,12143.095668474672,622.4972251389405,19050.742288107926
Sleeper shark,1998,CGOA,CG0,124,25,250.55290461845692,251.8665282072124,1.3136235887554903,78.57986526517814,137.31872465074628,481.10597000794894,1087.6459564017728,729.5166809070313,1697.6677239378578
Sleeper shark,1998,CGOA,CG100,181,50,381.978457334464,385.8785968674078,3.900139532943797,76.98538905151271,257.9862642554232,571.820281753111,1087.6459564017728,729.5166809070313,1697.6677239378578
Sleeper shark,1998,CGOA,CG200,74,40,447.2332164447393,446.33770219798004,-0.8955142467592623,71.86767120482541,334.21169200086183,627.7355258511284,1087.6459564017728,729.5166809070313,1697.6677239378578
Sleeper shark,1998,CGOA,CG300500,9,1,3.5899534410226424,3.5631291291726135,-0.02682431185002887,3.3586135907124066,0,17.005946325669516,1087.6459564017728,729.5166809070313,1697.6677239378578
Sleeper shark,1998,EY/SE,EY/SE0,19,0,0,0,0,0,0,0,22.14389975993308,8.9995824653875,50.06021922453812
Sleeper shark,1998,EY/SE,EY/SE100,70,9,19.834284275148793,19.536708879458182,-0.2975753956906111,7.443912146563881,8.9995824653875,42.10203989352954,22.14389975993308,8.9995824653875,50.06021922453812
Sleeper shark,1998,EY/SE,EY/SE200,24,2,2.6307443385757945,2.607190880474898,-0.023553458100896485,1.7686508953128135,0,7.958179331008578,22.14389975993308,8.9995824653875,50.06021922453812
Sleeper shark,1998,EY/SE,EY/SE300500,8,0,0,0,0,0,0,0,22.14389975993308,8.9995824653875,50.06021922453812
Sleeper shark,1998,WGOA,WG0,64,22,223.25256608533675,223.02036251841218,-0.2322035669245679,48.159307498933515,144.48287305665247,340.4144608887202,388.65387380985305,242.40209618226208,626.65277420586
Sleeper shark,1998,WGOA,WG100,50,26,147.0669616748382,147.6742767435131,0.6073150686748932,32.7251368484512,95.25847506243977,228.9886509997422,388.65387380985305,242.40209618226208,626.65277420586
Sleeper shark,1998,WGOA,WG200,8,3,18.40148195978221,17.95923454792775,-0.4422474118544599,11.924162292885656,2.660748063169844,57.24966231739764,388.65387380985305,242.40209618226208,626.65277420586
Sleeper shark,1998,WGOA,WG300500,5,0,0,0,0,0,0,0,388.65387380985305,242.40209618226208,626.65277420586
Sleeper shark,1998,WY,WY0,19,1,6.23503574875421,6.04332814806189,-0.19170760069231996,6.082863751045934,0,41.903140551328796,156.4642742737876,63.00930043527398,401.565711045616
Sleeper shark,1998,WY,WY100,39,9,93.9043148127012,93.70066032049778,-0.20365449220342668,35.54314116677351,42.155071188837795,192.125746351874,156.4642742737876,63.00930043527398,401.565711045616
Sleeper shark,1998,WY,WY200,11,5,57.301581180541575,56.72028580522794,-0.581295375313637,28.20517632855743,20.854229246436184,167.5368241424132,156.4642742737876,63.00930043527398,401.565711045616
Sleeper shark,1998,WY,WY300500,3,0,0,0,0,0,0,0,156.4642742737876,63.00930043527398,401.565711045616
Sleeper shark,1999,AI,AI0,25,1,26.231248005372834,25.724589675934432,-0.5066583294384017,25.463771925085418,0,132.16263755433124,32.93646989422018,0,171.2293590974746
Sleeper shark,1999,AI,AI100,43,1,3.0496229861750486,3.1368205467924293,0.08719756061738071,3.0823725288498536,0,17.99728563848262,32.93646989422018,0,171.2293590974746
Sleeper shark,1999,AI,AI200,15,1,4.0401269106492075,4.0750596714933165,0.03493276084410901,3.9413537771326523,0,21.069435904660743,32.93646989422018,0,171.2293590974746
Sleeper shark,1999,AI,AI300500,8,0,0,0,0,0,0,0,32.93646989422018,0,171.2293590974746
Sleeper shark,1999,BS,BS0,3,2,10496.469328993491,10531.17991305748,34.71058406398879,4622.966252948069,0,16954.778463476072,10558.200126555896,0,17010.012190755657
Sleeper shark,1999,BS,BS100,1,0,0,0,0,0,0,0,10558.200126555896,0,17010.012190755657
Sleeper shark,1999,BS,BS200400,3,1,26.965868304540994,27.020213498415714,0.054345193874720366,22.237823867979888,0,55.23372727958565,10558.200126555896,0,17010.012190755657
Sleeper shark,1999,BS,BS400600,1,1,130.02877697841728,0,0,0,0,0,10558.200126555896,0,17010.012190755657
Sleeper shark,1999,CGOA,CG0,123,20,248.3060532543814,248.5908077608632,0.28475450648181777,79.56651727576953,134.44006029848362,475.710611598818,1386.2705627709333,936.6943460119107,2040.3542288944793
Sleeper shark,1999,CGOA,CG100,181,55,721.2127252684149,724.7883508468814,3.575625578466429,121.11032247765172,507.5310319787958,998.1502650461933,1386.2705627709333,936.6943460119107,2040.3542288944793
Sleeper shark,1999,CGOA,CG200,76,38,413.9540293387335,412.8914041631887,-1.062625175544781,68.23109408152733,294.7232537346313,566.493352249468,1386.2705627709333,936.6943460119107,2040.3542288944793
Sleeper shark,1999,CGOA,CG300500,9,0,0,0,0,0,0,0,1386.2705627709333,936.6943460119107,2040.3542288944793
Sleeper shark,1999,EY/SE,EY/SE0,18,2,6.791156532721603,6.563968733529405,-0.22718779919219756,4.709237107259322,0,22.62748854610232,34.53760315204916,6.052347903681397,118.0441027683655
Sleeper shark,1999,EY/SE,EY/SE100,69,9,16.04212668456053,16.36142144767091,0.3192947631103813,8.287469866968168,6.052347903681397,48.75739000744403,34.53760315204916,6.052347903681397,118.0441027683655
Sleeper shark,1999,EY/SE,EY/SE200,23,2,6.82086520076598,7.007719653592159,0.18685445282617863,5.736695831665389,0,32.870005880576656,34.53760315204916,6.052347903681397,118.0441027683655
Sleeper shark,1999,EY/SE,EY/SE300500,9,2,4.695397290261511,4.604493317256685,-0.090903973004826,3.0064222453741674,0,13.789218334242497,34.53760315204916,6.052347903681397,118.0441027683655
Sleeper shark,1999,WGOA,WG0,63,23,298.7827324187637,296.6027884997292,-2.1799439190345424,68.04012927898343,192.18862101816765,475.1713734050732,463.07091516536207,287.31221738215345,789.2152243871818
Sleeper shark,1999,WGOA,WG100,49,22,144.87185033160978,143.66162800382946,-1.2102223277803148,29.88161578258352,95.12359636398583,222.1680022867636,463.07091516536207,287.31221738215345,789.2152243871818
Sleeper shark,1999,WGOA,WG200,7,1,23.02604687567944,22.806498661803438,-0.21954821387600276,21.30715507493331,0,91.87584869534497,463.07091516536207,287.31221738215345,789.2152243871818
Sleeper shark,1999,WGOA,WG300500,3,0,0,0,0,0,0,0,463.07091516536207,287.31221738215345,789.2152243871818
Sleeper shark,1999,WY,WY0,19,1,12.787925444208728,12.608825301211876,-0.17910014299685173,11.924510527656027,0,63.50099013736316,98.57034673169281,33.99642004869491,236.07221373133422
Sleeper shark,1999,WY,WY100,39,9,68.15832653921458,68.85944862548028,0.7011220862656984,23.294627673600584,30.757513516265924,126.88962679511195,98.57034673169281,33.99642004869491,236.07221373133422
Sleeper shark,1999,WY,WY200,10,3,13.097634257059376,13.004821237811262,-0.0928130192481138,7.071628084238097,3.2389065324289814,33.38674500478734,98.57034673169281,33.99642004869491,236.07221373133422
Sleeper shark,1999,WY,WY300500,4,1,4.046444430182139,4.097251567189383,0.050807137007244485,3.6097044051624043,0,12.294851794071763,98.57034673169281,33.99642004869491,236.07221373133422
Sleeper shark,2000,AI,AI0,32,1,11.945861123629921,11.922371596060522,-0.02348952756939937,12.137266195203624,0,59.9696825134577,14.836726814389259,0,74.47490959720264
Sleeper shark,2000,AI,AI100,45,1,2.8878853027722182,2.914355218328737,0.026469915556518675,2.851354742957977,0,14.505227083744943,14.836726814389259,0,74.47490959720264
Sleeper shark,2000,AI,AI200,14,0,0,0,0,0,0,0,14.836726814389259,0,74.47490959720264
Sleeper shark,2000,AI,AI300500,7,0,0,0,0,0,0,0,14.836726814389259,0,74.47490959720264
Sleeper shark,2000,BS,BS0,3,2,2434.7598931758935,2431.611169622626,-3.1487235532672457,1180.8456260346395,0,4085.551855779427,4845.0753663104715,1796.366305656193,7302.355765447829
Sleeper shark,2000,BS,BS100,56,37,2287.0441673656305,2285.6780159047858,-1.366151460844776,325.1046283630457,1727.1077220170914,2997.739172693496,4845.0753663104715,1796.366305656193,7302.355765447829
Sleeper shark,2000,BS,BS200400,29,16,99.50904699945032,99.45019298260422,-0.058854016846098034,24.221611916434107,59.83809498510065,162.3928097409172,4845.0753663104715,1796.366305656193,7302.355765447829
Sleeper shark,2000,BS,BS400600,7,3,28.62155805363424,28.335987800455566,-0.2855702531786726,12.334303193457462,9.4204886540008,56.671927233988235,4845.0753663104715,1796.366305656193,7302.355765447829
Sleeper shark,2000,CGOA,CG0,118,25,321.1874845998295,324.3398885910788,3.1524039912493436,85.42714209002342,196.28085119792692,558.7939139307359,1407.8095458965306,992.1591662776575,2034.5264849192467
Sleeper shark,2000,CGOA,CG100,176,68,538.1024748061661,539.5628910142765,1.4604162081103595,83.63520148620474,404.54610767713746,738.7555380665904,1407.8095458965306,992.1591662776575,2034.5264849192467
Sleeper shark,2000,CGOA,CG200,74,40,546.1260226563154,543.9067662911754,-2.2192563651400405,89.38112520122522,391.3322074025931,736.9770329219203,1407.8095458965306,992.1591662776575,2034.5264849192467
Sleeper shark,2000,CGOA,CG300500,9,0,0,0,0,0,0,0,1407.8095458965306,992.1591662776575,2034.5264849192467
Sleeper shark,2000,EY/SE,EY/SE0,18,1,2.615046719947026,2.5805013575023796,-0.034545362444646344,2.584155275595213,0,13.082520349283598,27.671683383260714,6.818503219964583,75.00634227759033
Sleeper shark,2000,EY/SE,EY/SE100,71,6,8.948791140785868,8.961962994645459,0.013171853859590854,4.125708400769577,3.357728311401936,22.396510263484092,27.671683383260714,6.818503219964583,75.00634227759033
Sleeper shark,2000,EY/SE,EY/SE200,21,4,8.708275710049486,8.727027498074696,0.018751788025209493,4.180441828492789,3.460774908562647,20.92931309441521,27.671683383260714,6.818503219964583,75.00634227759033
Sleeper shark,2000,EY/SE,EY/SE300500,6,2,7.518565755769467,7.40219153303818,-0.11637422273128717,4.330286430873,0,18.597998570407434,27.671683383260714,6.818503219964583,75.00634227759033
Sleeper shark,2000,WGOA,WG0,66,21,226.950008683273,227.87028745503676,0.9202787717637477,59.13097773968094,134.29000832830542,383.10498037703684,356.07881631227,196.18830403484333,667.1172084210433
Sleeper shark,2000,WGOA,WG100,51,21,99.02505748083395,99.65646369282,0.6314062119860466,25.178730555230135,61.898295706537894,169.95785797677465,356.07881631227,196.18830403484333,667.1172084210433
Sleeper shark,2000,WGOA,WG200,7,1,28.389115250291038,28.55206516441327,0.16294991412223325,26.515643034717424,0,114.05437006723182,356.07881631227,196.18830403484333,667.1172084210433
Sleeper shark,2000,WGOA,WG300500,5,0,0,0,0,0,0,0,356.07881631227,196.18830403484333,667.1172084210433
Sleeper shark,2000,WY,WY0,19,1,6.292577877460857,6.088026124600534,-0.2045517528603238,6.098637086646398,0,31.46652848937485,191.35762422474852,37.05625105492254,777.2394150775327
Sleeper shark,2000,WY,WY100,38,5,90.14389518483985,87.61760691695488,-2.526288267884965,60.389926741050566,22.33663498500263,356.3232142558579,191.35762422474852,37.05625105492254,777.2394150775327
Sleeper shark,2000,WY,WY200,11,4,97.84247244222357,97.65199118319309,-0.1904812590304772,74.51707390715497,14.719616069919912,389.4496723323,191.35762422474852,37.05625105492254,777.2394150775327
Sleeper shark,2000,WY,WY300500,3,0,0,0,0,0,0,0,191.35762422474852,37.05625105492254,777.2394150775327
Sleeper shark,2001,AI,AI0,27,2,13.02391340281204,13.137911045091634,0.1139976422795943,8.970826624355524,0,39.25526350179629,34.159032016345314,0,141.442279865423
Sleeper shark,2001,AI,AI100,44,1,8.35178003790414,7.975075546248756,-0.3767044916553841,7.814040726040339,0,49.93690294517181,34.159032016345314,0,141.442279865423
Sleeper shark,2001,AI,AI200,15,0,0,0,0,0,0,0,34.159032016345314,0,141.442279865423
Sleeper shark,2001,AI,AI300500,10,1,12.748020558410888,13.046045425004927,0.29802486659403904,12.261745245675364,0,52.25011341845489,34.159032016345314,0,141.442279865423
Sleeper shark,2001,BS,BS0,3,0,0,0,0,0,0,0,730.6113008957673,370.78998067811153,1313.5433370831176
Sleeper shark,2001,BS,BS100,58,10,660.2658803497009,658.4976667784974,-1.7682135712034324,198.67876090381745,351.70000743127576,1122.796533767904,730.6113008957673,370.78998067811153,1313.5433370831176
Sleeper shark,2001,BS,BS200400,31,4,26.10191982559331,26.079140735030048,-0.02277909056326166,15.383915674706664,7.519350471463108,86.21373388612079,730.6113008957673,370.78998067811153,1313.5433370831176
Sleeper shark,2001,BS,BS400600,8,3,46.28367629781495,46.034493382239745,-0.24918291557520433,22.895332188893676,11.570622775372682,104.53306942909286,730.6113008957673,370.78998067811153,1313.5433370831176
Sleeper shark,2001,CGOA,CG0,127,35,480.8923835369282,483.498115658184,2.605732121255812,103.38335933492415,308.84842386117225,728.4175692892322,1583.4010852961496,1075.283241395352,2332.8436872240527
Sleeper shark,2001,CGOA,CG100,173,50,637.3445033678515,637.4097031384074,0.06519977055586423,113.38698660007955,451.63479600380253,911.5419753367873,1583.4010852961496,1075.283241395352,2332.8436872240527
Sleeper shark,2001,CGOA,CG200,70,30,459.3599659255773,455.8525430529661,-3.507422872611187,88.14698963479174,314.8000215303773,667.0094967061501,1583.4010852961496,1075.283241395352,2332.8436872240527
Sleeper shark,2001,CGOA,CG300500,7,1,6.450093074936147,6.640723446592232,0.1906303716560851,5.904066301238272,0,25.874645891882835,1583.4010852961496,1075.283241395352,2332.8436872240527
Sleeper shark,2001,EY/SE,EY/SE0,18,0,0,0,0,0,0,0,8.940450384360947,1.6641236034985065,32.1385640929448
Sleeper shark,2001,EY/SE,EY/SE100,66,3,5.047964830043651,5.025521621735998,-0.022443208307652895,2.8274441898655325,1.6641236034985065,13.413189623776633,8.940450384360947,1.6641236034985065,32.1385640929448
Sleeper shark,2001,EY/SE,EY/SE200,26,1,3.9223017803272175,3.914928762624948,-0.007373017702269724,3.8304717851262886,0,18.725374469168166,8.940450384360947,1.6641236034985065,32.1385640929448
Sleeper shark,2001,EY/SE,EY/SE300500,7,0,0,0,0,0,0,0,8.940450384360947,1.6641236034985065,32.1385640929448
Sleeper shark,2001,WGOA,WG0,62,25,580.684428799146,577.4416160027131,-3.2428127964328723,158.26697280202634,334.21648899677456,992.2763489056678,789.7179814002411,444.31604745790287,1432.9833683316192
Sleeper shark,2001,WGOA,WG100,47,22,179.4937320450146,180.77045600329623,1.2767239582816217,40.79188276682352,110.09955846112832,279.0723384991193,789.7179814002411,444.31604745790287,1432.9833683316192
Sleeper shark,2001,WGOA,WG200,7,1,32.46623098830092,31.505909394231804,-0.9603215940691179,30.141377943678915,0,161.63468092683206,789.7179814002411,444.31604745790287,1432.9833683316192
Sleeper shark,2001,WGOA,WG300500,3,0,0,0,0,0,0,0,789.7179814002411,444.31604745790287,1432.9833683316192
Sleeper shark,2001,WY,WY0,19,1,8.759308878351495,8.945864578653106,0.18655570030161073,8.799023628760834,0,59.447739843112686,86.51787899594073,7.385781853815834,371.32323487852796
Sleeper shark,2001,WY,WY100,40,3,22.3690450407637,22.587730043596174,0.21868500283247272,12.589304784669881,7.385781853815834,59.68208880673909,86.51787899594073,7.385781853815834,371.32323487852796
Sleeper shark,2001,WY,WY200,11,1,51.275762515824084,54.98428437369145,3.7085218578673675,51.00959141963322,0,252.19340622867617,86.51787899594073,7.385781853815834,371.32323487852796
Sleeper shark,2001,WY,WY300500,3,0,0,0,0,0,0,0,86.51787899594073,7.385781853815834,371.32323487852796
Sleeper shark,2002,AI,AI0,25,1,7.251829695126058,7.320712384841981,0.06888268971592293,6.947693293111056,0,35.86157101204678,16.02641768576357,0,65.84564921830136
Sleeper shark,2002,AI,AI100,42,2,8.588989966847185,8.70570530092159,0.11671533407440471,5.875467620717269,0,29.984078206254587,16.02641768576357,0,65.84564921830136
Sleeper shark,2002,AI,AI200,16,0,0,0,0,0,0,0,16.02641768576357,0,65.84564921830136
Sleeper shark,2002,AI,AI300500,13,0,0,0,0,0,0,0,16.02641768576357,0,65.84564921830136
Sleeper shark,2002,BS,BS0,3,1,1113.49,1109.7783666666667,-3.7116333333333387,911.727248045279,0,2226.98,2109.5218401586703,560.0290007016381,3941.503190241933
Sleeper shark,2002,BS,BS100,59,14,949.6488745453972,956.775228228207,7.126353682809736,255.35913666624688,548.8045093009088,1599.1509668621122,2109.5218401586703,560.0290007016381,3941.503190241933
Sleeper shark,2002,BS,BS200400,31,6,29.82452427401913,29.90165403342564,0.07712975940651035,11.61626510511795,11.224491400729288,63.18752047782342,2109.5218401586703,560.0290007016381,3941.503190241933
Sleeper shark,2002,BS,BS400600,7,1,12.947369959942693,13.06659123037088,0.11922127042818786,12.585825639223689,0,52.18470290199776,2109.5218401586703,560.0290007016381,3941.503190241933
Sleeper shark,2002,CGOA,CG0,116,25,386.0707645232054,387.53298940355256,1.4622248803471507,100.98521564822462,239.3183789215311,681.4670636401623,1646.3606180846095,1156.5197886580575,2423.6895940094482
Sleeper shark,2002,CGOA,CG100,184,64,669.1024633508852,672.2796125281169,3.1771491772317404,105.41762528187425,499.0748181363355,917.086847788219,1646.3606180846095,1156.5197886580575,2423.6895940094482
Sleeper shark,2002,CGOA,CG200,67,31,589.3430768524876,586.54801615294,-2.795060699547548,100.48431541105585,418.1265916001909,825.1356825810668,1646.3606180846095,1156.5197886580575,2423.6895940094482
Sleeper shark,2002,CGOA,CG300500,8,0,0,0,0,0,0,0,1646.3606180846095,1156.5197886580575,2423.6895940094482
Sleeper shark,2002,EY/SE,EY/SE0,17,0,0,0,0,0,0,0,33.67136495774947,5.710678853646435,116.83381845268805
Sleeper shark,2002,EY/SE,EY/SE100,69,5,11.357170064018819,11.279877358634431,-0.07729270538438726,5.104012695594764,3.2590419210471806,25.97957888874776,33.67136495774947,5.710678853646435,116.83381845268805
Sleeper shark,2002,EY/SE,EY/SE200,21,3,12.235469497289332,12.085003769749836,-0.15046572753949583,7.485541447473495,2.451636932599254,38.39632710602783,33.67136495774947,5.710678853646435,116.83381845268805
Sleeper shark,2002,EY/SE,EY/SE300500,9,1,10.492058273340513,10.3064838293652,-0.18557444397531242,9.668757048443466,0,52.45791245791246,33.67136495774947,5.710678853646435,116.83381845268805
Sleeper shark,2002,WGOA,WG0,65,25,358.966264488295,356.9829538833838,-1.9833106049111962,70.99469346710785,237.61688044991686,528.4990848941293,615.2938546416113,351.93789334803245,1159.6149203183245
Sleeper shark,2002,WGOA,WG100,48,17,205.49043923927607,203.27751944337513,-2.2129197959009446,58.22402336518743,114.32101289811558,348.8879873229295,615.2938546416113,351.93789334803245,1159.6149203183245
Sleeper shark,2002,WGOA,WG200,8,1,56.94370983786048,55.03338131485238,-1.9103285230081042,51.694118954994984,0,282.2278481012658,615.2938546416113,351.93789334803245,1159.6149203183245
Sleeper shark,2002,WGOA,WG300500,5,0,0,0,0,0,0,0,615.2938546416113,351.93789334803245,1159.6149203183245
Sleeper shark,2002,WY,WY0,19,3,44.00352675111892,43.92759099372548,-0.07593575739343805,26.862724334465387,8.783066294044993,140.78300986320312,98.91113441724137,23.607650841701503,275.76855386272564
Sleeper shark,2002,WY,WY100,40,4,44.49816755368416,45.48618892456029,0.9880213708761261,22.073600719484613,14.82458454765651,111.34316553818988,98.91113441724137,23.607650841701503,275.76855386272564
Sleeper shark,2002,WY,WY200,11,2,9.45112625453624,9.497354498955602,0.04622824441936224,6.01238175623861,0,23.64237846133265,98.91113441724137,23.607650841701503,275.76855386272564
Sleeper shark,2002,WY,WY300500,3,0,0,0,0,0,0,0,98.91113441724137,23.607650841701503,275.76855386272564
Sleeper shark,2003,AI,AI0,28,1,6.226256588493183,6.057404705094179,-0.1688518833990047,5.9233657278610234,0,25.601261102297524,6.057404705094179,0,25.601261102297524
Sleeper shark,2003,AI,AI100,33,0,0,0,0,0,0,0,6.057404705094179,0,25.601261102297524
Sleeper shark,2003,AI,AI200,19,0,0,0,0,0,0,0,6.057404705094179,0,25.601261102297524
Sleeper shark,2003,AI,AI300500,12,0,0,0,0,0,0,0,6.057404705094179,0,25.601261102297524
Sleeper shark,2003,BS,BS0,3,1,3396.972983966645,3490.609620660967,93.63663669432162,2818.5612052777756,0,6771.222972972973,4766.59341810104,854.9927337776511,8674.248638055222
Sleeper shark,2003,BS,BS100,57,19,1202.5192758860073,1199.889503154058,-2.629772731949288,231.485767959988,825.2696241660391,1757.0366827795165,4766.59341810104,854.9927337776511,8674.248638055222
Sleeper shark,2003,BS,BS200400,35,12,52.73077062298747,52.85736322356303,0.126592600575556,14.296079609999763,29.72310961161206,88.42900490789985,4766.59341810104,854.9927337776511,8674.248638055222
Sleeper shark,2003,BS,BS400600,8,2,22.99461838907902,23.236931062451827,0.24231267337280826,13.99797395985412,0,57.559977394832785,4766.59341810104,854.9927337776511,8674.248638055222
Sleeper shark,2003,CGOA,CG0,123,21,171.51341818656377,172.67045243508795,1.1570342485241838,37.70286658595628,107.08444688491956,257.83488722236297,1549.4611109618677,1113.3926107217,2128.549466035375
Sleeper shark,2003,CGOA,CG100,181,53,548.1620743345053,545.4142877473557,-2.7477865871495624,80.72122836706723,400.7501972487592,727.8619035155883,1549.4611109618677,1113.3926107217,2128.549466035375
Sleeper shark,2003,CGOA,CG200,74,41,833.4773866877704,831.3763707794241,-2.1010159083463122,134.950032990799,605.5579665880214,1142.852675297424,1549.4611109618677,1113.3926107217,2128.549466035375
Sleeper shark,2003,CGOA,CG300500,10,0,0,0,0,0,0,0,1549.4611109618677,1113.3926107217,2128.549466035375
Sleeper shark,2003,EY/SE,EY/SE0,17,0,0,0,0,0,0,0,4.118330936657605,0,21.133133170544717
Sleeper shark,2003,EY/SE,EY/SE100,73,1,1.5336331031219563,1.4812935212346787,-0.05233958188727761,1.4772178843902422,0,7.7040317793094895,4.118330936657605,0,21.133133170544717
Sleeper shark,2003,EY/SE,EY/SE200,19,1,2.6871914505975756,2.6370374154229266,-0.050154035174649,2.5611060126433127,0,13.429101391235227,4.118330936657605,0,21.133133170544717
Sleeper shark,2003,EY/SE,EY/SE300500,9,0,0,0,0,0,0,0,4.118330936657605,0,21.133133170544717
Sleeper shark,2003,WGOA,WG0,63,22,532.8947229735946,534.4784689095111,1.583745935916454,128.39813127796745,329.78692602492754,851.3448138570233,741.942213149078,451.07280087288893,1205.4409038900174
Sleeper shark,2003,WGOA,WG100,49,20,201.2517800419015,202.83386854507538,1.5820885031738783,49.485321300869415,121.28587484796141,335.4544324227317,741.942213149078,451.07280087288893,1205.4409038900174
Sleeper shark,2003,WGOA,WG200,6,1,4.6758668333442985,4.629875694491585,-0.04599113885271322,4.24782213987801,0,18.641657610262392,741.942213149078,451.07280087288893,1205.4409038900174
Sleeper shark,2003,WGOA,WG300500,4,0,0,0,0,0,0,0,741.942213149078,451.07280087288893,1205.4409038900174
Sleeper shark,2003,WY,WY0,18,3,30.900390667598128,31.16473079544968,0.26434012785155403,16.476027195356593,9.53605011336193,77.4873398942991,86.69547376342162,25.459310350121974,215.29934671083512
Sleeper shark,2003,WY,WY100,39,5,40.161165316674065,40.731477716035194,0.5703123993611285,16.995776053063818,15.923260236760044,88.4036155504341,86.69547376342162,25.459310350121974,215.29934671083512
Sleeper shark,2003,WY,WY200,11,2,14.923260023706044,14.799265251936747,-0.12399477176929707,10.127160050471199,0,49.40839126610193,86.69547376342162,25.459310350121974,215.29934671083512
Sleeper shark,2003,WY,WY300500,3,0,0,0,0,0,0,0,86.69547376342162,25.459310350121974,215.29934671083512
Sleeper shark,2004,AI,AI0,27,1,10.7038381236985,10.662369484418255,-0.0414686392802448,10.559669278390698,0,64.32740326386808,18.864938769109308,0,104.8177386324686
Sleeper shark,2004,AI,AI100,37,1,8.103477291956594,8.202569284691053,0.09909199273445957,8.05273755604592,0,40.490335368600526,18.864938769109308,0,104.8177386324686
Sleeper shark,2004,AI,AI200,16,0,0,0,0,0,0,0,18.864938769109308,0,104.8177386324686
Sleeper shark,2004,AI,AI300500,13,0,0,0,0,0,0,0,18.864938769109308,0,104.8177386324686
Sleeper shark,2004,BS,BS0,3,0,0,0,0,0,0,0,1101.801615663351,652.9047686776805,1765.7312111515557
Sleeper shark,2004,BS,BS100,59,18,1037.3155969907789,1047.8927161302001,10.577119139421256,254.5319840501712,622.4732382880588,1659.353854806957,1101.801615663351,652.9047686776805,1765.7312111515557
Sleeper shark,2004,BS,BS200400,32,12,54.21702720095435,53.90889953315071,-0.30812766780363887,16.765747136351273,30.43153038962174,106.37735634459874,1101.801615663351,652.9047686776805,1765.7312111515557
Sleeper shark,2004,BS,BS400600,9,0,0,0,0,0,0,0,1101.801615663351,652.9047686776805,1765.7312111515557
Sleeper shark,2004,CGOA,CG0,114,22,205.69050506129497,206.93155482727434,1.2410497659793691,49.12370039912879,129.607847192463,325.0633795923608,1063.8194391005848,668.7298830399892,1681.0784122902473
Sleeper shark,2004,CGOA,CG100,182,40,441.24949553762565,441.6070574132722,0.35756187564652464,91.61215578011493,300.52487273890273,677.6779826003032,1063.8194391005848,668.7298830399892,1681.0784122902473
Sleeper shark,2004,CGOA,CG200,65,18,414.44387133596496,415.2808268600383,0.8369555240733462,107.10317105714034,238.59716310862345,678.3370500975834,1063.8194391005848,668.7298830399892,1681.0784122902473
Sleeper shark,2004,CGOA,CG300500,8,0,0,0,0,0,0,0,1063.8194391005848,668.7298830399892,1681.0784122902473
Sleeper shark,2004,EY/SE,EY/SE0,17,0,0,0,0,0,0,0,8.378759425432786,0,43.514133639446456
Sleeper shark,2004,EY/SE,EY/SE100,65,0,0,0,0,0,0,0,8.378759425432786,0,43.514133639446456
Sleeper shark,2004,EY/SE,EY/SE200,23,1,5.5267869358621775,5.663513001042378,0.13672606518020025,5.59873626052782,0,31.6872134867321,8.378759425432786,0,43.514133639446456
Sleeper shark,2004,EY/SE,EY/SE300500,9,1,2.694924804640578,2.7152464243904086,0.0203216197498306,2.5969158691987455,0,11.826920152714356,8.378759425432786,0,43.514133639446456
Sleeper shark,2004,WGOA,WG0,59,21,425.5080335579793,430.04047531274267,4.532441754763397,137.69631155312115,243.701134001214,869.2938310766084,617.0665115057163,332.5442622802142,1269.077133090242
Sleeper shark,2004,WGOA,WG100,54,20,145.89150273595916,146.17916309987737,0.2876603639182065,34.933898969050624,88.8431282790002,230.6480309979252,617.0665115057163,332.5442622802142,1269.077133090242
Sleeper shark,2004,WGOA,WG200,8,1,41.36044998605962,40.84687309309629,-0.5135768929633286,39.091446686293544,0,169.13527101570833,617.0665115057163,332.5442622802142,1269.077133090242
Sleeper shark,2004,WGOA,WG300500,5,0,0,0,0,0,0,0,617.0665115057163,332.5442622802142,1269.077133090242
Sleeper shark,2004,WY,WY0,19,1,8.8013734812467,9.000262524386605,0.1988890431399053,8.657678298713142,0,43.92798546174519,20.324069570255208,0,102.06265535309831
Sleeper shark,2004,WY,WY100,41,1,7.264462996108155,7.118847865865211,-0.1456151302429438,7.013324664915988,0,36.358183390176755,20.324069570255208,0,102.06265535309831
Sleeper shark,2004,WY,WY200,12,1,4.3406724172658295,4.204959180003392,-0.13571323726243723,4.167968662645298,0,21.776486501176365,20.324069570255208,0,102.06265535309831
Sleeper shark,2004,WY,WY300500,3,0,0,0,0,0,0,0,20.324069570255208,0,102.06265535309831
Sleeper shark,2005,AI,AI0,23,0,0,0,0,0,0,0,2.8995116541322643,0,14.345692458715309
Sleeper shark,2005,AI,AI100,45,1,2.853066143957195,2.8995116541322643,0.04644551017506915,2.8565480727758374,0,14.345692458715309,2.8995116541322643,0,14.345692458715309
Sleeper shark,2005,AI,AI200,17,0,0,0,0,0,0,0,2.8995116541322643,0,14.345692458715309
Sleeper shark,2005,AI,AI300500,13,0,0,0,0,0,0,0,2.8995116541322643,0,14.345692458715309
Sleeper shark,2005,BS,BS0,1,0,0,0,0,0,0,0,806.8442123839018,471.0237368302679,1398.755616826415
Sleeper shark,2005,BS,BS100,58,16,735.9507139007308,731.4596468924794,-4.491067008251321,184.57406015973652,445.57017001802416,1211.885289016929,806.8442123839018,471.0237368302679,1398.755616826415
Sleeper shark,2005,BS,BS200400,33,12,50.445273751712,50.67920565915173,0.23393190743972525,18.469648826513346,25.453566812243793,112.25659340935786,806.8442123839018,471.0237368302679,1398.755616826415
Sleeper shark,2005,BS,BS400600,8,2,24.80141873715871,24.7053598322706,-0.09605890488811042,15.982126731873569,0,74.61373440012825,806.8442123839018,471.0237368302679,1398.755616826415
Sleeper shark,2005,CGOA,CG0,117,18,246.07705055324988,247.37192665708244,1.2948761038325642,89.80222500097696,125.17343546419137,528.4260903215959,1071.9987391451327,668.6117589114904,1773.6223660855114
Sleeper shark,2005,CGOA,CG100,189,34,297.99875252139077,297.44525864250704,-0.553493878883728,67.49729270378711,199.0207336777752,477.8045475161285,1071.9987391451327,668.6117589114904,1773.6223660855114
Sleeper shark,2005,CGOA,CG200,74,30,530.4890217487878,527.1815538455434,-3.307467903244401,107.24848298883983,344.41758976952383,767.391728247787,1071.9987391451327,668.6117589114904,1773.6223660855114
Sleeper shark,2005,CGOA,CG300500,9,0,0,0,0,0,0,0,1071.9987391451327,668.6117589114904,1773.6223660855114
Sleeper shark,2005,EY/SE,EY/SE0,17,0,0,0,0,0,0,0,9.903018695225697,1.3836851305111233,32.00375171081977
Sleeper shark,2005,EY/SE,EY/SE100,66,2,2.423368429183574,2.41416030070574,-0.00920812847783381,1.647607546462646,0,8.488477469677392,9.903018695225697,1.3836851305111233,32.00375171081977
Sleeper shark,2005,EY/SE,EY/SE200,26,3,4.221886245192695,4.293095436978879,0.0712091917861839,2.2942963289763396,1.3836851305111233,10.527889905188655,9.903018695225697,1.3836851305111233,32.00375171081977
Sleeper shark,2005,EY/SE,EY/SE300500,7,1,3.2550559919772697,3.195762957541077,-0.059293034436192826,2.960258869665726,0,12.987384335953726,9.903018695225697,1.3836851305111233,32.00375171081977
Sleeper shark,2005,WGOA,WG0,60,18,293.4703669107593,292.8334368481639,-0.6369300625954111,103.05859663520434,158.25824393243863,600.8773824385286,424.65878085603026,186.21042588736614,1004.3577046152241
Sleeper shark,2005,WGOA,WG100,49,12,55.40916403875541,56.301668188162274,0.892504149406868,17.457462434202405,27.9521819549275,99.44449315582153,424.65878085603026,186.21042588736614,1004.3577046152241
Sleeper shark,2005,WGOA,WG200,6,1,74.13237006323646,75.52367581970407,1.3913057564676024,68.43123715421214,0,304.0358290208739,424.65878085603026,186.21042588736614,1004.3577046152241
Sleeper shark,2005,WGOA,WG300500,4,0,0,0,0,0,0,0,424.65878085603026,186.21042588736614,1004.3577046152241
Sleeper shark,2005,WY,WY0,19,2,12.598109640831758,12.404102769719577,-0.1940068711121814,8.212839163158371,0,37.87128726335164,64.3537928501134,5.216873963465447,199.41784628384377
Sleeper shark,2005,WY,WY100,41,3,41.315410811751946,42.12820267572637,0.8127918639744252,26.592514670670578,5.216873963465447,133.21081490192938,64.3537928501134,5.216873963465447,199.41784628384377
Sleeper shark,2005,WY,WY200,11,1,3.387138263451276,3.3748235031036136,-0.012314760347662546,3.2377695902773262,0,15.134739093437119,64.3537928501134,5.216873963465447,199.41784628384377
Sleeper shark,2005,WY,WY300500,3,1,6.416485739662489,6.446663901563835,0.030178161901345923,5.406121679057415,0,13.201005025125628,64.3537928501134,5.216873963465447,199.41784628384377
Sleeper shark,2006,AI,AI0,22,0,0,0,0,0,0,0,0,0,0
Sleeper shark,2006,AI,AI100,46,0,0,0,0,0,0,0,0,0,0
Sleeper shark,2006,AI,AI200,15,0,0,0,0,0,0,0,0,0,0
Sleeper shark,2006,AI,AI300500,14,0,0,0,0,0,0,0,0,0,0
Sleeper shark,2006,BS,BS0,89,2,75.39498245524229,75.26368459377505,-0.13129786146723177,53.667965569864535,0,264.1979630139868,650.1226440310589,270.8690217930824,1414.371291686492
Sleeper shark,2006,BS,BS100,83,10,528.478583635258,530.7682274691376,2.289643833879609,185.10497821457437,251.59142146164757,1053.668788115965,650.1226440310589,270.8690217930824,1414.371291686492
Sleeper shark,2006,BS,BS200400,35,9,44.51881781701701,44.09073196814627,-0.42808584887073664,17.698486514722518,19.277600331434854,96.50454055654002,650.1226440310589,270.8690217930824,1414.371291686492
Sleeper shark,2006,BS,BS400600,7,0,0,0,0,0,0,0,650.1226440310589,270.8690217930824,1414.371291686492
Sleeper shark,2006,CGOA,CG0,118,13,183.57204280503896,177.43310271108345,-6.138940093955512,74.19414710471274,88.31932058289684,441.0814560382634,1040.2473740267912,657.582528323259,1802.615072381484
Sleeper shark,2006,CGOA,CG100,179,39,455.78847791408157,456.29379771278815,0.5053197987065801,97.33333831261565,310.06588016289754,713.32882015590906,1040.2473740267912,657.582528323259,1802.615072381484
Sleeper shark,2006,CGOA,CG200,76,36,389.93714793982235,390.467790780622,0.5306428407996577,83.08444449769112,259.19732757746465,607.6349134371779,1040.2473740267912,657.582528323259,1802.615072381484
Sleeper shark,2006,CGOA,CG300500,10,2,15.795780899169756,16.052682822297655,0.2569019231278986,10.05374618760772,0,40.569882750133615,1040.2473740267912,657.582528323259,1802.615072381484
Sleeper shark,2006,EY/SE,EY/SE0,17,0,0,0,0,0,0,0,9.035863999830884,0,53.37377723966577
Sleeper shark,2006,EY/SE,EY/SE100,69,1,1.3544506000537289,1.414377303980085,0.05992670392635624,1.3451494998785694,0,8.063397729691609,9.035863999830884,0,53.37377723966577
Sleeper shark,2006,EY/SE,EY/SE200,21,1,7.543444352875868,7.621486695850798,0.07804234297493018,7.506727989036888,0,45.31037950997416,9.035863999830884,0,53.37377723966577
Sleeper shark,2006,EY/SE,EY/SE300500,8,0,0,0,0,0,0,0,9.035863999830884,0,53.37377723966577
Sleeper shark,2006,WGOA,WG0,68,15,174.5951288915894,175.21329407654142,0.6181651849520051,62.8098212706241,86.7057496388702,361.3255124396401,235.58913176736542,99.68080646159183,542.0600179322456
Sleeper shark,2006,WGOA,WG100,48,7,35.901046235628144,36.27271861604711,0.3716723804189641,15.960753414315935,12.975056822721632,87.21348465517501,235.58913176736542,99.68080646159183,542.0600179322456
Sleeper shark,2006,WGOA,WG200,7,1,23.35689562160471,24.10311907477688,0.7462234531721705,21.121426304310685,0,93.52102083743051,235.58913176736542,99.68080646159183,542.0600179322456
Sleeper shark,2006,WGOA,WG300500,4,0,0,0,0,0,0,0,235.58913176736542,99.68080646159183,542.0600179322456
Sleeper shark,2006,WY,WY0,19,0,0,0,0,0,0,0,23.521243666160718,0,77.01063478464043
Sleeper shark,2006,WY,WY100,39,2,12.60360287624638,12.485553841589924,-0.11804903465645644,8.999829182519887,0,44.0925259047189,23.521243666160718,0,77.01063478464043
Sleeper shark,2006,WY,WY200,12,1,3.6411148464781506,3.5509970318482136,-0.09011781462993707,3.4440598900475528,0,18.158985136944334,23.521243666160718,0,77.01063478464043
Sleeper shark,2006,WY,WY300500,3,1,7.400350353904789,7.484692792722581,0.08434243881779224,6.0377944825276275,0,14.759123742977197,23.521243666160718,0,77.01063478464043
Sleeper shark,2007,AI,AI0,19,0,0,0,0,0,0,0,0,0,0
Sleeper shark,2007,AI,AI100,47,0,0,0,0,0,0,0,0,0,0
Sleeper shark,2007,AI,AI200,12,0,0,0,0,0,0,0,0,0,0
Sleeper shark,2007,AI,AI300500,14,0,0,0,0,0,0,0,0,0,0
Sleeper shark,2007,BS,BS0,30,1,112.05719008507344,112.56350658643902,0.5063165013655748,108.99285114040657,0,562.3514737840899,1018.3709966041506,571.3617873935369,1960.597013868844
Sleeper shark,2007,BS,BS100,63,16,889.1093508474892,882.953298358206,-6.156052489283184,199.60085908996038,563.8095698805583,1349.4551077170906,1018.3709966041506,571.3617873935369,1960.597013868844
Sleeper shark,2007,BS,BS200400,31,5,22.537820503681427,22.8541916595056,0.3163711558241715,10.009451032458246,7.552217512978634,48.790432367663406,1018.3709966041506,571.3617873935369,1960.597013868844
Sleeper shark,2007,BS,BS400600,9,0,0,0,0,0,0,0,1018.3709966041506,571.3617873935369,1960.597013868844
Sleeper shark,2007,CGOA,CG0,118,16,187.58046133342944,188.2494679468079,0.6690066133784569,56.12171800845873,104.78885782541238,338.6960924637436,1120.399741638579,712.8076799177647,1805.7215198736624
Sleeper shark,2007,CGOA,CG100,185,42,745.1074376652125,736.1588657761474,-8.948571889065079,147.48915158879137,507.73910062031325,1104.9310665166163,1120.399741638579,712.8076799177647,1805.7215198736624
Sleeper shark,2007,CGOA,CG200,77,16,198.1503007444275,195.99140791562368,-2.158892828803829,60.97056651340323,100.27972147203917,362.09436089330256,1120.399741638579,712.8076799177647,1805.7215198736624
Sleeper shark,2007,CGOA,CG300500,10,0,0,0,0,0,0,0,1120.399741638579,712.8076799177647,1805.7215198736624
Sleeper shark,2007,EY/SE,EY/SE0,18,0,0,0,0,0,0,0,10.31080882186502,0,35.108152933797584
Sleeper shark,2007,EY/SE,EY/SE100,69,2,3.2232702952473318,3.3048070475413107,0.08153675229397894,2.2275151522357235,0,11.26926532804737,10.31080882186502,0,35.108152933797584
Sleeper shark,2007,EY/SE,EY/SE200,22,2,6.937232917084126,7.0060017743237095,0.0687688572395837,5.001574759763051,0,23.838887605750212,10.31080882186502,0,35.108152933797584
Sleeper shark,2007,EY/SE,EY/SE300500,9,0,0,0,0,0,0,0,10.31080882186502,0,35.108152933797584
Sleeper shark,2007,WGOA,WG0,64,8,93.07454239824277,93.44831926502073,0.37377686677795907,43.762952182475175,38.945495908765416,257.85672571054266,180.25380759303584,64.8293937688864,500.1499200635117
Sleeper shark,2007,WGOA,WG100,50,9,60.07348074286897,60.89658228681521,0.8231015439462368,25.093683702765766,25.883897860120996,140.58910632242998,180.25380759303584,64.8293937688864,500.1499200635117
Sleeper shark,2007,WGOA,WG200,6,1,25.28335771018088,25.908906041199895,0.6255483310190151,22.658132108248108,0,101.70408803053905,180.25380759303584,64.8293937688864,500.1499200635117
Sleeper shark,2007,WGOA,WG300500,5,0,0,0,0,0,0,0,180.25380759303584,64.8293937688864,500.1499200635117
Sleeper shark,2007,WY,WY0,20,0,0,0,0,0,0,0,35.15853762218781,7.674480510504232,93.3764438013821
Sleeper shark,2007,WY,WY100,39,4,30.70387943251674,30.326155112169065,-0.37772432034767434,14.659097763177618,7.674480510504232,69.58609548192874,35.15853762218781,7.674480510504232,93.3764438013821
Sleeper shark,2007,WY,WY200,11,1,4.764493922275161,4.8323825100187445,0.06788858774358353,4.541061020686927,0,23.79034831945335,35.15853762218781,7.674480510504232,93.3764438013821
Sleeper shark,2007,WY,WY300500,3,0,0,0,0,0,0,0,35.15853762218781,7.674480510504232,93.3764438013821
Sleeper shark,2008,AI,AI0,24,1,7.427357082738795,7.353361850524728,-0.07399523221406756,7.400128142805509,0,44.24376951429068,18.913612570697286,0,78.30586683036759
Sleeper shark,2008,AI,AI100,43,0,0,0,0,0,0,0,18.913612570697286,0,78.30586683036759
Sleeper shark,2008,AI,AI200,15,2,11.602889485194636,11.560250720172558,-0.04263876502207786,7.531333790927097,0,34.06209731607691,18.913612570697286,0,78.30586683036759
Sleeper shark,2008,AI,AI300500,13,0,0,0,0,0,0,0,18.913612570697286,0,78.30586683036759
Sleeper shark,2008,BS,BS0,29,0,0,0,0,0,0,0,326.8604507373836,119.51763753440204,710.3492962585257
Sleeper shark,2008,BS,BS100,61,5,244.86016620412892,241.58579845071407,-3.2743677534148503,103.19317174226595,97.13537259490259,537.371323359471,326.8604507373836,119.51763753440204,710.3492962585257
Sleeper shark,2008,BS,BS200400,32,6,28.814858207961656,28.541347976985616,-0.27351023097604,11.19373550171121,10.8570447184126,57.78214975992155,326.8604507373836,119.51763753440204,710.3492962585257
Sleeper shark,2008,BS,BS400600,8,3,57.48069559465201,56.733304309683916,-0.7473912849680957,27.608802130481887,11.525220221086846,115.19582313913313,326.8604507373836,119.51763753440204,710.3492962585257
Sleeper shark,2008,CGOA,CG0,119,9,103.76325302013959,102.59965327008334,-1.1635997500562496,37.47464893485095,43.895017598059454,202.01331054247345,767.2064972400426,465.9456307731477,1253.8858581129239
Sleeper shark,2008,CGOA,CG100,180,34,422.06087343928215,419.414324267673,-2.646549171609138,85.85398411064861,279.8025159704896,632.0436831752107,767.2064972400426,465.9456307731477,1253.8858581129239
Sleeper shark,2008,CGOA,CG200,80,18,240.44013685285753,240.22464460456595,-0.2154922482915822,60.71649029196591,142.24809720459862,394.3156492389245,767.2064972400426,465.9456307731477,1253.8858581129239
Sleeper shark,2008,CGOA,CG300500,9,1,5.094105548957443,4.96787509772026,-0.12623045123718324,4.850717414611911,0,25.513215156315223,767.2064972400426,465.9456307731477,1253.8858581129239
Sleeper shark,2008,EY/SE,EY/SE0,18,0,0,0,0,0,0,0,3.2175886245520697,0.6596801667216694,8.971403598497611
Sleeper shark,2008,EY/SE,EY/SE100,68,4,2.311161419081946,2.3312969660976095,0.02013554701566367,1.2290092845372407,0.6596801667216694,6.292726226676564,3.2175886245520697,0.6596801667216694,8.971403598497611
Sleeper shark,2008,EY/SE,EY/SE200,23,2,0.8899850259843213,0.8862916584544602,-0.003693367529861047,0.588589155787238,0,2.6786773718210477,3.2175886245520697,0.6596801667216694,8.971403598497611
Sleeper shark,2008,EY/SE,EY/SE300500,10,0,0,0,0,0,0,0,3.2175886245520697,0.6596801667216694,8.971403598497611
Sleeper shark,2008,WGOA,WG0,62,3,47.35291981222433,45.60395895354896,-1.7489608586753675,29.562105822720095,6.721824131041969,164.96018939095848,90.76004832168158,6.721824131041969,365.8619355689998
Sleeper shark,2008,WGOA,WG100,52,1,8.542779942486623,8.300545174250955,-0.2422347682356687,8.167877330525247,0,43.25048272248257,90.76004832168158,6.721824131041969,365.8619355689998
Sleeper shark,2008,WGOA,WG200,7,1,36.82935424191701,36.85554419388167,0.02618995196466045,34.561452883250574,0,157.65126345555876,90.76004832168158,6.721824131041969,365.8619355689998
Sleeper shark,2008,WGOA,WG300500,5,0,0,0,0,0,0,0,90.76004832168158,6.721824131041969,365.8619355689998
Sleeper shark,2008,WY,WY0,19,1,6.317822664227466,6.135068038236403,-0.1827546259910635,6.292053699128406,0,42.95653775322283,19.04337445238326,0,86.43088720162638
Sleeper shark,2008,WY,WY100,38,0,0,0,0,0,0,0,19.04337445238326,0,86.43088720162638
Sleeper shark,2008,WY,WY200,12,2,12.957393483709273,12.908306414146859,-0.0490870695624146,9.012018412618156,0,43.474349448403544,19.04337445238326,0,86.43088720162638
Sleeper shark,2008,WY,WY300500,3,0,0,0,0,0,0,0,19.04337445238326,0,86.43088720162638
Sleeper shark,2009,AI,AI0,25,0,0,0,0,0,0,0,0,0,0
Sleeper shark,2009,AI,AI100,43,0,0,0,0,0,0,0,0,0,0
Sleeper shark,2009,AI,AI200,13,0,0,0,0,0,0,0,0,0,0
Sleeper shark,2009,AI,AI300500,14,0,0,0,0,0,0,0,0,0,0
Sleeper shark,2009,BS,BS0,29,1,83.84755947570018,83.45523468068947,-0.39232479501070827,82.87331636924934,0,502.1048359620819,891.797031050881,502.49618190558925,1831.6038425947888
Sleeper shark,2009,BS,BS100,61,18,720.8360350475474,717.838293351425,-2.9977416961223753,154.2125971797296,479.39846941044243,1098.703837638243,891.797031050881,502.49618190558925,1831.6038425947888
Sleeper shark,2009,BS,BS200400,32,10,44.41341513404438,44.211911887193786,-0.20150324685059218,13.631857552408672,23.09771249514681,78.55789002245622,891.797031050881,502.49618190558925,1831.6038425947888
Sleeper shark,2009,BS,BS400600,7,2,47.52550737120699,46.2915911315727,-1.23391623963429,33.68663596130783,0,152.23727897200789,891.797031050881,502.49618190558925,1831.6038425947888
Sleeper shark,2009,CGOA,CG0,117,17,150.21496846328958,150.3846453355449,0.1696768722553088,54.97986522794362,78.79542742182568,368.6963294687682,686.0067622010338,422.89798550901526,1299.8097708874311
Sleeper shark,2009,CGOA,CG100,186,42,361.680432380992,362.6544835374202,0.9740511564282315,72.35170486337027,252.06624939393504,549.3770627800404,686.0067622010338,422.89798550901526,1299.8097708874311
Sleeper shark,2009,CGOA,CG200,77,24,171.2959702503322,172.96763332806867,1.6716630777364685,59.352437584879326,92.03630869325453,381.73637863862257,686.0067622010338,422.89798550901526,1299.8097708874311
Sleeper shark,2009,CGOA,CG300500,9,0,0,0,0,0,0,0,686.0067622010338,422.89798550901526,1299.8097708874311
Sleeper shark,2009,EY/SE,EY/SE0,14,0,0,0,0,0,0,0,7.931423446198147,1.1530460211402758,20.21420385253146
Sleeper shark,2009,EY/SE,EY/SE100,69,4,4.56985713656697,4.60111912108694,0.0312619845199702,2.2331170732980143,1.1530460211402758,10.333322294620547,7.931423446198147,1.1530460211402758,20.21420385253146
Sleeper shark,2009,EY/SE,EY/SE200,22,2,3.2915272408906433,3.330304325111207,0.03877708422056392,2.1870778710571996,0,9.88088155791091,7.931423446198147,1.1530460211402758,20.21420385253146
Sleeper shark,2009,EY/SE,EY/SE300500,10,0,0,0,0,0,0,0,7.931423446198147,1.1530460211402758,20.21420385253146
Sleeper shark,2009,WGOA,WG0,60,6,44.70025314843693,44.6218597123431,-0.0783934360938261,18.34997137072208,19.825176077009225,94.60576350078362,60.56383767324259,27.792900179635815,125.24395747222742
Sleeper shark,2009,WGOA,WG100,53,7,16.135137537548317,15.941977960899488,-0.19315957664882966,5.772102781347411,7.967724102626591,30.638193971443798,60.56383767324259,27.792900179635815,125.24395747222742
Sleeper shark,2009,WGOA,WG200,6,0,0,0,0,0,0,0,60.56383767324259,27.792900179635815,125.24395747222742
Sleeper shark,2009,WGOA,WG300500,5,0,0,0,0,0,0,0,60.56383767324259,27.792900179635815,125.24395747222742
Sleeper shark,2009,WY,WY0,19,1,6.34733778306056,6.323818974488295,-0.023518808572265293,6.092198075365535,0,38.734326292241214,22.211540052404747,0,97.20668835528163
Sleeper shark,2009,WY,WY100,40,2,15.947020543690947,15.887721077916451,-0.05929946577449563,11.465185868971021,0,58.472362063040414,22.211540052404747,0,97.20668835528163
Sleeper shark,2009,WY,WY200,12,0,0,0,0,0,0,0,22.211540052404747,0,97.20668835528163
Sleeper shark,2009,WY,WY300500,3,0,0,0,0,0,0,0,22.211540052404747,0,97.20668835528163
Sleeper shark,2010,AI,AI0,25,1,8.846638409574386,8.805420638555645,-0.041217771018740024,8.477478799366063,0,44.33257561085004,11.53720013171145,0,60.88938685092335
Sleeper shark,2010,AI,AI100,41,1,2.7688149903172836,2.7317794931558037,-0.03703549716147991,2.724435972666512,0,16.55681124007331,11.53720013171145,0,60.88938685092335
Sleeper shark,2010,AI,AI200,14,0,0,0,0,0,0,0,11.53720013171145,0,60.88938685092335
Sleeper shark,2010,AI,AI300500,13,0,0,0,0,0,0,0,11.53720013171145,0,60.88938685092335
Sleeper shark,2010,BS,BS0,30,1,138.73206763571642,136.2471607622669,-2.4849068734495177,137.14769150884123,0,833.4979907238063,651.1544567756891,224.2550553715153,1768.5172518572429
Sleeper shark,2010,BS,BS100,59,11,464.7036703655405,469.6997193130377,4.996048947497172,137.27243131567005,217.52352635884588,775.3700711191733,651.1544567756891,224.2550553715153,1768.5172518572429
Sleeper shark,2010,BS,BS200400,33,5,24.308893257465886,23.951634179547046,-0.35725907791884026,13.326949985292291,6.731529012669422,71.6609390408131,651.1544567756891,224.2550553715153,1768.5172518572429
Sleeper shark,2010,BS,BS400600,8,1,21.330278947786695,21.255942520837475,-0.07433642694921971,19.628764760406693,0,87.98825097345023,651.1544567756891,224.2550553715153,1768.5172518572429
Sleeper shark,2010,CGOA,CG0,121,4,40.5875386934633,39.88538844938997,-0.70215024407333,21.57644775636486,10.11250510213367,115.10067799672822,431.17555378458985,236.76471708280283,831.8743568454905
Sleeper shark,2010,CGOA,CG100,185,25,302.46187207249153,298.1924399254915,-4.269432147000032,82.68624927249115,179.59061082280033,522.6027802358216,431.17555378458985,236.76471708280283,831.8743568454905
Sleeper shark,2010,CGOA,CG200,78,14,92.47180669729599,93.09772540970836,0.6259187124123713,33.424595443626856,47.06160115786884,194.17089861294076,431.17555378458985,236.76471708280283,831.8743568454905
Sleeper shark,2010,CGOA,CG300500,7,0,0,0,0,0,0,0,431.17555378458985,236.76471708280283,831.8743568454905
Sleeper shark,2010,EY/SE,EY/SE0,17,0,0,0,0,0,0,0,1.5017407699659653,0,7.905408155425652
Sleeper shark,2010,EY/SE,EY/SE100,73,0,0,0,0,0,0,0,1.5017407699659653,0,7.905408155425652
Sleeper shark,2010,EY/SE,EY/SE200,21,1,1.5399678282317004,1.5017407699659653,-0.03822705826573514,1.448589803960685,0,7.905408155425652,1.5017407699659653,0,7.905408155425652
Sleeper shark,2010,EY/SE,EY/SE300500,11,0,0,0,0,0,0,0,1.5017407699659653,0,7.905408155425652
Sleeper shark,2010,WGOA,WG0,59,4,44.526182506022366,44.4211943127089,-0.10498819331346709,26.27996954142097,8.929428485424625,145.5029917207551,47.84567794191414,8.929428485424625,162.9394203067081
Sleeper shark,2010,WGOA,WG100,53,1,3.470034704199215,3.424483629205243,-0.04555107499397204,3.4886029388668565,0,17.43642858595301,47.84567794191414,8.929428485424625,162.9394203067081
Sleeper shark,2010,WGOA,WG200,7,0,0,0,0,0,0,0,47.84567794191414,8.929428485424625,162.9394203067081
Sleeper shark,2010,WGOA,WG300500,5,0,0,0,0,0,0,0,47.84567794191414,8.929428485424625,162.9394203067081
Sleeper shark,2010,WY,WY0,19,1,5.532385424068749,5.452065673858689,-0.08031975021005966,5.3232926684123045,0,33.03689162527388,18.169666293493183,0,81.63068395874501
Sleeper shark,2010,WY,WY100,37,2,9.984239573437511,10.002222710138497,0.017983136700985725,7.016452739132821,0,34.914391085222604,18.169666293493183,0,81.63068395874501
Sleeper shark,2010,WY,WY200,12,1,2.7375452795207518,2.7153779094959956,-0.022167370024756217,2.6737924012994525,0,13.679401248248519,18.169666293493183,0,81.63068395874501
Sleeper shark,2010,WY,WY300500,3,0,0,0,0,0,0,0,18.169666293493183,0,81.63068395874501
Sleeper shark,2011,AI,AI0,27,1,5.42692187043476,5.348856914145579,-0.07806495628918064,5.302020389605805,0,27.181698825707844,5.348856914145579,0,27.181698825707844
Sleeper shark,2011,AI,AI100,39,0,0,0,0,0,0,0,5.348856914145579,0,27.181698825707844
Sleeper shark,2011,AI,AI200,14,0,0,0,0,0,0,0,5.348856914145579,0,27.181698825707844
Sleeper shark,2011,AI,AI300500,13,0,0,0,0,0,0,0,5.348856914145579,0,27.181698825707844
Sleeper shark,2011,BS,BS0,31,1,90.34112666806895,91.34976476570364,1.0086380976346874,88.35740111989197,0,450.24686796964204,441.9535328157553,168.0987486878748,1146.907997172335
Sleeper shark,2011,BS,BS100,58,8,337.5126423893877,334.80278454184486,-2.709857847542821,111.13770842889681,168.0987486878748,631.6324964423162,441.9535328157553,168.0987486878748,1146.907997172335
Sleeper shark,2011,BS,BS200400,34,1,2.837380658542901,2.9277448983136414,0.09036423977074026,2.7045174566895054,0,14.233541213824314,441.9535328157553,168.0987486878748,1146.907997172335
Sleeper shark,2011,BS,BS400600,6,1,12.723023738831042,12.873238609893157,0.15021487106211495,11.767206300437753,0,50.79509154655239,441.9535328157553,168.0987486878748,1146.907997172335
Sleeper shark,2011,CGOA,CG0,115,4,37.40377928429125,36.7204470067428,-0.6833322775484447,24.139918680040623,9.307939917934705,153.1692472185108,330.1534232675441,162.78705217937056,739.5929842094611
Sleeper shark,2011,CGOA,CG100,185,13,124.77508053000008,124.55268704531093,-0.22239348468914955,43.87320936941028,63.77939665930777,256.6596429661259,330.1534232675441,162.78705217937056,739.5929842094611
Sleeper shark,2011,CGOA,CG200,78,20,165.00500933801956,164.67424210647437,-0.3307672315451953,52.50844266767296,89.69971560212808,308.4212260421347,330.1534232675441,162.78705217937056,739.5929842094611
Sleeper shark,2011,CGOA,CG300500,9,1,4.265264864660608,4.206047109016003,-0.059217755644604964,4.067421551193535,0,21.342867982689597,330.1534232675441,162.78705217937056,739.5929842094611
Sleeper shark,2011,EY/SE,EY/SE0,17,0,0,0,0,0,0,0,2.091652778473317,0,12.691035218520573
Sleeper shark,2011,EY/SE,EY/SE100,71,0,0,0,0,0,0,0,2.091652778473317,0,12.691035218520573
Sleeper shark,2011,EY/SE,EY/SE200,20,1,2.1100531154152833,2.091652778473317,-0.018400336941966078,1.9937639139134213,0,12.691035218520573,2.091652778473317,0,12.691035218520573
Sleeper shark,2011,EY/SE,EY/SE300500,11,0,0,0,0,0,0,0,2.091652778473317,0,12.691035218520573
Sleeper shark,2011,WGOA,WG0,62,0,0,0,0,0,0,0,4.724235845985787,0,16.71760641157026
Sleeper shark,2011,WGOA,WG100,52,2,4.757785794285276,4.724235845985787,-0.03354994829948854,3.440780621062063,0,16.71760641157026,4.724235845985787,0,16.71760641157026
Sleeper shark,2011,WGOA,WG200,6,0,0,0,0,0,0,0,4.724235845985787,0,16.71760641157026
Sleeper shark,2011,WGOA,WG300500,5,0,0,0,0,0,0,0,4.724235845985787,0,16.71760641157026
Sleeper shark,2011,WY,WY0,19,0,0,0,0,0,0,0,49.07678302024498,6.448742198843077,205.98384468081147
Sleeper shark,2011,WY,WY100,38,3,38.88012479201209,37.98958050544827,-0.8905442865638236,26.715585579342495,6.448742198843077,161.90994953191657,49.07678302024498,6.448742198843077,205.98384468081147
Sleeper shark,2011,WY,WY200,12,1,10.838574423480084,11.087202514796717,0.24862809131663255,10.515366266675814,0,44.073895148894906,49.07678302024498,6.448742198843077,205.98384468081147
Sleeper shark,2011,WY,WY300500,3,0,0,0,0,0,0,0,49.07678302024498,6.448742198843077,205.98384468081147
Sleeper shark,2012,AI,AI0,27,0,0,0,0,0,0,0,0,0,0
Sleeper shark,2012,AI,AI100,41,0,0,0,0,0,0,0,0,0,0
Sleeper shark,2012,AI,AI200,14,0,0,0,0,0,0,0,0,0,0
Sleeper shark,2012,AI,AI300500,13,0,0,0,0,0,0,0,0,0,0
Sleeper shark,2012,BS,BS0,30,0,0,0,0,0,0,0,276.8386480104561,72.09614189033238,841.141086222739
Sleeper shark,2012,BS,BS100,58,3,255.40341899950778,252.53879315712388,-2.8646258423839015,151.58021034481746,64.09701314402889,771.7099903682571,276.8386480104561,72.09614189033238,841.141086222739
Sleeper shark,2012,BS,BS200400,36,4,24.18173712602522,24.299854853332217,0.11811772730699843,13.591630064275728,7.999128746303477,69.43109585448192,276.8386480104561,72.09614189033238,841.141086222739
Sleeper shark,2012,BS,BS400600,9,0,0,0,0,0,0,0,276.8386480104561,72.09614189033238,841.141086222739
Sleeper shark,2012,CGOA,CG0,114,4,42.806446318516876,42.851292734961426,0.044846416444549675,24.040834939085702,14.205522664430534,128.04699495514393,310.2936592901896,168.38595831442478,594.0639168590571
Sleeper shark,2012,CGOA,CG100,186,14,132.31313303459075,134.04558717541548,1.7324541408247285,42.6883001374107,68.39497645033344,242.15766348370275,310.2936592901896,168.38595831442478,594.0639168590571
Sleeper shark,2012,CGOA,CG200,79,18,134.9589862296582,133.39677937981273,-1.5622068498454666,32.77135214251022,85.78545919966079,223.8592584202104,310.2936592901896,168.38595831442478,594.0639168590571
Sleeper shark,2012,CGOA,CG300500,11,0,0,0,0,0,0,0,310.2936592901896,168.38595831442478,594.0639168590571
Sleeper shark,2012,EY/SE,EY/SE0,18,0,0,0,0,0,0,0,10.15419949623413,2.607040975690309,47.653368826158825
Sleeper shark,2012,EY/SE,EY/SE100,66,0,0,0,0,0,0,0,10.15419949623413,2.607040975690309,47.653368826158825
Sleeper shark,2012,EY/SE,EY/SE200,24,2,10.539467632991638,10.15419949623413,-0.3852681367575084,7.948879413689415,2.607040975690309,47.653368826158825,10.15419949623413,2.607040975690309,47.653368826158825
Sleeper shark,2012,EY/SE,EY/SE300500,11,0,0,0,0,0,0,0,10.15419949623413,2.607040975690309,47.653368826158825
Sleeper shark,2012,WGOA,WG0,65,0,0,0,0,0,0,0,3.8047736435361763,0,22.644293910537648
Sleeper shark,2012,WGOA,WG100,49,1,3.7675903216798425,3.8047736435361763,0.03718332185633377,3.72123626008434,0,22.644293910537648,3.8047736435361763,0,22.644293910537648
Sleeper shark,2012,WGOA,WG200,6,0,0,0,0,0,0,0,3.8047736435361763,0,22.644293910537648
Sleeper shark,2012,WGOA,WG300500,6,0,0,0,0,0,0,0,3.8047736435361763,0,22.644293910537648
Sleeper shark,2012,WY,WY0,19,0,0,0,0,0,0,0,28.42092491631563,0,112.54728477647379
Sleeper shark,2012,WY,WY100,39,2,28.323362179619757,28.42092491631563,0.09756273669587401,20.362859603707463,0,112.54728477647379,28.42092491631563,0,112.54728477647379
Sleeper shark,2012,WY,WY200,12,0,0,0,0,0,0,0,28.42092491631563,0,112.54728477647379
Sleeper shark,2012,WY,WY300500,3,0,0,0,0,0,0,0,28.42092491631563,0,112.54728477647379
Sleeper shark,2013,AI,AI0,25,1,5.788695938632407,5.8689599798922165,0.08026404125980946,5.718206128005521,0,29.12716078617097,5.8689599798922165,0,29.12716078617097
Sleeper shark,2013,AI,AI100,43,0,0,0,0,0,0,0,5.8689599798922165,0,29.12716078617097
Sleeper shark,2013,AI,AI200,16,0,0,0,0,0,0,0,5.8689599798922165,0,29.12716078617097
Sleeper shark,2013,AI,AI300500,11,0,0,0,0,0,0,0,5.8689599798922165,0,29.12716078617097
Sleeper shark,2013,BS,BS0,30,0,0,0,0,0,0,0,255.3125863543422,83.96722852587904,586.6675471461705
Sleeper shark,2013,BS,BS100,59,5,251.86095711463372,255.3125863543422,3.451629239708467,114.81784544583704,83.96722852587904,586.6675471461705,255.3125863543422,83.96722852587904,586.6675471461705
Sleeper shark,2013,BS,BS200400,30,0,0,0,0,0,0,0,255.3125863543422,83.96722852587904,586.6675471461705
Sleeper shark,2013,BS,BS400600,8,0,0,0,0,0,0,0,255.3125863543422,83.96722852587904,586.6675471461705
Sleeper shark,2013,CGOA,CG0,116,8,84.89311428935294,83.85483811508506,-1.038276174267878,41.67251982049182,32.941157095836346,250.03458782716214,511.8844382472079,294.1111850167738,979.3398359450116
Sleeper shark,2013,CGOA,CG100,181,23,268.4833869232591,266.82212131054007,-1.6612656127190348,63.7736314764148,166.52341809500757,429.52536852373294,511.8844382472079,294.1111850167738,979.3398359450116
Sleeper shark,2013,CGOA,CG200,78,23,160.56316398725951,161.20747882158278,0.6443148343232679,47.7855887048876,94.64660982592987,299.7798795941165,511.8844382472079,294.1111850167738,979.3398359450116
Sleeper shark,2013,CGOA,CG300500,9,0,0,0,0,0,0,0,511.8844382472079,294.1111850167738,979.3398359450116
Sleeper shark,2013,EY/SE,EY/SE0,18,0,0,0,0,0,0,0,0,0,0
Sleeper shark,2013,EY/SE,EY/SE100,71,0,0,0,0,0,0,0,0,0,0
Sleeper shark,2013,EY/SE,EY/SE200,22,0,0,0,0,0,0,0,0,0,0
Sleeper shark,2013,EY/SE,EY/SE300500,10,0,0,0,0,0,0,0,0,0,0
Sleeper shark,2013,WGOA,WG0,65,1,5.267496332872788,5.25020393876644,-0.017292394106348752,5.1253359517620964,0,26.360791540198534,5.25020393876644,0,26.360791540198534
Sleeper shark,2013,WGOA,WG100,50,0,0,0,0,0,0,0,5.25020393876644,0,26.360791540198534
Sleeper shark,2013,WGOA,WG200,7,0,0,0,0,0,0,0,5.25020393876644,0,26.360791540198534
Sleeper shark,2013,WGOA,WG300500,4,0,0,0,0,0,0,0,5.25020393876644,0,26.360791540198534
Sleeper shark,2013,WY,WY0,19,0,0,0,0,0,0,0,12.839223474938706,0,77.14123551476456
Sleeper shark,2013,WY,WY100,38,1,12.866612861755568,12.839223474938706,-0.027389386816862427,13.166600743892294,0,77.14123551476456,12.839223474938706,0,77.14123551476456
Sleeper shark,2013,WY,WY200,11,0,0,0,0,0,0,0,12.839223474938706,0,77.14123551476456
Sleeper shark,2013,WY,WY300500,3,0,0,0,0,0,0,0,12.839223474938706,0,77.14123551476456
Sleeper shark,2014,AI,AI0,26,1,4.875397291640483,5.01258411732337,0.1371868256828872,4.86550222035147,0,24.443541817481275,5.01258411732337,0,24.443541817481275
Sleeper shark,2014,AI,AI100,44,0,0,0,0,0,0,0,5.01258411732337,0,24.443541817481275
Sleeper shark,2014,AI,AI200,23,0,0,0,0,0,0,0,5.01258411732337,0,24.443541817481275
Sleeper shark,2014,AI,AI300500,21,0,0,0,0,0,0,0,5.01258411732337,0,24.443541817481275
Sleeper shark,2014,BS,BS0,41,0,0,0,0,0,0,0,278.68504363305857,106.5250828618109,585.1760904207263
Sleeper shark,2014,BS,BS100,87,8,242.14638745538016,242.48628990211668,0.3399024467365166,89.05808515775206,97.91029727138148,492.35715184776035,278.68504363305857,106.5250828618109,585.1760904207263
Sleeper shark,2014,BS,BS200400,35,4,16.589767936579303,16.840949785567513,0.2511818489882103,8.733700817977313,4.736128786856726,42.7232896488986,278.68504363305857,106.5250828618109,585.1760904207263
Sleeper shark,2014,BS,BS400600,17,3,19.335959119700046,19.35780394537439,0.02184482567434287,10.597971487697501,3.8786568035726914,50.09564892406735,278.68504363305857,106.5250828618109,585.1760904207263
Sleeper shark,2014,CGOA,CG0,122,5,26.390379625710825,26.605127143639386,0.2147475179285614,12.40566691117681,7.598026286892268,64.07129022361417,233.31065532106334,116.82187731925679,508.7223912433915
Sleeper shark,2014,CGOA,CG100,178,20,137.70575061960767,138.31866464591263,0.6129140263049635,37.9595642451193,83.31412666179455,244.2837809331573,233.31065532106334,116.82187731925679,508.7223912433915
Sleeper shark,2014,CGOA,CG200,77,12,54.06852621548262,53.537566875145394,-0.5309593403372261,21.185233577578426,25.909724370569972,119.1465476341033,233.31065532106334,116.82187731925679,508.7223912433915
Sleeper shark,2014,CGOA,CG300500,11,1,14.75291938609185,14.849296656365908,0.09637727027405774,14.102070022341248,0,81.22077245251671,233.31065532106334,116.82187731925679,508.7223912433915
Sleeper shark,2014,EY/SE,EY/SE0,15,0,0,0,0,0,0,0,0,0,0
Sleeper shark,2014,EY/SE,EY/SE100,71,0,0,0,0,0,0,0,0,0,0
Sleeper shark,2014,EY/SE,EY/SE200,21,0,0,0,0,0,0,0,0,0,0
Sleeper shark,2014,EY/SE,EY/SE300500,10,0,0,0,0,0,0,0,0,0,0
Sleeper shark,2014,WGOA,WG0,65,1,4.601311345023872,4.656862605015495,0.05555125999162325,4.590804267651247,0,27.601511151253238,4.656862605015495,0,27.601511151253238
Sleeper shark,2014,WGOA,WG100,56,0,0,0,0,0,0,0,4.656862605015495,0,27.601511151253238
Sleeper shark,2014,WGOA,WG200,7,0,0,0,0,0,0,0,4.656862605015495,0,27.601511151253238
Sleeper shark,2014,WGOA,WG300500,6,0,0,0,0,0,0,0,4.656862605015495,0,27.601511151253238
Sleeper shark,2014,WY,WY0,19,0,0,0,0,0,0,0,5.3544035045703655,0,32.74794198972111
Sleeper shark,2014,WY,WY100,39,1,5.458151343368406,5.3544035045703655,-0.10374783879804017,5.155433296629275,0,32.74794198972111,5.3544035045703655,0,32.74794198972111
Sleeper shark,2014,WY,WY200,12,0,0,0,0,0,0,0,5.3544035045703655,0,32.74794198972111
Sleeper shark,2014,WY,WY300500,3,0,0,0,0,0,0,0,5.3544035045703655,0,32.74794198972111
Sleeper shark,2015,AI,AI0,24,1,15.870331552179785,16.619952350388036,0.7496207982082517,16.53107041958761,0,95.27980472372138,16.619952350388036,0,95.27980472372138
Sleeper shark,2015,AI,AI100,46,0,0,0,0,0,0,0,16.619952350388036,0,95.27980472372138
Sleeper shark,2015,AI,AI200,18,0,0,0,0,0,0,0,16.619952350388036,0,95.27980472372138
Sleeper shark,2015,AI,AI300500,8,0,0,0,0,0,0,0,16.619952350388036,0,95.27980472372138
Sleeper shark,2015,BS,BS0,90,0,0,0,0,0,0,0,275.06917587153043,134.1306480572051,504.71759206304665
Sleeper shark,2015,BS,BS100,85,9,269.71520527768706,269.94642853770915,0.23122326002209093,87.80604110050908,134.1306480572051,486.7408443737213,275.06917587153043,134.1306480572051,504.71759206304665
Sleeper shark,2015,BS,BS200400,32,2,5.140977605834171,5.122747333821307,-0.018230272012863757,3.546058826973652,0,17.97674768932534,275.06917587153043,134.1306480572051,504.71759206304665
Sleeper shark,2015,BS,BS400600,8,0,0,0,0,0,0,0,275.06917587153043,134.1306480572051,504.71759206304665
Sleeper shark,2015,CGOA,CG0,118,2,7.802475192438277,7.841973476750045,0.03949828431176794,5.46041283304071,0,27.313081529858692,223.90385811761357,97.13834350031047,576.514680008425
Sleeper shark,2015,CGOA,CG100,182,18,93.12710505119452,93.516737654323,0.3896326031284758,33.79130729923643,47.80278660629356,204.34474023201471,223.90385811761357,97.13834350031047,576.514680008425
Sleeper shark,2015,CGOA,CG200,80,14,120.89716626479556,122.54514698654052,1.6479807217449576,57.740746486509394,49.33555689401692,344.85685824655155,223.90385811761357,97.13834350031047,576.514680008425
Sleeper shark,2015,CGOA,CG300500,9,0,0,0,0,0,0,0,223.90385811761357,97.13834350031047,576.514680008425
Sleeper shark,2015,EY/SE,EY/SE0,13,0,0,0,0,0,0,0,0,0,0
Sleeper shark,2015,EY/SE,EY/SE100,72,0,0,0,0,0,0,0,0,0,0
Sleeper shark,2015,EY/SE,EY/SE200,24,0,0,0,0,0,0,0,0,0,0
Sleeper shark,2015,EY/SE,EY/SE300500,9,0,0,0,0,0,0,0,0,0,0
Sleeper shark,2015,WGOA,WG0,67,1,13.2846409309875,13.220687855820765,-0.06395307516673476,13.102893444469583,0,79.64122600103197,20.634504720884088,0,111.2639441304475
Sleeper shark,2015,WGOA,WG100,46,1,2.3017770223458833,2.3288720308444026,0.027095008498519313,2.336238604436789,0,11.522152744959019,20.634504720884088,0,111.2639441304475
Sleeper shark,2015,WGOA,WG200,8,1,4.986998311887005,5.084944834218921,0.09794652233191581,4.712619770561167,0,20.10056538445651,20.634504720884088,0,111.2639441304475
Sleeper shark,2015,WGOA,WG300500,5,0,0,0,0,0,0,0,20.634504720884088,0,111.2639441304475
Sleeper shark,2015,WY,WY0,19,0,0,0,0,0,0,0,0,0,0
Sleeper shark,2015,WY,WY100,40,0,0,0,0,0,0,0,0,0,0
Sleeper shark,2015,WY,WY200,11,0,0,0,0,0,0,0,0,0,0
Sleeper shark,2015,WY,WY300500,3,0,0,0,0,0,0,0,0,0,0
Sleeper shark,2016,AI,AI0,25,0,0,0,0,0,0,0,0,0,0
Sleeper shark,2016,AI,AI100,40,0,0,0,0,0,0,0,0,0,0
Sleeper shark,2016,AI,AI200,18,0,0,0,0,0,0,0,0,0,0
Sleeper shark,2016,AI,AI300500,9,0,0,0,0,0,0,0,0,0,0
Sleeper shark,2016,BS,BS0,30,0,0,0,0,0,0,0,229.7330606341052,98.04775627233573,442.54170760234945
Sleeper shark,2016,BS,BS100,132,10,203.54413314989333,203.44583822953058,-0.098294920362747007,63.73250092917797,92.86100137540676,369.3372783917717,229.7330606341052,98.04775627233573,442.54170760234945
Sleeper shark,2016,BS,BS200400,37,5,12.98750066768712,12.918878701887394,-0.06862196579972668,5.3161376555996736,5.186754896928974,26.00670806680829,229.7330606341052,98.04775627233573,442.54170760234945
Sleeper shark,2016,BS,BS400600,17,2,13.432107399184602,13.36834370268721,-0.06376369649739289,9.353963424249816,0,47.19772114376946,229.7330606341052,98.04775627233573,442.54170760234945
Sleeper shark,2016,CGOA,CG0,122,3,49.10871141718058,50.17220522364481,1.0634938064642299,32.657199464539744,4.4649155427505605,161.85441424155565,267.70319885912824,127.37988717717067,523.968633666849
Sleeper shark,2016,CGOA,CG100,179,16,126.3796270611049,128.29211648233655,1.9124894212316548,37.80045722972484,66.25193430987534,225.34429708188205,267.70319885912824,127.37988717717067,523.968633666849
Sleeper shark,2016,CGOA,CG200,79,22,89.05879765619666,89.23887715314687,0.18007949695021352,19.59531804845981,56.66303732454477,136.76992234341125,267.70319885912824,127.37988717717067,523.968633666849
Sleeper shark,2016,CGOA,CG300500,10,0,0,0,0,0,0,0,267.70319885912824,127.37988717717067,523.968633666849
Sleeper shark,2016,EY/SE,EY/SE0,17,0,0,0,0,0,0,0,0,0,0
Sleeper shark,2016,EY/SE,EY/SE100,66,0,0,0,0,0,0,0,0,0,0
Sleeper shark,2016,EY/SE,EY/SE200,24,0,0,0,0,0,0,0,0,0,0
Sleeper shark,2016,EY/SE,EY/SE300500,10,0,0,0,0,0,0,0,0,0,0
Sleeper shark,2016,WGOA,WG0,66,2,10.461688396900806,10.5422939233774,0.08060552647659414,7.256806933241041,0,36.60558277645412,13.012613796166411,0,54.175674123046804
Sleeper shark,2016,WGOA,WG100,49,1,2.5073423372762953,2.4703198727890103,-0.03702246448728497,2.460200323501756,0,17.570091346592687,13.012613796166411,0,54.175674123046804
Sleeper shark,2016,WGOA,WG200,6,0,0,0,0,0,0,0,13.012613796166411,0,54.175674123046804
Sleeper shark,2016,WGOA,WG300500,5,0,0,0,0,0,0,0,13.012613796166411,0,54.175674123046804
Sleeper shark,2016,WY,WY0,19,0,0,0,0,0,0,0,0,0,0
Sleeper shark,2016,WY,WY100,40,0,0,0,0,0,0,0,0,0,0
Sleeper shark,2016,WY,WY200,12,0,0,0,0,0,0,0,0,0,0
Sleeper shark,2016,WY,WY300500,3,0,0,0,0,0,0,0,0,0,0
Sleeper shark,2017,AI,AI0,49,0,0,0,0,0,0,0,6.4607604588995144,0,23.616308897991768
Sleeper shark,2017,AI,AI100,59,0,0,0,0,0,0,0,6.4607604588995144,0,23.616308897991768
Sleeper shark,2017,AI,AI200,38,0,0,0,0,0,0,0,6.4607604588995144,0,23.616308897991768
Sleeper shark,2017,AI,AI300500,61,2,6.389360931963632,6.4607604588995144,0.07139952693588203,4.782069619881372,0,23.616308897991768,6.4607604588995144,0,23.616308897991768
Sleeper shark,2017,BS,BS0,30,0,0,0,0,0,0,0,1139.8110395732251,628.5545027221617,2026.9873945304914
Sleeper shark,2017,BS,BS100,60,14,1123.8886079973845,1127.996012450492,4.107404453107392,327.5382693729008,625.618665253249,1992.824099315286,1139.8110395732251,628.5545027221617,2026.9873945304914
Sleeper shark,2017,BS,BS200400,34,3,11.85453518277555,11.815027122733314,-0.039508060042235726,6.845191347569643,2.935837468912744,34.163295215205366,1139.8110395732251,628.5545027221617,2026.9873945304914
Sleeper shark,2017,BS,BS400600,9,0,0,0,0,0,0,0,1139.8110395732251,628.5545027221617,2026.9873945304914
Sleeper shark,2017,CGOA,CG0,122,5,42.69512225281588,42.45556820938238,-0.2395540434335004,21.71749357925842,10.786004111480441,107.15625120849204,287.7735385937946,151.28745901876547,548.7136104411703
Sleeper shark,2017,CGOA,CG100,183,25,150.75317820640285,151.63970547281696,0.886527266414106,43.74466388662905,86.78563525210886,273.2213180945733,287.7735385937946,151.28745901876547,548.7136104411703
Sleeper shark,2017,CGOA,CG200,75,24,88.54842168180704,88.92965754950475,0.38123586769771123,22.118930910020527,53.71581965517618,144.24874041137232,287.7735385937946,151.28745901876547,548.7136104411703
Sleeper shark,2017,CGOA,CG300500,12,1,4.7742938063398395,4.748607362090519,-0.025686444249320317,4.5464908648417355,0,24.087300726732686,287.7735385937946,151.28745901876547,548.7136104411703
Sleeper shark,2017,EY/SE,EY/SE0,15,0,0,0,0,0,0,0,0,0,0
Sleeper shark,2017,EY/SE,EY/SE100,68,0,0,0,0,0,0,0,0,0,0
Sleeper shark,2017,EY/SE,EY/SE200,23,0,0,0,0,0,0,0,0,0,0
Sleeper shark,2017,EY/SE,EY/SE300500,11,0,0,0,0,0,0,0,0,0,0
Sleeper shark,2017,WGOA,WG0,62,3,26.68343124437646,27.244732168672126,0.561300924295665,16.32650550327285,6.655166634652559,83.14738463322216,31.24233090226882,6.655166634652559,99.27832201382643
Sleeper shark,2017,WGOA,WG100,49,0,0,0,0,0,0,0,31.24233090226882,6.655166634652559,99.27832201382643
Sleeper shark,2017,WGOA,WG200,7,1,4.043696211307767,3.9975987335966936,-0.046097477711072976,3.7443300110208475,0,16.13093738060426,31.24233090226882,6.655166634652559,99.27832201382643
Sleeper shark,2017,WGOA,WG300500,6,0,0,0,0,0,0,0,31.24233090226882,6.655166634652559,99.27832201382643
Sleeper shark,2017,WY,WY0,19,0,0,0,0,0,0,0,0,0,0
Sleeper shark,2017,WY,WY100,39,0,0,0,0,0,0,0,0,0,0
Sleeper shark,2017,WY,WY200,12,0,0,0,0,0,0,0,0,0,0
Sleeper shark,2017,WY,WY300500,3,0,0,0,0,0,0,0,0,0,0
Sleeper shark,2018,AI,AI0,28,0,0,0,0,0,0,0,0,0,0
Sleeper shark,2018,AI,AI100,45,0,0,0,0,0,0,0,0,0,0
Sleeper shark,2018,AI,AI200,16,0,0,0,0,0,0,0,0,0,0
Sleeper shark,2018,AI,AI300500,6,0,0,0,0,0,0,0,0,0,0
Sleeper shark,2018,BS,BS0,28,0,0,0,0,0,0,0,203.97704915385194,61.82750298760241,533.6499986984876
Sleeper shark,2018,BS,BS100,62,4,186.30333060243427,183.133594434686,-3.169736167748283,96.33317541997475,61.82750298760241,472.022129829974,203.97704915385194,61.82750298760241,533.6499986984876
Sleeper shark,2018,BS,BS200400,30,2,5.215958069016268,5.332190334586997,0.11623226557072908,3.5400278430139243,0,17.551477545149627,203.97704915385194,61.82750298760241,533.6499986984876
Sleeper shark,2018,BS,BS400600,8,2,16.130543713333054,15.51126438457894,-0.6192793287541143,9.862189969724973,0,44.076391323363964,203.97704915385194,61.82750298760241,533.6499986984876
Sleeper shark,2018,CGOA,CG0,119,4,31.20751879153502,30.888689072252344,-0.31882971928267523,16.17886644337867,7.879304194179494,96.49782246155372,110.1921238982303,43.474293154431685,252.43876433251353
Sleeper shark,2018,CGOA,CG100,179,8,31.84870328061842,32.09314280086762,0.24443952024919824,12.402962595342732,13.391396070414206,65.37692212313964,110.1921238982303,43.474293154431685,252.43876433251353
Sleeper shark,2018,CGOA,CG200,75,11,46.653544590426804,47.21029202511035,0.5567474346835439,15.96817149565021,22.20359288983798,90.56401974782017,110.1921238982303,43.474293154431685,252.43876433251353
Sleeper shark,2018,CGOA,CG300500,7,0,0,0,0,0,0,0,110.1921238982303,43.474293154431685,252.43876433251353
Sleeper shark,2018,EY/SE,EY/SE0,18,0,0,0,0,0,0,0,0.46906458642785076,0,1.8597880923690693
Sleeper shark,2018,EY/SE,EY/SE100,66,0,0,0,0,0,0,0,0.46906458642785076,0,1.8597880923690693
Sleeper shark,2018,EY/SE,EY/SE200,18,0,0,0,0,0,0,0,0.46906458642785076,0,1.8597880923690693
Sleeper shark,2018,EY/SE,EY/SE300500,10,1,0.4597295762100693,0.46906458642785076,0.009335010217781436,0.4346616170274611,0,1.8597880923690693,0.46906458642785076,0,1.8597880923690693
Sleeper shark,2018,WGOA,WG0,63,1,14.03683020798601,13.04617614446888,-0.9906540635171304,13.714688814010866,0,84.25308327340795,13.04617614446888,0,84.25308327340795
Sleeper shark,2018,WGOA,WG100,51,0,0,0,0,0,0,0,13.04617614446888,0,84.25308327340795
Sleeper shark,2018,WGOA,WG200,5,0,0,0,0,0,0,0,13.04617614446888,0,84.25308327340795
Sleeper shark,2018,WGOA,WG300500,4,0,0,0,0,0,0,0,13.04617614446888,0,84.25308327340795
Sleeper shark,2018,WY,WY0,19,0,0,0,0,0,0,0,0,0,0
Sleeper shark,2018,WY,WY100,40,0,0,0,0,0,0,0,0,0,0
Sleeper shark,2018,WY,WY200,9,0,0,0,0,0,0,0,0,0,0
Sleeper shark,2018,WY,WY300500,3,0,0,0,0,0,0,0,0,0,0
Sleeper shark,2019,AI,AI0,26,0,0,0,0,0,0,0,0,0,0
Sleeper shark,2019,AI,AI100,42,0,0,0,0,0,0,0,0,0,0
Sleeper shark,2019,AI,AI200,18,0,0,0,0,0,0,0,0,0,0
Sleeper shark,2019,AI,AI300500,8,0,0,0,0,0,0,0,0,0,0
Sleeper shark,2019,BS,BS0,29,1,72.83824171812262,71.77392239471078,-1.064319323411837,74.2850563150649,0,364.03016755934055,358.4025257769895,105.76065239414906,955.6746300763259
Sleeper shark,2019,BS,BS100,57,7,272.28886642157613,272.3035911313324,0.014724709756251286,101.30385496031131,103.39738436594472,543.0443736305843,358.4025257769895,105.76065239414906,955.6746300763259
Sleeper shark,2019,BS,BS200400,32,3,7.264067369145423,7.264534454967977,4.670858225539476e-4,4.083113569024925,2.3632680282043426,19.690094565284,358.4025257769895,105.76065239414906,955.6746300763259
Sleeper shark,2019,BS,BS400600,9,1,6.858921731332347,7.0604777959783425,0.2015560646459953,6.4652828494412296,0,28.909994321116958,358.4025257769895,105.76065239414906,955.6746300763259
Sleeper shark,2019,CGOA,CG0,163,2,14.292195580305188,14.318089937082592,0.02589435677740326,11.760574068781201,0,59.83259037291103,191.81113137940554,105.78062421091855,377.8401849811547
Sleeper shark,2019,CGOA,CG100,179,19,97.16618760375103,97.00978366292257,-0.15640394082845432,28.760956734523578,56.734282932696054,188.2604657249612,191.81113137940554,105.78062421091855,377.8401849811547
Sleeper shark,2019,CGOA,CG200,75,21,80.26292870441183,80.48325777940038,0.22032907498854115,19.78522243806518,49.04634127822249,129.74712888328253,191.81113137940554,105.78062421091855,377.8401849811547
Sleeper shark,2019,CGOA,CG300500,14,0,0,0,0,0,0,0,191.81113137940554,105.78062421091855,377.8401849811547
Sleeper shark,2019,EY/SE,EY/SE0,16,0,0,0,0,0,0,0,0,0,0
Sleeper shark,2019,EY/SE,EY/SE100,66,0,0,0,0,0,0,0,0,0,0
Sleeper shark,2019,EY/SE,EY/SE200,22,0,0,0,0,0,0,0,0,0,0
Sleeper shark,2019,EY/SE,EY/SE300500,9,0,0,0,0,0,0,0,0,0,0
Sleeper shark,2019,WGOA,WG0,93,1,6.3166689767535145,6.329537602838621,0.012868626085106527,6.236765205233153,0,31.625226488144317,15.127800378624567,2.183257911585023,57.12015078095209
Sleeper shark,2019,WGOA,WG100,48,3,8.752939112410099,8.798262775785945,0.04532366337584648,5.209309851818686,2.183257911585023,25.49492429280777,15.127800378624567,2.183257911585023,57.12015078095209
Sleeper shark,2019,WGOA,WG200,7,0,0,0,0,0,0,0,15.127800378624567,2.183257911585023,57.12015078095209
Sleeper shark,2019,WGOA,WG300500,7,0,0,0,0,0,0,0,15.127800378624567,2.183257911585023,57.12015078095209
Sleeper shark,2019,WY,WY0,32,0,0,0,0,0,0,0,2.5900380245907133,0,10.768717570844355
Sleeper shark,2019,WY,WY100,46,0,0,0,0,0,0,0,2.5900380245907133,0,10.768717570844355
Sleeper shark,2019,WY,WY200,14,1,2.6773892031180426,2.5900380245907133,-0.08735117852732932,2.496669466992496,0,10.768717570844355,2.5900380245907133,0,10.768717570844355
Sleeper shark,2019,WY,WY300500,8,0,0,0,0,0,0,0,2.5900380245907133,0,10.768717570844355
