survey,year,strata,species_code,haul_count,catch_count,biomass,biomass_var,cv,se,bio_ll,bio_ul
GOA,2011,EASTERN GOA,232,124,0,0,0,0,0,0,0
GOA,2011,EASTERN GOA,320,124,0,0,0,0,0,0,0
GOA,1999,WESTERN GOA,232,147,0,0,0,0,0,0,0
GOA,1990,EASTERN GOA,320,202,1,172.9,29882.3883387262,0.9997989110655325,172.86523172323058,-165.91585417753194,511.7158541775319
GOA,2007,EASTERN GOA,232,141,2,12339.7,86020409.3124652,0.7516162326959931,9274.718826598746,-5838.748900133542,30518.148900133543
GOA,2015,WESTERN GOA,310,189,6,219.7,9757.17646544797,0.4496059219463088,98.77842105160403,26.094294738856092,413.3057052611439
GOA,1999,CENTRAL GOA,310,414,84,16215.8,4644153.6564183,0.1328969184665795,2155.0298504703596,11991.941493078095,20439.658506921904
GOA,2009,CENTRAL GOA,310,470,91,11156.8,3744030.04401866,0.17343231241231014,1934.9496231216615,7364.298738681543,14949.301261318455
GOA,1987,EASTERN GOA,232,160,0,0,0,0,0,0,0
GOA,1987,EASTERN GOA,310,160,49,7859.3,6923187.07615656,0.3347874480098174,2631.1949901435582,2702.157819318626,13016.442180681373
GOA,1987,EASTERN GOA,320,160,0,0,0,0,0,0,0
GOA,1987,WESTERN GOA,232,177,3,1051.3,443501.660038021,0.6334625729888724,665.9592029832015,-253.98003784707498,2356.580037847075
GOA,2013,CENTRAL GOA,310,313,25,19307.1,65072294.2457329,0.4178121002700525,8066.74000112393,3496.2895977970966,35117.9104022029
GOA,2003,CENTRAL GOA,310,420,133,59854.8,408324059.973127,0.3376008267369785,20207.0299641765,20249.021270214063,99460.57872978595
GOA,1990,WESTERN GOA,310,135,7,305.5,25660.7313002463,0.5243524480814394,160.18967288887976,-8.471758862204297,619.4717588622043
GOA,2013,WESTERN GOA,310,136,5,203.5,9029.36348765062,0.46694330687582003,95.02296294922938,17.254992619510404,389.7450073804896
GOA,2003,CENTRAL GOA,232,420,1,1756.4,3085092.16760727,1.0000245070742724,1756.443044225252,-1686.2283666814938,5199.028366681494
GOA,2003,CENTRAL GOA,320,420,18,38726.5,118530934.595412,0.2811302676163869,10887.191308846006,17387.60503466183,60065.39496533817
GOA,1990,WESTERN GOA,320,135,0,0,0,0,0,0,0
GOA,1987,CENTRAL GOA,232,446,12,11571.2,49959283.1939634,0.610843137489595,7068.188112519601,-2282.448700538418,25424.84870053842
GOA,1987,CENTRAL GOA,310,446,41,1592.2,448064.112223505,0.4204094413335376,669.3759124912585,280.22321151713345,2904.176788482867
GOA,2013,EASTERN GOA,232,99,0,0,0,0,0,0,0
GOA,2003,EASTERN GOA,232,159,0,0,0,0,0,0,0
GOA,1990,CENTRAL GOA,232,371,10,9811.9,11520723.427268,0.34592883324573437,3394.219118923821,3159.2305269093104,16464.56947309069
GOA,1990,CENTRAL GOA,310,371,59,15390.9,50846791.5640529,0.4633058251518408,7130.693624329467,1414.7404963142453,29367.059503685756
GOA,1987,CENTRAL GOA,320,446,6,919.2,202443.57142559,0.4894879212527207,449.9372972155009,37.322897457618296,1801.077102542382
GOA,2013,CENTRAL GOA,320,313,5,38288.7,342338600.483218,0.48323381187393893,18502.394452697685,2024.0068727125326,74553.39312728746
GOA,2013,EASTERN GOA,310,99,28,140873.7,4140256292.22758,0.4567554011303292,64344.82335221366,14757.846229661242,266989.55377033877
GOA,1990,WESTERN GOA,232,135,0,0,0,0,0,0,0
GOA,1993,WESTERN GOA,310,170,7,158,4568.07934140631,0.42776941740555224,67.58756795007726,25.528366817848564,290.47163318215144
GOA,2013,WESTERN GOA,232,136,0,0,0,0,0,0,0
GOA,2003,EASTERN GOA,310,159,69,38809.9,57703578.4704146,0.1957306550735664,7596.287150339605,23921.177185334374,53698.62281466563
GOA,1990,CENTRAL GOA,320,371,2,1478.5,1156345.42505407,0.7273148658868577,1075.335029213719,-629.1566572588895,3586.1566572588895
GOA,1993,EASTERN GOA,320,192,4,1155.2,415929.085378937,0.5582805083921287,644.9256432945871,-108.8542608573905,2419.2542608573904
GOA,2003,WESTERN GOA,310,230,2,79.1,3133.75062512381,0.7077106535154315,55.97991269307063,-30.620628878418444,188.82062887841843
GOA,1993,WESTERN GOA,232,170,0,0,0,0,0,0,0
GOA,1996,EASTERN GOA,320,214,2,3003.1,4513042.22595269,0.7073997540998787,2124.3922015373455,-1160.708715013197,7166.908715013196
GOA,1996,WESTERN GOA,320,200,0,0,0,0,0,0,0
GOA,1996,CENTRAL GOA,232,393,0,0,0,0,0,0,0
GOA,2013,EASTERN GOA,320,99,0,0,0,0,0,0,0
GOA,2013,WESTERN GOA,320,136,1,2559.4,6550447.60463833,0.9999938359468028,2559.384223722247,-2456.9930784956036,7575.793078495604
GOA,1999,CENTRAL GOA,232,414,0,0,0,0,0,0,0
GOA,2009,EASTERN GOA,310,157,76,16536.1,7357748.32423197,0.1640360769562086,2712.516972155561,11219.566734575099,21852.633265424898
GOA,2011,WESTERN GOA,310,163,0,0,0,0,0,0,0
GOA,2011,CENTRAL GOA,310,383,60,15677.8,25949327.6583995,0.3249211151022517,5094.048258350082,5693.4654136338395,25662.13458636616
GOA,2009,EASTERN GOA,320,157,0,0,0,0,0,0,0
GOA,1999,CENTRAL GOA,320,414,7,9536.8,40202017.2768387,0.6648462874538499,6340.506074189875,-2890.591905412155,21964.191905412154
GOA,1999,WESTERN GOA,310,147,3,182.1,14918.6706155267,0.6707414060162517,122.14201003555942,-57.298339669696475,421.49833966969646
GOA,2001,CENTRAL GOA,320,350,11,28023.4,149954087.166823,0.4369767475359169,12245.574186898015,4022.074593679892,52024.72540632011
GOA,2001,CENTRAL GOA,232,350,0,0,0,0,0,0,0
GOA,2001,WESTERN GOA,310,139,4,246.9,16895.1586282704,0.5264535358677094,129.98137800573744,-7.863500891245366,501.66350089124535
GOA,2011,WESTERN GOA,320,163,1,2872.1,8249199.5236012,1.0000146146838989,2872.1419748336257,-2757.2982706739062,8501.498270673907
GOA,2009,WESTERN GOA,232,196,0,0,0,0,0,0,0
GOA,2009,CENTRAL GOA,320,470,6,31484.8,270688442.363319,0.5225572982046061,16452.61202251238,-762.3195641242673,63731.91956412427
GOA,1996,EASTERN GOA,232,214,1,3302,10903482.698943,1.0000127805167203,3302.04220126621,-3170.0027144817723,9774.002714481772
GOA,2009,CENTRAL GOA,232,470,0,0,0,0,0,0,0
GOA,2009,EASTERN GOA,232,157,0,0,0,0,0,0,0
GOA,1993,WESTERN GOA,320,170,2,777.9,302776.130864573,0.7073543781956448,550.2509707983921,-300.59190276484867,1856.3919027648485
GOA,1993,CENTRAL GOA,232,412,7,5903.4,5354877.21976878,0.3919877975508141,2314.0607640614758,1367.8409024395069,10438.959097560492
GOA,2005,EASTERN GOA,320,187,1,3312.2,10970364.5429846,0.9999861312409497,3312.1540638962733,-3179.6219652366954,9804.021965236694
GOA,2007,EASTERN GOA,320,141,0,0,0,0,0,0,0
GOA,1993,EASTERN GOA,310,192,85,25912.8,43138014.6996591,0.2534636787930025,6567.953615827315,13039.610912978462,38785.98908702154
GOA,1993,CENTRAL GOA,310,412,74,7574.3,3810375.8064658,0.2577160124319061,1952.0183929629864,3748.343949792547,11400.256050207454
GOA,1993,CENTRAL GOA,320,412,7,6723.7,18029014.7461999,0.6315062734645881,4246.058730893851,-1598.5751125519482,15045.975112551947
GOA,1999,EASTERN GOA,310,203,81,15345,14514404.8788783,0.24827484761584487,3809.7775366651395,7877.836028136327,22812.163971863672
GOA,1993,EASTERN GOA,232,192,2,1825.2,2207265.06624827,0.8139857178415666,1485.6867322044275,-1086.7459951206777,4737.145995120678
GOA,2003,WESTERN GOA,232,230,1,1856.4,3446168.52689938,0.9999923926381001,1856.3858776933691,-1782.1163202790035,5494.916320279004
GOA,2003,WESTERN GOA,320,230,10,13389.1,47074233.6128427,0.5124367214341339,6861.066506953763,-58.59035362937357,26836.790353629374
GOA,2009,WESTERN GOA,310,196,9,187,4837.36031859323,0.37193120085599957,69.55113456007192,50.679776262259054,323.32022373774095
GOA,2009,WESTERN GOA,320,196,2,8202.9,42117472.5803659,0.791158928698903,6489.797576224231,-4517.1032493994935,20922.903249399493
GOA,1999,WESTERN GOA,320,147,5,8108.1,16638161.6233262,0.5030759697179434,4078.9902700700572,113.27907066268835,16102.920929337313
GOA,2003,EASTERN GOA,320,159,0,0,0,0,0,0,0
GOA,2011,CENTRAL GOA,232,383,1,3765.9,14181818.2003477,0.9999934913899132,3765.875489225274,-3615.215958881537,11147.015958881537
GOA,1999,EASTERN GOA,232,203,0,0,0,0,0,0,0
GOA,1999,EASTERN GOA,320,203,1,1717.1,2948603.17008349,1.000028957355537,1717.1497226751924,-1648.513456443377,5082.713456443376
GOA,1990,EASTERN GOA,232,202,3,2650.1,2145690.77783452,0.5527405231004539,1464.8176602685128,-220.9426141262852,5521.1426141262855
GOA,1990,EASTERN GOA,310,202,48,3251.2,494572.225915225,0.21630729960046916,703.2582924610452,1872.813746776351,4629.586253223649
GOA,2007,CENTRAL GOA,232,470,0,0,0,0,0,0,0
GOA,2007,CENTRAL GOA,310,470,93,27409,20948863.9172679,0.1669886858417189,4576.992890235673,18438.09393513808,36379.90606486192
GOA,2007,CENTRAL GOA,320,470,12,40704.6,288916390.253987,0.41758279683224797,16997.54071193792,7389.42020460168,74019.77979539832
GOA,2005,EASTERN GOA,310,187,78,31973.7,40219120.1954777,0.19834597290082376,6341.854633739069,19543.664917871425,44403.73508212858
GOA,1984,CENTRAL GOA,320,485,1,163.2,26618.7059392882,0.9997083392208614,163.15240096084457,-156.5787058832554,482.9787058832554
GOA,1984,EASTERN GOA,232,202,2,2198.4,2503250.5239625,0.7196899572912063,1582.166402108988,-902.6461481336164,5299.446148133617
GOA,1984,EASTERN GOA,320,202,0,0,0,0,0,0,0
GOA,1984,WESTERN GOA,320,242,0,0,0,0,0,0,0
GOA,2007,EASTERN GOA,310,141,64,135262.9,3199839182.83809,0.418201303097473,56567.12104074318,24391.342760143365,246134.45723985662
GOA,2007,WESTERN GOA,310,205,4,87.5,2319.79859045362,0.5504490000084192,48.164287500736684,-6.9020035014439,181.90200350144391
GOA,2017,WESTERN GOA,232,125,0,0,0,0,0,0,0
GOA,2005,CENTRAL GOA,232,470,1,2455.3,6028558.44632697,1.0000050059048704,2455.3122909982285,-2357.112090356528,7267.712090356528
GOA,2005,CENTRAL GOA,320,470,13,41037.7,188152570.754017,0.3342505002813835,13716.87175539733,14152.631359421233,67922.76864057875
GOA,1984,EASTERN GOA,310,202,63,7959.3,4029920.92529816,0.2522164379951161,2007.4662949345277,4024.666061928326,11893.933938071674
GOA,1996,WESTERN GOA,310,200,7,228.1,9059.4624414662,0.41727842370532015,95.18120844718352,41.54483144352028,414.6551685564797
GOA,2019,WESTERN GOA,232,123,0,0,0,0,0,0,0
GOA,2019,WESTERN GOA,320,123,0,0,0,0,0,0,0
GOA,2019,EASTERN GOA,232,121,0,0,0,0,0,0,0
GOA,2019,EASTERN GOA,320,121,0,0,0,0,0,0,0
GOA,2001,WESTERN GOA,320,139,4,9671.3,35828276.237666,0.6189108579224839,5985.672580225718,-2060.6182572424077,21403.218257242406
GOA,2001,WESTERN GOA,232,139,0,0,0,0,0,0,0
GOA,2019,CENTRAL GOA,232,297,0,0,0,0,0,0,0
GOA,2017,CENTRAL GOA,310,296,63,27385.1,48298938.3694497,0.2537782868371031,6949.74376286275,13763.602224789009,41006.59777521099
GOA,2005,CENTRAL GOA,310,470,77,15936.3,26366104.2108697,0.3222073814200461,5134.793492524281,5872.10475465241,26000.49524534759
GOA,2001,CENTRAL GOA,310,350,71,31527.4,203997465.388512,0.4530271486916272,14282.768127660407,3533.1744697856047,59521.6255302144
GOA,2017,WESTERN GOA,310,125,0,0,0,0,0,0,0
GOA,2017,CENTRAL GOA,232,296,0,0,0,0,0,0,0
GOA,2017,CENTRAL GOA,320,296,1,6561.4,43051608.9988703,0.9999958078354296,6561.372493531388,-6298.890087321521,19421.69008732152
GOA,2005,WESTERN GOA,232,180,0,0,0,0,0,0,0
GOA,2005,WESTERN GOA,310,180,1,28.8,831.671170433151,1.0013440827554176,28.83870958335603,-27.723870783377823,85.32387078337783
GOA,2005,WESTERN GOA,320,180,11,12672.1,25918430.0984233,0.4017498791291576,5091.014643312598,2693.711299107308,22650.488700892693
GOA,1996,EASTERN GOA,310,214,61,25041,438131083.390098,0.8358923767224519,20931.581005506916,-15984.898770793552,66066.89877079354
GOA,2017,EASTERN GOA,310,115,49,26593.5,55888949.7785348,0.2811172367835565,7475.8912364035095,11940.753176649121,41246.24682335088
GOA,2005,EASTERN GOA,232,187,0,0,0,0,0,0,0
GOA,1996,WESTERN GOA,232,200,0,0,0,0,0,0,0
GOA,1996,CENTRAL GOA,320,393,9,18097.8,52583098.5113603,0.40067966536488236,7251.420447840568,3885.0159222324855,32310.58407776751
GOA,2021,CENTRAL GOA,232,292,0,0,0,0,0,0,0
GOA,2021,CENTRAL GOA,320,292,0,0,0,0,0,0,0
GOA,2015,WESTERN GOA,232,189,0,0,0,0,0,0,0
GOA,1996,CENTRAL GOA,310,393,31,3208.8,807634.392344847,0.28006881468788475,898.6848125704846,1447.3777673618504,4970.22223263815
GOA,2021,EASTERN GOA,320,123,0,0,0,0,0,0,0
GOA,2021,WESTERN GOA,320,114,0,0,0,0,0,0,0
GOA,2021,EASTERN GOA,232,123,0,0,0,0,0,0,0
GOA,2021,EASTERN GOA,310,123,33,19697,22178120.4451997,0.23909048001969513,4709.365184947935,10466.644237502049,28927.35576249795
GOA,2021,WESTERN GOA,310,114,1,160.9,25877.7497640586,0.9997863668224943,160.86562642173934,-154.39662778660906,476.19662778660904
GOA,2013,CENTRAL GOA,232,313,1,3978.5,15828410.0257268,0.9999983503035402,3978.4934366826346,-3819.347135897964,11776.347135897964
GOA,2007,WESTERN GOA,320,205,3,1144.3,456556.604420294,0.5904830245239818,675.6897249627924,-180.05186092707322,2468.6518609270734
GOA,2011,EASTERN GOA,310,124,37,25415.2,54153046.2882124,0.2895462298648265,7358.875341260538,10991.804331129346,39838.59566887066
GOA,2011,CENTRAL GOA,320,383,4,26624,245383716.912052,0.5883687062062274,15664.728434034598,-4078.8677307078106,57326.86773070781
GOA,2019,CENTRAL GOA,320,297,1,4877.7,23792279.3026048,1.0000067672346438,4877.733008540422,-4682.656696739227,14438.056696739226
GOA,1987,WESTERN GOA,310,177,32,655.3,38251.9494412962,0.29846033257538995,195.58105593665303,271.96113036416,1038.63886963584
GOA,2017,EASTERN GOA,232,115,0,0,0,0,0,0,0
GOA,2017,WESTERN GOA,320,125,0,0,0,0,0,0,0
GOA,2019,CENTRAL GOA,310,297,70,13313.2,6291435.91175968,0.18840500347153516,2508.273492217242,8396.983955254207,18229.416044745794
GOA,2015,EASTERN GOA,232,148,1,803.8,646133.005778735,1.0000298448654414,803.8239893028417,-771.6950190335697,2379.2950190335696
GOA,2015,EASTERN GOA,320,148,0,0,0,0,0,0,0
GOA,2011,WESTERN GOA,232,163,0,0,0,0,0,0,0
GOA,2019,EASTERN GOA,310,121,38,8548.4,3994479.76274722,0.2338004146058962,1998.619464217043,4631.105850134595,12465.694149865405
GOA,2015,WESTERN GOA,320,189,1,1862.4,3468417.51103236,0.9999832422069771,1862.3687902862741,-1787.842828961097,5512.642828961098
GOA,2015,CENTRAL GOA,310,434,40,18743.9,58776013.8747282,0.4090158200080126,7666.551628648189,3717.458807849551,33770.34119215045
GOA,1984,WESTERN GOA,232,242,0,0,0,0,0,0,0
GOA,1984,WESTERN GOA,310,242,5,42.5,351.217436797182,0.4409599071903305,18.740796055589048,5.768039731045469,79.23196026895454
GOA,2007,WESTERN GOA,232,205,0,0,0,0,0,0,0
GOA,2015,CENTRAL GOA,232,434,1,5127.1,26287202.5642122,1.0000009159262617,5127.104696045537,-4922.025204249252,15176.225204249253
GOA,2015,CENTRAL GOA,320,434,5,69070.2,1631336770.31663,0.5847646340791997,40389.81022877713,-10093.828048403186,148234.22804840317
GOA,2015,EASTERN GOA,310,148,35,32952.8,115470129.850361,0.3260937721562946,10745.702855111946,11891.222403980591,54014.37759601942
GOA,1984,CENTRAL GOA,310,485,57,2141.2,334357.614005848,0.2700526068905802,578.2366418741102,1007.8561819267438,3274.543818073256
GOA,2019,WESTERN GOA,310,123,2,152.7,12814.8916159986,0.7413417035098206,113.20287812594961,-69.17764112686123,374.5776411268612
GOA,1987,WESTERN GOA,320,177,2,400,125832.865056708,0.886823210456529,354.7292841826116,-295.26939699791876,1095.2693969979186
GOA,2017,EASTERN GOA,320,115,0,0,0,0,0,0,0
GOA,1984,CENTRAL GOA,232,485,3,5650.4,14288182.6227879,0.6689740985224327,3779.971246291154,-1758.3436427306615,13059.143642730662
AI,2000,ALEUTIANS,310,361,0,0,0,0,0,0,0
AI,1997,S BERING SEA,320,52,10,2485.7,515818.754760881,0.2889347997119718,718.2052316440482,1078.0177459776653,3893.3822540223346
AI,2002,S BERING SEA,320,61,3,360.4,57171.1203664276,0.6634429282249116,239.10483133225813,-108.24546941122594,829.0454694112259
AI,2002,ALEUTIANS,320,353,1,175.8,30901.1851397411,0.9999279254400534,175.7873292923614,-168.7431654130283,520.3431654130284
AI,2014,S BERING SEA,320,44,0,0,0,0,0,0,0
AI,2014,ALEUTIANS,232,366,0,0,0,0,0,0,0
AI,2006,S BERING SEA,232,44,0,0,0,0,0,0,0
AI,2006,ALEUTIANS,232,313,0,0,0,0,0,0,0
AI,2006,ALEUTIANS,320,313,0,0,0,0,0,0,0
AI,2022,S BERING SEA,310,47,0,0,0,0,0,0,0
AI,1980,ALEUTIANS,310,109,0,0,0,0,0,0,0
AI,1980,ALEUTIANS,320,109,0,0,0,0,0,0,0
AI,1980,S BERING SEA,310,18,0,0,0,0,0,0,0
AI,1991,S BERING SEA,320,55,1,1735.6,3012428.93900372,1.0000201801746071,1735.635024711048,-1666.2446484336538,5137.444648433653
AI,1983,ALEUTIANS,310,256,2,1.1,0.539010202050097,0.6674301288531306,0.7341731417384437,-0.33897935780734967,2.53897935780735
AI,1991,ALEUTIANS,232,276,0,0,0,0,0,0,0
AI,1991,S BERING SEA,232,55,0,0,0,0,0,0,0
AI,1991,S BERING SEA,310,55,0,0,0,0,0,0,0
AI,2012,S BERING SEA,320,55,1,21.9,478.882125596447,0.9992408928339809,21.88337555306418,-20.99141608400579,64.79141608400579
AI,2016,ALEUTIANS,232,376,0,0,0,0,0,0,0
AI,2016,ALEUTIANS,320,376,0,0,0,0,0,0,0
AI,2016,S BERING SEA,310,43,0,0,0,0,0,0,0
AI,2016,S BERING SEA,320,43,0,0,0,0,0,0,0
AI,2016,S BERING SEA,232,43,0,0,0,0,0,0,0
AI,1997,ALEUTIANS,232,344,0,0,0,0,0,0,0
AI,1997,S BERING SEA,232,52,0,0,0,0,0,0,0
AI,1997,ALEUTIANS,310,344,0,0,0,0,0,0,0
AI,1994,S BERING SEA,310,64,6,38.7,283.016425713103,0.4347052206156116,16.82309203782417,5.72673960586463,71.67326039413538
AI,2016,ALEUTIANS,310,376,1,6.6,43.5046562646273,0.9993645394244429,6.595805960201323,-6.327779681994594,19.527779681994595
AI,2002,ALEUTIANS,232,353,1,1020.6,1041651.53680382,1.0000130453105744,1020.6133140439723,-979.8020955261858,3021.0020955261857
AI,2000,S BERING SEA,320,58,2,1715,1390761.73245878,0.687641757742649,1179.305614528643,-596.4390044761403,4026.4390044761403
AI,2000,ALEUTIANS,320,361,1,923.3,852526.804924195,1.0000257567390296,923.323781197146,-886.4146111464061,2733.014611146406
AI,1991,ALEUTIANS,320,276,2,1190.9,1116113.71013146,0.8871129645710983,1056.4628295077212,-879.7671458351333,3261.5671458351335
AI,2002,S BERING SEA,232,61,0,0,0,0,0,0,0
AI,2002,ALEUTIANS,310,353,0,0,0,0,0,0,0
AI,2002,S BERING SEA,310,61,0,0,0,0,0,0,0
AI,1991,ALEUTIANS,310,276,0,0,0,0,0,0,0
AI,1986,ALEUTIANS,310,320,5,11.4,43.2120315751491,0.5766303420416798,6.573585899275151,-1.4842283625792945,24.284228362579295
AI,2018,ALEUTIANS,320,375,0,0,0,0,0,0,0
AI,2018,S BERING SEA,232,45,0,0,0,0,0,0,0
AI,2018,ALEUTIANS,310,375,0,0,0,0,0,0,0
AI,1986,ALEUTIANS,320,320,9,1320,199325.939516579,0.33822677038845256,446.4593369127574,444.9396996509955,2195.0603003490046
AI,2012,S BERING SEA,232,55,0,0,0,0,0,0,0
AI,2012,ALEUTIANS,232,365,0,0,0,0,0,0,0
AI,2012,ALEUTIANS,320,365,0,0,0,0,0,0,0
AI,2012,S BERING SEA,310,55,0,0,0,0,0,0,0
AI,1983,S BERING SEA,310,34,1,1.2,1.41437332758915,0.991061905087007,1.1892742861044083,-1.1309776007646402,3.53097760076464
AI,1994,S BERING SEA,320,64,1,72.7,5288.21589094174,1.0002767573886002,72.72012026215124,-69.83143571381642,215.23143571381644
AI,1997,ALEUTIANS,320,344,0,0,0,0,0,0,0
AI,2010,S BERING SEA,320,51,1,74.1,5493.80155998064,1.0002723780843292,74.12018321604879,-71.17555910345561,219.3755591034556
AI,2010,ALEUTIANS,232,367,0,0,0,0,0,0,0
AI,2010,ALEUTIANS,320,367,0,0,0,0,0,0,0
AI,2010,S BERING SEA,310,51,0,0,0,0,0,0,0
AI,1994,ALEUTIANS,310,316,3,8.3,18.665341467417,0.5205229438799859,4.320340434203883,-0.16786725103960976,16.76786725103961
AI,1994,S BERING SEA,232,64,0,0,0,0,0,0,0
AI,1994,ALEUTIANS,232,316,0,0,0,0,0,0,0
AI,2000,S BERING SEA,310,58,3,25,243.362722024984,0.6240034897658622,15.600087244146554,-5.576170998527246,55.576170998527246
AI,2018,ALEUTIANS,232,375,0,0,0,0,0,0,0
AI,2018,S BERING SEA,310,45,0,0,0,0,0,0,0
AI,1983,ALEUTIANS,320,256,3,249.2,26817.5076171163,0.6571449402235522,163.76051910370919,-71.77061744327,570.17061744327
GOA,2021,CENTRAL GOA,310,292,46,12461.6,9829657.22397035,0.25159116137208887,3135.2284165544224,6316.552303553332,18606.647696446667
GOA,2021,WESTERN GOA,232,114,1,1235.3,1525956.80762144,0.9999969585193482,1235.2962428589508,-1185.8806360035435,3656.4806360035436
AI,2012,ALEUTIANS,310,365,0,0,0,0,0,0,0
AI,2014,ALEUTIANS,310,366,2,22.6,261.235882699611,0.715167838892428,16.162793158968874,-9.07907459157899,54.27907459157899
AI,2006,S BERING SEA,310,44,0,0,0,0,0,0,0
AI,1983,S BERING SEA,232,34,0,0,0,0,0,0,0
AI,1983,S BERING SEA,320,34,0,0,0,0,0,0,0
AI,1983,ALEUTIANS,232,256,0,0,0,0,0,0,0
AI,1994,ALEUTIANS,320,316,2,300.8,51568.1855297942,0.7549411414122476,227.08629533680406,-144.28913886013595,745.889138860136
AI,2010,S BERING SEA,232,51,0,0,0,0,0,0,0
AI,2010,ALEUTIANS,310,367,0,0,0,0,0,0,0
AI,2000,ALEUTIANS,232,361,0,0,0,0,0,0,0
AI,2000,S BERING SEA,232,58,0,0,0,0,0,0,0
AI,1997,S BERING SEA,310,52,2,11.4,65.1035643543899,0.7077787702268231,8.068677980585784,-4.414608841948137,27.214608841948138
AI,2014,S BERING SEA,232,44,0,0,0,0,0,0,0
AI,2014,S BERING SEA,310,44,0,0,0,0,0,0,0
AI,2014,ALEUTIANS,320,366,0,0,0,0,0,0,0
AI,2004,ALEUTIANS,320,366,1,979,958380.1457395,0.9999682530137561,978.9689197004673,-939.7790826129158,2897.7790826129158
AI,2004,S BERING SEA,232,53,0,0,0,0,0,0,0
AI,2004,S BERING SEA,310,53,0,0,0,0,0,0,0
AI,2006,ALEUTIANS,310,313,6,61.8,902.796458412517,0.4861904772137723,30.046571491811125,2.908719876050192,120.69128012394981
AI,2018,S BERING SEA,320,45,2,100,4221.71707095552,0.6497474179214197,64.97474179214197,-27.350493912598253,227.35049391259827
AI,2004,S BERING SEA,320,53,1,37.9,1434.20665804573,0.9992327442923655,37.870921008680654,-36.32700517701408,112.12700517701407
AI,2006,S BERING SEA,320,44,1,76.4,5832.77694192425,0.9996416107193056,76.37261905895495,-73.2903333555517,226.0903333555517
AI,2022,ALEUTIANS,232,352,1,2218.4,4921317.63935298,1.0000019384451335,2218.404300246684,-2129.6724284835013,6566.472428483501
AI,2022,ALEUTIANS,320,352,0,0,0,0,0,0,0
AI,2022,ALEUTIANS,310,352,0,0,0,0,0,0,0
AI,2022,S BERING SEA,232,47,0,0,0,0,0,0,0
AI,2004,ALEUTIANS,232,366,0,0,0,0,0,0,0
AI,2004,ALEUTIANS,310,366,0,0,0,0,0,0,0
AI,1980,S BERING SEA,232,18,0,0,0,0,0,0,0
AI,1980,S BERING SEA,320,18,0,0,0,0,0,0,0
AI,2022,S BERING SEA,320,47,0,0,0,0,0,0,0
AI,1986,S BERING SEA,320,63,3,674.9,329417.167146489,0.8504204320370131,573.9487495817801,-450.0395491802891,1799.839549180289
AI,1986,S BERING SEA,310,63,1,2.4,5.87450602672207,1.0098908448580655,2.423738027659357,-2.35052653421234,7.150526534212339
AI,1986,ALEUTIANS,232,320,0,0,0,0,0,0,0
AI,1986,S BERING SEA,232,63,0,0,0,0,0,0,0
AI,1980,ALEUTIANS,232,109,0,0,0,0,0,0,0
GOA,1999,GOA,320,764,13,19362,59788782.0702483,0.3993554701745086,7732.320613518836,4206.651597503082,34517.34840249692
AI,2014,AI,232,410,0,0,0,0,0,0,0
AI,2014,AI,320,410,0,0,0,0,0,0,0
GOA,1990,GOA,232,708,13,12462,13666414.2051025,0.2966467145273496,3696.8113564398304,5216.249741377933,19707.750258622065
GOA,2013,GOA,320,548,6,40848.1,348889048.087857,0.4572690503688014,18678.571896369835,4238.099083115121,77458.10091688487
GOA,1999,GOA,310,764,168,31742.9,19173477.2059121,0.13794432544489738,4378.752928164833,23160.54426079693,40325.25573920307
GOA,2021,GOA,310,529,80,32319.5,32033655.4189341,0.1751211564106319,5659.828214613417,21226.2366993577,43412.7633006423
GOA,2013,GOA,232,548,1,3978.5,15828410.0257268,0.9999983503035402,3978.4934366826346,-3819.347135897964,11776.347135897964
AI,2012,AI,320,420,1,21.9,478.882125596447,0.9992408928339809,21.88337555306418,-20.99141608400579,64.79141608400579
AI,2012,AI,232,420,0,0,0,0,0,0,0
AI,2012,AI,310,420,0,0,0,0,0,0,0
GOA,2021,GOA,232,529,1,1235.3,1525956.80762144,0.9999969585193482,1235.2962428589508,-1185.8806360035435,3656.4806360035436
GOA,2017,GOA,310,536,112,53978.6,104187888.147984,0.18909802856443034,10207.24684466796,33972.3961844508,73984.8038155492
GOA,2019,GOA,310,541,110,22014.3,10298730.5661229,0.1457763149679262,3209.1635305984178,15724.339480027102,28304.260519972897
GOA,2017,GOA,320,536,1,6561.4,43051608.9988703,0.9999958078354296,6561.372493531388,-6298.890087321521,19421.69008732152
GOA,2017,GOA,232,536,0,0,0,0,0,0,0
GOA,2019,GOA,320,541,1,4877.7,23792279.3026048,1.0000067672346438,4877.733008540422,-4682.656696739227,14438.056696739226
GOA,2007,GOA,310,816,161,162759.4,3220790366.55395,0.34868651272569173,56752.007599325945,51525.46510532114,273993.33489467885
AI,2022,AI,232,399,1,2218.4,4921317.63935298,1.0000019384451335,2218.404300246684,-2129.6724284835013,6566.472428483501
AI,2022,AI,310,399,0,0,0,0,0,0,0
AI,2022,AI,320,399,0,0,0,0,0,0,0
AI,2000,AI,320,419,3,2638.3,2243288.53738298,0.5676993423853324,1497.7611750152225,-297.3119030298358,5573.911903029836
GOA,1990,GOA,310,708,114,18947.6,51367024.5212684,0.37825789114672437,7167.079218291674,4900.124732148319,32995.07526785168
GOA,2019,GOA,232,541,0,0,0,0,0,0,0
GOA,2007,GOA,232,816,2,12339.7,86020409.3124652,0.7516162326959931,9274.718826598746,-5838.748900133542,30518.148900133543
GOA,2007,GOA,320,816,15,41848.9,289372946.858408,0.4064853673267293,17010.96548871956,8507.407642109662,75190.39235789035
AI,2006,AI,232,357,0,0,0,0,0,0,0
GOA,1993,GOA,232,774,9,7728.6,7562142.28601705,0.3558128199576753,2749.9349603248893,2338.7274777632174,13118.472522236783
GOA,2009,GOA,232,823,0,0,0,0,0,0,0
GOA,2009,GOA,310,823,176,27879.9,11106615.7285692,0.1195362593744841,3332.6589577346795,21347.88844284003,34411.911557159976
GOA,2003,GOA,320,809,28,52115.6,165605168.208255,0.24692735303076102,12868.767159609928,26892.81636716454,77338.38363283545
AI,1980,AI,320,127,0,0,0,0,0,0,0
AI,1980,AI,232,127,0,0,0,0,0,0,0
AI,1980,AI,310,127,0,0,0,0,0,0,0
AI,1997,AI,320,396,10,2485.7,515818.754760881,0.2889347997119718,718.2052316440482,1078.0177459776653,3893.3822540223346
GOA,1993,GOA,310,774,166,33645.1,46952958.5854662,0.2036618376446475,6852.222893737929,20214.743128273658,47075.45687172634
GOA,1993,GOA,320,774,13,8656.8,18747719.9624434,0.5001690849804281,4329.86373485857,170.26707967720176,17143.3329203228
GOA,1987,GOA,320,783,8,1319.2,328276.436482299,0.434319383884327,572.9541312202042,196.20990280839987,2442.1900971916
GOA,2009,GOA,320,823,8,39687.7,312805914.943685,0.44563731318222627,17686.31999438224,5022.512811010805,74352.88718898919
AI,1997,AI,232,396,0,0,0,0,0,0,0
AI,2006,AI,310,357,6,61.8,902.796458412517,0.4861904772137723,30.046571491811125,2.908719876050192,120.69128012394981
AI,2006,AI,320,357,1,76.4,5832.77694192425,0.9996416107193056,76.37261905895495,-73.2903333555517,226.0903333555517
GOA,2005,GOA,320,837,25,57022,225041365.395425,0.26308054405573406,15001.378783146067,27619.29758503371,86424.70241496629
GOA,2005,GOA,310,837,156,47938.8,66586056.0775178,0.17021760965811578,8160.027945878482,31945.14522607818,63932.454773921825
GOA,2003,GOA,232,809,2,3612.8,6531260.69450665,0.7073829522457449,2555.633129873427,-1396.2409345519172,8621.840934551918
GOA,2005,GOA,232,837,1,2455.3,6028558.44632697,1.0000050059048704,2455.3122909982285,-2357.112090356528,7267.712090356528
AI,2004,AI,310,419,0,0,0,0,0,0,0
AI,2004,AI,232,419,0,0,0,0,0,0,0
AI,2004,AI,320,419,2,1016.9,959814.352397546,0.963419367329376,979.7011546372424,-903.3142630889951,2937.114263088995
AI,2002,AI,320,414,4,536.2,88072.3055061687,0.553468454617639,296.76978536597807,-45.468779317316944,1117.8687793173171
GOA,1987,GOA,310,783,122,10106.8,7409503.13782136,0.2693276064424211,2722.0402527922615,4771.601104527167,15441.998895472832
GOA,1987,GOA,232,783,15,12622.5,50402784.8540014,0.5624473656521486,7099.491872944246,-1292.5040709707228,26537.504070970725
GOA,2003,GOA,310,809,204,98743.8,466030772.194167,0.21862381111867987,21587.745880340703,56431.818074532224,141055.78192546777
AI,2016,AI,310,419,1,6.6,43.5046562646273,0.9993645394244429,6.595805960201323,-6.327779681994594,19.527779681994595
AI,2010,AI,320,418,1,74.1,5493.80155998064,1.0002723780843292,74.12018321604879,-71.17555910345561,219.3755591034556
AI,2010,AI,232,418,0,0,0,0,0,0,0
AI,2010,AI,310,418,0,0,0,0,0,0,0
GOA,1999,GOA,232,764,0,0,0,0,0,0,0
GOA,2021,GOA,320,529,0,0,0,0,0,0,0
GOA,2015,GOA,232,771,2,5930.9,26933335.5699909,0.8750330759968337,5189.73367042962,-4240.977994042056,16102.777994042055
GOA,2011,GOA,232,670,1,3765.9,14181818.2003477,0.9999934913899132,3765.875489225274,-3615.215958881537,11147.015958881537
AI,2018,AI,320,420,2,100,4221.71707095552,0.6497474179214197,64.97474179214197,-27.350493912598253,227.35049391259827
GOA,2001,GOA,320,489,15,37694.7,185782363.404489,0.36159461189202613,13630.200416886357,10979.507182902737,64409.89281709726
GOA,2011,GOA,310,670,97,41093,80102373.9466119,0.21779848046890005,8949.99295790851,23551.01380249932,58634.98619750068
GOA,1996,GOA,232,807,1,3302,10903482.698943,1.0000127805167203,3302.04220126621,-3170.0027144817723,9774.002714481772
GOA,1996,GOA,320,807,11,21100.9,57096140.737313,0.3580984142192265,7556.198828598477,6290.750295946986,35911.04970405302
AI,2018,AI,310,420,0,0,0,0,0,0,0
AI,2018,AI,232,420,0,0,0,0,0,0,0
GOA,2001,GOA,232,489,0,0,0,0,0,0,0
GOA,2001,GOA,310,489,75,31774.3,204014360.547141,0.44952554636743297,14283.359567942725,3778.9152468322573,59769.68475316774
GOA,1996,GOA,310,807,99,28477.9,438947777.244884,0.7356961213655452,20951.08057463586,-12586.217926286285,69542.0179262863
AI,2000,AI,232,419,0,0,0,0,0,0,0
AI,1997,AI,310,396,2,11.4,65.1035643543899,0.7077787702268231,8.068677980585784,-4.414608841948137,27.214608841948138
GOA,2015,GOA,310,771,81,51916.4,174255900.901555,0.25426651873273737,13200.602293136288,26043.21950545288,77789.58049454712
GOA,2015,GOA,320,771,6,70932.6,1634805187.82767,0.570016102888048,40432.72421971676,-8315.539470644842,150180.73947064485
AI,2016,AI,320,419,0,0,0,0,0,0,0
AI,2016,AI,232,419,0,0,0,0,0,0,0
GOA,1990,GOA,320,708,3,1651.4,1186227.8133928,0.6595257722031882,1089.1408602163451,-483.3160860240364,3786.1160860240366
GOA,1984,GOA,310,929,125,10143,4364629.7567408,0.20597156988160117,2089.169633309081,6048.227518714202,14237.772481285798
GOA,1984,GOA,320,929,1,163.2,26618.7059392882,0.9997083392208614,163.15240096084457,-156.5787058832554,482.9787058832554
GOA,2011,GOA,320,670,5,29496.1,253632916.435653,0.5399309349679873,15925.856850909247,-1718.579427782126,60710.77942778212
AI,2014,AI,310,410,2,22.6,261.235882699611,0.715167838892428,16.162793158968874,-9.07907459157899,54.27907459157899
GOA,1984,GOA,232,929,5,7848.8,16791433.1467504,0.5220842834618072,4097.735124035033,-182.76084310866372,15880.360843108665
GOA,2013,GOA,310,548,58,160384.3,4205337615.83681,0.40433243471401825,64848.57450890351,33281.0939625491,287487.50603745086
AI,1986,AI,232,383,0,0,0,0,0,0,0
AI,1983,AI,310,290,3,2.3,1.95338352963924,0.6076673814140751,1.3976349772523726,-0.4393645554146506,5.03936455541465
AI,2002,AI,232,414,1,1020.6,1041651.53680382,1.0000130453105744,1020.6133140439723,-979.8020955261858,3021.0020955261857
AI,2002,AI,310,414,0,0,0,0,0,0,0
AI,2000,AI,310,419,3,25,243.362722024984,0.6240034897658622,15.600087244146554,-5.576170998527246,55.576170998527246
AI,1983,AI,320,290,3,249.2,26817.5076171163,0.6571449402235522,163.76051910370919,-71.77061744327,570.17061744327
AI,1983,AI,232,290,0,0,0,0,0,0,0
AI,1994,AI,310,380,9,47,301.68176718052,0.3695529502797179,17.36898866314674,12.956782220232391,81.04321777976762
AI,1994,AI,320,380,3,373.5,56856.4014207359,0.6384091136511043,238.44580394868746,-93.85377573942742,840.8537757394274
AI,1994,AI,232,380,0,0,0,0,0,0,0
AI,1991,AI,320,331,3,2926.5,4128542.64913518,0.6943043068217343,2031.8815539138052,-1055.987845671058,6908.987845671058
AI,1991,AI,310,331,0,0,0,0,0,0,0
AI,1991,AI,232,331,0,0,0,0,0,0,0
AI,1986,AI,320,383,12,1994.9,528743.106663068,0.36450310223113325,727.1472386408877,569.6914122638602,3420.10858773614
AI,1986,AI,310,383,6,13.8,49.0865376018712,0.5076940964163121,7.006178530545108,0.06789008013159048,27.53210991986841
EBS_SHELF,1987,EBS,232,357,0,0,0,0,0,0,0
EBS_SHELF,1988,EBS,232,373,1,3808.46,14504390.1942,1.0000007798544497,3808.462970044477,-3656.127421287175,11273.047421287174
EBS_SHELF,1989,EBS,232,374,0,0,0,0,0,0,0
EBS_SHELF,1990,EBS,232,371,0,0,0,0,0,0,0
EBS_SHELF,1991,EBS,232,372,0,0,0,0,0,0,0
EBS_SHELF,1992,EBS,232,356,0,0,0,0,0,0,0
EBS_SHELF,1993,EBS,232,375,0,0,0,0,0,0,0
EBS_SHELF,1994,EBS,232,375,0,0,0,0,0,0,0
EBS_SHELF,1995,EBS,232,376,0,0,0,0,0,0,0
EBS_SHELF,1996,EBS,232,375,0,0,0,0,0,0,0
EBS_SHELF,1997,EBS,232,376,0,0,0,0,0,0,0
EBS_SHELF,1998,EBS,232,375,0,0,0,0,0,0,0
EBS_SHELF,1999,EBS,232,373,0,0,0,0,0,0,0
EBS_SHELF,2000,EBS,232,372,0,0,0,0,0,0,0
EBS_SHELF,2001,EBS,232,375,0,0,0,0,0,0,0
EBS_SHELF,2003,EBS,232,376,0,0,0,0,0,0,0
EBS_SHELF,2004,EBS,232,375,0,0,0,0,0,0,0
EBS_SHELF,2005,EBS,232,373,0,0,0,0,0,0,0
EBS_SHELF,2006,EBS,232,376,0,0,0,0,0,0,0
EBS_SHELF,2007,EBS,232,376,0,0,0,0,0,0,0
EBS_SHELF,2008,EBS,232,375,0,0,0,0,0,0,0
EBS_SHELF,2009,EBS,232,376,0,0,0,0,0,0,0
EBS_SHELF,2010,EBS,232,376,0,0,0,0,0,0,0
EBS_SHELF,2011,EBS,232,376,0,0,0,0,0,0,0
EBS_SHELF,2012,EBS,232,376,0,0,0,0,0,0,0
EBS_SHELF,2013,EBS,232,376,0,0,0,0,0,0,0
EBS_SHELF,2014,EBS,232,376,0,0,0,0,0,0,0
EBS_SHELF,2015,EBS,232,376,0,0,0,0,0,0,0
EBS_SHELF,2002,EBS,232,375,0,0,0,0,0,0,0
EBS_SHELF,2007,EBS,310,376,0,0,0,0,0,0,0
EBS_SHELF,2011,EBS,310,376,0,0,0,0,0,0,0
EBS_SHELF,1991,EBS,320,372,0,0,0,0,0,0,0
EBS_SHELF,1992,EBS,320,356,2,2563.56,3423053.9851,0.7217111047310506,1850.149719644332,-1062.7334505028907,6189.853450502891
EBS_SHELF,1993,EBS,320,375,0,0,0,0,0,0,0
EBS_SHELF,1994,EBS,320,375,2,5012.26,16721566.5525,0.8158398032093225,4089.201212033959,-3002.5743755865597,13027.09437558656
EBS_SHELF,1995,EBS,320,376,1,1005.24,1010511.8549,1.0000021757856328,1005.2421871867496,-965.034686886029,2975.5146868860293
EBS_SHELF,1996,EBS,320,375,2,2803.57,5249666.4335,0.8172490988788551,2291.215056143792,-1687.2115100418318,7294.351510041832
EBS_SHELF,1997,EBS,320,376,0,0,0,0,0,0,0
EBS_SHELF,1998,EBS,320,375,1,2124.06,4511646.9311,1.0000017784572965,2124.0637775500054,-2039.1050039980105,6287.22500399801
EBS_SHELF,1999,EBS,320,373,2,2079.5,2169585.8191,0.7083199795138798,1472.9513973991131,-807.4847389022616,4966.484738902262
EBS_SHELF,2000,EBS,320,372,1,1462.64,2139306.5674,0.9999978492632956,1462.6368542464668,-1404.1282343230748,4329.408234323075
EBS_SHELF,2001,EBS,320,375,0,0,0,0,0,0,0
EBS_SHELF,2002,EBS,320,375,3,5602.25,13196414.0016,0.6484335551979276,3632.68688460759,-1517.816293830876,12722.316293830876
EBS_SHELF,2003,EBS,320,376,2,2104.1,2429555.6943,0.7407933126645236,1558.703209177424,-950.958289987751,5159.15828998775
EBS_SHELF,2004,EBS,320,375,2,3093.47,4838896.7312,0.7110944159148749,2199.749242800188,-1218.0385158883687,7404.978515888368
EBS_SHELF,2005,EBS,320,373,2,1678.94,1638682.0881,0.7624514193011714,1280.110185921509,-830.0759644061573,4187.955964406157
EBS_SHELF,2006,EBS,320,376,2,2944.28,5273481.8099,0.7799551270737805,2296.4062815407906,-1556.6763118199492,7445.23631181995
EBS_SHELF,2007,EBS,320,376,0,0,0,0,0,0,0
EBS_SHELF,2008,EBS,320,375,0,0,0,0,0,0,0
EBS_SHELF,2009,EBS,320,376,0,0,0,0,0,0,0
EBS_SHELF,1987,EBS,310,357,3,215.9,16778.0762,0.5999546709767786,129.5302134638865,-37.97921838921752,469.77921838921753
EBS_SHELF,2014,EBS,320,376,0,0,0,0,0,0,0
EBS_SHELF,2015,EBS,320,376,2,2581.33,4808265.8533,0.8494752057615775,2192.775832888533,-1716.5106324615244,6879.170632461524
EBS_SHELF,1988,EBS,310,373,1,245.59,60315.5666,1.000009272196379,245.59227715870873,-235.77086323106911,726.9508632310691
EBS_SHELF,1989,EBS,310,374,0,0,0,0,0,0,0
EBS_SHELF,1990,EBS,310,371,0,0,0,0,0,0,0
EBS_SHELF,1991,EBS,310,372,0,0,0,0,0,0,0
EBS_SHELF,1992,EBS,310,356,0,0,0,0,0,0,0
EBS_SHELF,1993,EBS,310,375,0,0,0,0,0,0,0
EBS_SHELF,1994,EBS,310,375,0,0,0,0,0,0,0
EBS_SHELF,1995,EBS,310,376,0,0,0,0,0,0,0
EBS_SHELF,2010,EBS,320,376,4,5299.51,7771073.7374,0.5260230789022264,2787.664566873138,-164.31255107134984,10763.332551071351
EBS_SHELF,2011,EBS,320,376,1,759.75,577227.633,1.000006557702746,759.7549822146611,-729.3697651407358,2248.8697651407356
EBS_SHELF,2012,EBS,320,376,1,267.17,71382.0429,1.0000156485605323,267.1741808259174,-256.49139441879805,790.831394418798
EBS_SHELF,2013,EBS,320,376,0,0,0,0,0,0,0
EBS_SHELF,1996,EBS,310,375,0,0,0,0,0,0,0
EBS_SHELF,1997,EBS,310,376,1,36.98,1367.8549,1.0001222941710965,36.984522438447144,-35.5096639793564,109.4696639793564
EBS_SHELF,1998,EBS,310,375,1,254.09,64561.0036,0.9999943890749684,254.0885743200587,-243.92360566731506,752.103605667315
EBS_SHELF,1999,EBS,310,373,0,0,0,0,0,0,0
EBS_SHELF,2000,EBS,310,372,0,0,0,0,0,0,0
EBS_SHELF,2001,EBS,310,375,0,0,0,0,0,0,0
EBS_SHELF,2002,EBS,310,375,0,0,0,0,0,0,0
EBS_SHELF,2003,EBS,310,376,0,0,0,0,0,0,0
EBS_SHELF,2004,EBS,310,375,1,27.96,781.968,1.0001320008416965,27.963690743533835,-26.848833857326312,82.76883385732631
EBS_SHELF,2005,EBS,310,373,0,0,0,0,0,0,0
EBS_SHELF,2006,EBS,310,376,0,0,0,0,0,0,0
EBS_SHELF,2008,EBS,310,375,0,0,0,0,0,0,0
EBS_SHELF,2009,EBS,310,376,1,71.88,5167.3192,1.0000565912051913,71.88406777582915,-69.01277284062513,212.77277284062512
EBS_SHELF,2010,EBS,310,376,1,88.77,7880.0558,0.9999963769488989,88.76967838175375,-85.21856962823735,262.75856962823735
EBS_SHELF,2012,EBS,310,376,0,0,0,0,0,0,0
EBS_SHELF,2013,EBS,310,376,0,0,0,0,0,0,0
EBS_SHELF,2014,EBS,310,376,0,0,0,0,0,0,0
EBS_SHELF,2015,EBS,310,376,1,90.64,8215.017,0.9999639338578971,90.63673096487979,-87.00799269116438,268.2879926911644
EBS_SHELF,1987,EBS,320,357,0,0,0,0,0,0,0
EBS_SHELF,1988,EBS,320,373,0,0,0,0,0,0,0
EBS_SHELF,1989,EBS,320,374,0,0,0,0,0,0,0
EBS_SHELF,1990,EBS,320,371,0,0,0,0,0,0,0
EBS_SLOPE,2008,EBS,310,200,1,13.1076463574502,171.810393031978,1.0000000000000016,13.10764635745022,-12.583340503152229,38.79863321805263
EBS_SLOPE,2002,EBS,320,141,15,25424.7617503181,494376771.930327,0.8745248139987581,22234.585040659676,-18155.024929374867,69004.54843001107
EBS_SLOPE,2004,EBS,320,231,24,2281.94576836342,600947.117372221,0.33971350263928185,775.2077898036248,762.5385003483154,3801.353036378525
EBS_SLOPE,2008,EBS,320,200,28,1967.83916216308,272371.526483838,0.265210829046471,521.8922556273833,944.9303411334087,2990.7479831927512
EBS_SLOPE,2010,EBS,320,200,19,833.010695737336,50252.3539868215,0.2691086313353905,224.1703682176159,393.6367740308089,1272.3846174438631
EBS_SLOPE,2012,EBS,320,189,16,1305.14827027704,135941.595202384,0.2824986187877944,368.7025836665428,582.4912062906161,2027.805334263464
EBS_SLOPE,2016,EBS,320,175,5,251.169306445572,15063.0079560347,0.48864030490331106,122.73144648391748,10.615671337093744,491.7229415540503
