Year,pkEvent_ID,Station,Survey,Date,ET_X,ET_Y,Quad,Set_Time_Start,Set_Time_End,Pull_Time_Start,Pull_Time_End,Depth_m_Avg,Salmon_Shark,Spiny_Dogfish,Sleeper_Shark
1997,1997L01001,L19,Prince William Sound Longline Survey,9/3/1997,-147.12375,60.81208,NW,30900,32100,47700,54600,441,0,0,0
1997,1997L01002,M19,Prince William Sound Longline Survey,9/3/1997,-147.119,60.77033,NW,33960,34500,60000,64800,441,0,0,0
1997,1997L01003,L18,Prince William Sound Longline Survey,9/4/1997,-147.21908,60.81642,NW,32100,32820,46500,51300,399,0,0,0
1997,1997L01004,M17,Prince William Sound Longline Survey,9/4/1997,-147.29933,60.75875,NW,35460,36120,54900,58800,411.5,0,0,0
1997,1997L01005,M15,Prince William Sound Longline Survey,9/5/1997,-147.462,60.77333,NW,33600,34260,49200,53700,473,0,0,0
1997,1997L01006,M13,Prince William Sound Longline Survey,9/5/1997,-147.60717,60.76675,NW,40920,41520,58500,62100,590,0,0,0
1997,1997L01007,X13,Prince William Sound Longline Survey,9/6/1997,-147.61367,60.322,SW,39180,39960,52200,55800,206.5,0,0.405953992,0
1997,1997L01008,V14,Prince William Sound Longline Survey,9/6/1997,-147.5265,60.44625,SW,44820,45540,59100,62700,195,0,1.082543978,0
1997,1997L01009,I14,Prince William Sound Longline Survey,9/7/1997,-147.56267,60.93408,NW,31080,31800,45900,48900,309,0,0,0
1997,1997L01010,J15,Prince William Sound Longline Survey,9/7/1997,-147.477,60.89783,NW,34800,35520,52200,56100,429.5,0,0,0
1997,1997L01011,Z13,Prince William Sound Longline Survey,9/10/1997,-147.649,60.2355,SW,30840,31560,46200,49980,265,0,0.674763833,0
1997,1997L01012,AB12,Prince William Sound Longline Survey,9/10/1997,-147.67967,60.15067,SW,33360,34080,52500,57480,223.5,0,2.578018996,0
1997,1997L01013,AD12,Prince William Sound Longline Survey,9/10/1997,-147.73917,60.0645,SW,36600,37500,60240,64920,279.5,0,6.199460916,0
1997,1997L01014,AA10,Prince William Sound Longline Survey,9/11/1997,-147.89483,60.19925,SW,33600,34380,49080,52500,419,0,0,0
1997,1997L01015,AC10,Prince William Sound Longline Survey,9/11/1997,-147.84492,60.11183,SW,36600,37200,55320,58200,269,0,0.93708166,0
1997,1997L01016,Z8,Prince William Sound Longline Survey,9/11/1997,-148.06483,60.23225,SW,42540,43140,61440,66900,485.5,0,0,0
1997,1997L01017,Y7,Prince William Sound Longline Survey,9/12/1997,-148.145,60.27158,SW,31860,32520,45420,48600,333.5,0,0,0
1997,1997L01018,Y8,Prince William Sound Longline Survey,9/12/1997,-148.00617,60.272,SW,35580,36240,51480,54900,585.5,0,0,0
1997,1997L01019,Y9,Prince William Sound Longline Survey,9/12/1997,-147.97033,60.27992,SW,38460,39060,57600,60300,593.5,0,0,0
1997,1997L01020,V9,Prince William Sound Longline Survey,9/13/1997,-147.93675,60.39808,SW,32040,32700,48900,52200,378.5,0,0,0
1997,1997L01021,V10,Prince William Sound Longline Survey,9/13/1997,-147.90467,60.40542,SW,34200,34860,54900,58500,351,0,0,0
1997,1997L01022,X9,Prince William Sound Longline Survey,9/13/1997,-147.98608,60.30667,SW,38580,39240,65400,69120,529,0,0,0
1997,1997L01023,R12,Prince William Sound Longline Survey,9/14/1997,-147.70467,60.56575,NW,27360,28020,45900,49200,724.5,0,0,0
1997,1997L01024,O13,Prince William Sound Longline Survey,9/16/1997,-147.65267,60.68242,NW,33600,34260,48240,51600,721,0,0,0
1997,1997L01025,P12,Prince William Sound Longline Survey,9/16/1997,-147.72567,60.64642,NW,36180,36960,55260,55380,752,0,0,0
1997,1997L01026,S10,Prince William Sound Longline Survey,9/17/1997,-147.89567,60.53742,NW,34200,34860,47100,50400,617,0,0,0
1997,1997L01027,R10,Prince William Sound Longline Survey,9/17/1997,-147.89558,60.54833,NW,39420,40200,52980,56100,556.5,0,0,0
1997,1997L01028,S11,Prince William Sound Longline Survey,9/17/1997,-147.80458,60.53758,NW,42060,42780,60180,63480,736.5,0,0,0
1997,1997L01029,Q7,Prince William Sound Longline Survey,9/18/1997,-148.12592,60.60783,NW,34500,35160,49440,52320,390.5,0,0.134408602,0
1997,1997L01030,S5,Prince William Sound Longline Survey,9/18/1997,-148.28308,60.52658,NW,39000,39660,57240,60300,528.5,0,0,0
1997,1997L01031,M2,Prince William Sound Longline Survey,9/19/1997,-148.54725,60.76342,NW,35820,36360,49560,52740,362.5,0,0,0
1997,1997L01032,M3,Prince William Sound Longline Survey,9/19/1997,-148.442,60.78067,NW,39540,40080,54900,58740,307,0,0.269541779,0
1997,1997L01033,J7,Prince William Sound Longline Survey,9/20/1997,-148.13958,60.90517,NW,32940,33480,47580,51180,397,0,0,0
1997,1997L01034,K6,Prince William Sound Longline Survey,9/20/1997,-148.18783,60.85242,NW,36180,36780,53700,58080,421,0,0,0
1998,1998L01001,P24,Prince William Sound Longline Survey,9/3/1998,-146.73358,60.63817,NE,31980,32580,46560,51960,213.5,0,38.68808568,0.267737617
1998,1998L01002,R23,Prince William Sound Longline Survey,9/3/1998,-146.79467,60.56275,NE,35880,36420,57060,62100,434,0,5.898123324,0.268096515
1998,1998L01003,T24,Prince William Sound Longline Survey,9/3/1998,-146.72608,60.47992,SE,40080,40680,67200,72480,231,0.13368984,51.73796791,0.267379679
1998,1998L01004,W23,Prince William Sound Longline Survey,9/4/1998,-146.79275,60.356,SE,33720,34320,46440,51960,293,0,18.76675603,0
1998,1998L01005,M13,Prince William Sound Longline Survey,9/5/1998,-147.60775,60.76642,NW,33180,33720,46860,50700,590,0,0,0.269905533
1998,1998L01006,M12,Prince William Sound Longline Survey,9/5/1998,-147.69275,60.7655,NW,35640,36180,56580,62100,546,0,0,0.809716599
1998,1998L01007,M17,Prince William Sound Longline Survey,9/6/1998,-147.30025,60.7585,NW,36600,37200,51600,55620,412,0,1.222826087,0.135869565
1998,1998L01008,M18,Prince William Sound Longline Survey,9/6/1998,-147.20358,60.77908,NW,43800,44340,60120,65880,376,0,1.484480432,0.674763833
1998,1998L01009,P18,Prince William Sound Longline Survey,9/7/1998,-147.19067,60.63792,NW,33120,33660,47520,52080,243,0,18.16958277,0.134589502
1998,1998L01010,P23,Prince William Sound Longline Survey,9/7/1998,-146.78358,60.65217,NE,40260,40860,57600,62220,380,0,3.225806452,0.403225806
1998,1998L01011,Q22,Prince William Sound Longline Survey,9/9/1998,-146.87325,60.60592,NE,34380,34980,47400,51300,444.5,0,0.67294751,0.269179004
1998,1998L01012,Q21,Prince William Sound Longline Survey,9/9/1998,-146.95642,60.60717,NE,41880,42480,57000,61680,439.5,0,2.702702703,0.540540541
1998,1998L01013,I14,Prince William Sound Longline Survey,9/10/1998,-147.56167,60.93683,NW,32340,32940,47700,50640,305.5,0,0.67294751,0.134589502
1998,1998L01014,G14,Prince William Sound Longline Survey,9/10/1998,-147.56608,61.00367,NW,42000,42600,55680,58500,214,0,2.956989247,0
1998,1998L01015,J14,Prince William Sound Longline Survey,9/11/1998,-147.57167,60.90625,NW,31260,31800,46500,49680,339.5,0,0.537634409,0
1998,1998L01016,M15,Prince William Sound Longline Survey,9/11/1998,-147.46075,60.7735,NW,40740,41280,54240,58200,473.5,0,0.27027027,0.27027027
1998,1998L01017,L19,Prince William Sound Longline Survey,9/12/1998,-147.12417,60.8115,NW,36060,36600,50640,55620,441,0,3.913630229,0.4048583
1998,1998L01018,M19,Prince William Sound Longline Survey,9/12/1998,-147.12058,60.77017,NW,43080,43680,59280,63600,440,0,1.889338731,0.134952767
1998,1998L01019,V23,Prince William Sound Longline Survey,9/13/1998,-146.79275,60.39317,SE,32760,33300,47100,52320,289,0,6.056527591,0
1998,1998L01020,U24,Prince William Sound Longline Survey,9/13/1998,-146.738,60.44083,SE,42180,42720,57120,61980,219,0,3.265306122,1.088435374
1998,1998L01021,Q13,Prince William Sound Longline Survey,9/14/1998,-147.64317,60.58983,NW,27540,28140,46200,50760,744.5,0,0.268817204,1.612903226
1998,1998L01022,P12,Prince William Sound Longline Survey,9/17/1998,-147.72758,60.64567,NW,33660,34260,49800,55620,751,0,0,0.27100271
1998,1998L01023,Q10,Prince William Sound Longline Survey,9/17/1998,-147.9015,60.61692,NW,39840,40380,59880,66180,512.5,0,0.405953992,0.676589986
1998,1998L01024,Q9,Prince William Sound Longline Survey,9/18/1998,-147.97183,60.59483,NW,32340,32880,47100,52500,609.5,0,0,0.134228188
1998,1998L01025,R8,Prince William Sound Longline Survey,9/18/1998,-148.01783,60.57792,NW,42300,42840,56400,59580,622.5,0,0,0
1998,1998L01026,R3,Prince William Sound Longline Survey,9/19/1998,-148.46883,60.55508,NW,32280,32820,47400,50820,466.5,0,0.402144772,0
1998,1998L01027,R6,Prince William Sound Longline Survey,9/19/1998,-148.22083,60.56192,NW,41220,41820,56760,60000,621.5,0,0,0
1998,1998L01028,N4,Prince William Sound Longline Survey,9/20/1998,-148.34275,60.72808,NW,33900,34500,48600,52320,258.5,0,7.774798928,0.134048257
1998,1998L01029,M2,Prince William Sound Longline Survey,9/20/1998,-148.54933,60.76308,NW,42360,42900,58920,63600,365.5,0,0.539811066,1.079622132
1998,1998L01030,K5,Prince William Sound Longline Survey,9/21/1998,-148.27033,60.8585,NW,33660,34200,47880,51420,314,0,1.742627346,0
1998,1998L01031,I6,Prince William Sound Longline Survey,9/21/1998,-148.18533,60.94417,NW,41460,42060,59340,68280,376.5,0,0.27027027,1.486486486
1998,1998L01032,Q33,Prince William Sound Longline Survey,9/23/1998,-145.96525,60.58875,NE,43200,43800,56880,63300,216.5,0,1.87416332,0
1998,1998L01033,M22,Prince William Sound Longline Survey,9/24/1998,-146.86242,60.77717,NE,34140,34680,48120,52380,363.5,0,20.78272605,0
1998,1998L01034,M21,Prince William Sound Longline Survey,9/24/1998,-146.94783,60.76433,NE,37680,38220,55200,60960,356,0,17.39130435,0.679347826
1998,1998L01035,O18,Prince William Sound Longline Survey,9/24/1998,-147.1915,60.69375,NW,42060,42600,65220,70920,238,0,47.84946237,0.134408602
1998,1998L01036,O13,Prince William Sound Longline Survey,9/25/1998,-147.65625,60.68275,NW,34680,35220,61200,67080,726.5,0,0,0.81300813
1998,1998L01037,O12,Prince William Sound Longline Survey,9/26/1998,-147.6835,60.69417,NW,32760,33300,51000,54480,727,0,0,0.542740841
1998,1998L01038,R10,Prince William Sound Longline Survey,9/26/1998,-147.89942,60.54875,NW,38520,39120,59940,63180,557.5,0,0.269905533,0.269905533
1999,1999L01001,R14,Prince William Sound Longline Survey,9/4/1999,-147.51875,60.556,NW,42660,43140,55980,59160,230,0,0.401069519,0.267379679
1999,1999L01002,T14,Prince William Sound Longline Survey,9/4/1999,-147.518,60.4845,SW,50520,51060,63480,65880,102,0,0.403225806,0
1999,1999L01003,Q19,Prince William Sound Longline Survey,9/5/1999,-147.13017,60.61775,NW,29400,30000,43500,47820,279.5,0,1.34589502,0.403768506
1999,1999L01004,T20,Prince William Sound Longline Survey,9/5/1999,-147.0365,60.48108,SW,34560,35100,58800,65040,301.5,0,1.759133965,0.541271989
1999,1999L01005,U20,Prince William Sound Longline Survey,9/5/1999,-147.01025,60.44042,SW,58800,59340,71700,75240,243.5,0,2.564102564,0.134952767
1999,1999L01006,P14,Prince William Sound Longline Survey,9/6/1999,-147.56958,60.65025,NW,29880,30480,46680,49680,265.5,0,0,0.539811066
1999,1999L01007,R11,Prince William Sound Longline Survey,9/6/1999,-147.769,60.55958,NW,36120,36660,55740,60120,755.5,0,0,0.677506775
1999,1999L01008,Q13,Prince William Sound Longline Survey,9/6/1999,-147.64325,60.59567,NW,49200,49680,65100,70800,744,0,0,1.219512195
1999,1999L01009,N14,Prince William Sound Longline Survey,9/7/1999,-147.56333,60.74125,NW,32580,33120,47400,53220,519.5,0,0,1.217861976
1999,1999L01010,L16,Prince William Sound Longline Survey,9/7/1999,-147.35083,60.82208,NW,38160,38700,57360,62160,471,0,0,0
1999,1999L01011,G14,Prince William Sound Longline Survey,9/8/1999,-147.56442,61.00367,NW,30600,31140,46020,49380,213.5,0,0.133868809,0
1999,1999L01012,J14,Prince William Sound Longline Survey,9/8/1999,-147.5715,60.90625,NW,38640,39120,56160,59340,339.5,0,0,0.134770889
1999,1999L01013,M13,Prince William Sound Longline Survey,9/9/1999,-147.60875,60.7665,NW,32040,32580,50400,55020,590,0,0,0.810810811
1999,1999L01014,M12,Prince William Sound Longline Survey,9/9/1999,-147.69342,60.76492,NW,39060,39660,60180,65820,550,0,0,1.35501355
1999,1999L01015,O13,Prince William Sound Longline Survey,9/9/1999,-147.65725,60.68567,NW,44220,44760,70800,75000,736.5,0,0,0.673854447
1999,1999L01016,M6,Prince William Sound Longline Survey,9/10/1999,-148.22267,60.787,NW,26520,27180,42240,49080,429,0,0,1.217861976
1999,1999L01017,K6,Prince William Sound Longline Survey,9/10/1999,-148.18833,60.85217,NW,31860,32340,53700,58620,418,0,0,1.494565217
1999,1999L01018,L6,Prince William Sound Longline Survey,9/10/1999,-148.21042,60.81667,NW,45180,45720,,,428,0,0,1.35501355
1999,1999L01019,T5,Prince William Sound Longline Survey,9/11/1999,-148.29683,60.4955,SW,29520,30060,43020,46920,242,0,0.134589502,0.67294751
1999,1999L01020,S4,Prince William Sound Longline Survey,9/11/1999,-148.37392,60.52833,NW,33060,33600,51900,54660,398.5,0,0,0.135135135
1999,1999L01021,R5,Prince William Sound Longline Survey,9/11/1999,-148.26775,60.55075,NW,45000,45540,60240,62520,503,0,0,0
1999,1999L01022,M4,Prince William Sound Longline Survey,9/12/1999,-148.35783,60.78,NW,30000,30480,44580,49200,348,0,0,1.756756757
1999,1999L01023,M5,Prince William Sound Longline Survey,9/12/1999,-148.30158,60.78958,NW,33000,33540,55980,58680,379,0,0,0.135501355
1999,1999L01024,N4,Prince William Sound Longline Survey,9/12/1999,-148.34308,60.72958,NW,47880,48420,62880,65880,250.5,0,0.134589502,0.269179004
1999,1999L01025,Y7,Prince William Sound Longline Survey,9/14/1999,-148.14733,60.27233,SW,37152,44928,51300,54480,329.5,0,0,0.268456376
1999,1999L01026,Z6,Prince William Sound Longline Survey,9/14/1999,-148.17675,60.23892,SW,40980,41460,58320,61380,322.5,0,0,0.268817204
1999,1999L01027,Z7,Prince William Sound Longline Survey,9/14/1999,-148.10325,60.24325,SW,55980,56460,70800,74100,484,0,0,0.135501355
1999,1999L01028,W9,Prince William Sound Longline Survey,9/15/1999,-147.95942,60.36317,SW,29880,30420,45420,48780,407.5,0,0,0.134228188
1999,1999L01029,X9,Prince William Sound Longline Survey,9/15/1999,-147.98292,60.30483,SW,35880,36420,54060,57180,527.5,0,0,0.134589502
1999,1999L01030,S11,Prince William Sound Longline Survey,9/15/1999,-147.80658,60.53675,NW,49560,50040,67020,72180,734.5,0,0,1.356852103
1999,1999L02001,AJ38,North Gulf Coast Longline Survey,8/26/1999,-149.37492,59.80383,NG,47580,48180,61320,64620,279.5,0,0.268817204,0
1999,1999L02002,AJ39,North Gulf Coast Longline Survey,8/27/1999,-149.30167,59.79708,NG,34740,35280,49140,52200,267,0,0,0
1999,1999L02003,AK38,North Gulf Coast Longline Survey,8/27/1999,-149.37108,59.76733,NG,40380,40920,55140,58140,235,0,0.802139037,0
1999,1999L02004,AK34,North Gulf Coast Longline Survey,8/28/1999,-149.70025,59.77267,NG,35460,36000,49920,52560,288.5,0,0,0
1999,1999L02005,AI34,North Gulf Coast Longline Survey,8/28/1999,-149.70492,59.85267,NG,41580,42060,56400,59520,250,0,0,0
1999,1999L02006,AN34,North Gulf Coast Longline Survey,8/30/1999,-149.69225,59.6525,NG,35520,36060,50220,53100,283,0,0,0.134048257
1999,1999L02007,AM36,North Gulf Coast Longline Survey,8/30/1999,-149.56108,59.67567,NG,43080,43560,58140,61620,297.5,0,0,0
1999,1999L02008,AE38,North Gulf Coast Longline Survey,8/31/1999,-149.355,60.02858,NG,33000,33540,49080,52260,294.5,0,0,0
1999,1999L02009,AF38,North Gulf Coast Longline Survey,8/31/1999,-149.3675,59.98892,NG,39180,39720,55440,59760,296.5,0,0,0.268817204
2000,2000L01001,T24,Prince William Sound Longline Survey,9/5/2000,-146.74683,60.49092,SE,41220,41760,54180,57780,294.4,0,0.27027027,0.540540541
2000,2000L01002,W23,Prince William Sound Longline Survey,9/5/2000,-146.7875,60.3655,SE,46260,46740,62160,65100,293.9,0,1.623815968,0
2000,2000L01003,L27,Prince William Sound Longline Survey,9/6/2000,-146.446,60.79341,NE,41460,42000,54180,56520,215.5,0,0,0.134228188
2000,2000L01004,L28,Prince William Sound Longline Survey,9/6/2000,-146.38325,60.79858,NE,47280,47820,58800,63060,205.7,0,0,1.081081081
2000,2000L01005,L19,Prince William Sound Longline Survey,9/7/2000,-147.12259,60.80116,NW,31260,31800,44640,47160,448.35,0,0.134952767,0.134952767
2000,2000L01006,N22,Prince William Sound Longline Survey,9/7/2000,-146.87892,60.72783,NE,36600,37140,52680,57000,439.6,0,0.4048583,0.674763833
2000,2000L01007,M21,Prince William Sound Longline Survey,9/7/2000,-146.99209,60.76117,NE,50220,50760,63660,68400,453.6,0,0,0.811907984
2000,2000L01008,I23,Prince William Sound Longline Survey,9/8/2000,-146.80291,60.93742,NE,38160,38700,53160,56100,376.6,0,0,0.135135135
2000,2000L01009,I22,Prince William Sound Longline Survey,9/8/2000,-146.90108,60.93508,NE,45540,46020,58620,61440,317.9,0,0.135135135,0
2000,2000L01010,O19,Prince William Sound Longline Survey,9/9/2000,-147.08983,60.70042,NW,32640,33180,48300,50820,413.2,0,0.135317997,0
2000,2000L01011,Q21,Prince William Sound Longline Survey,9/9/2000,-146.94975,60.59316,NE,43560,44100,56280,59280,440.4,0,0.134770889,0.134770889
2000,2000L01012,P21,Prince William Sound Longline Survey,9/9/2000,-146.98417,60.66383,NE,53220,53760,65340,71460,449.25,0,0,0.810810811
2000,2000L01013,R24,Prince William Sound Longline Survey,9/10/2000,-146.74817,60.57508,NE,27120,27600,39420,42720,370.55,0,0.134408602,0.268817204
2000,2000L01014,S24,Prince William Sound Longline Survey,9/10/2000,-146.74717,60.5325,NE,28680,29160,44820,47520,362.4,0,1.214574899,0
2000,2000L01015,H7,Prince William Sound Longline Survey,9/12/2000,-148.15017,60.95916,NW,27840,28380,41340,46020,346.15,0,0,0.947225981
2000,2000L01016,K5,Prince William Sound Longline Survey,9/12/2000,-148.25183,60.84217,NW,36480,36960,52020,54300,381.55,0,0,0
2000,2000L01017,J7,Prince William Sound Longline Survey,9/12/2000,-148.16208,60.88575,NW,49200,49740,63120,65760,410.85,0,0,0.134589502
2000,2000L01018,L3,Prince William Sound Longline Survey,9/13/2000,-148.48325,60.82225,NW,34140,34620,47160,49800,341.35,0,0,0
2000,2000L01019,N4,Prince William Sound Longline Survey,9/13/2000,-148.33508,60.73967,NW,43020,43560,54000,56280,273.7,0,0,0
2000,2000L01020,M7,Prince William Sound Longline Survey,9/14/2000,-148.14425,60.78167,NW,25980,26460,37620,40080,429.45,0,0,0.133868809
2000,2000L01021,M13,Prince William Sound Longline Survey,9/14/2000,-147.65067,60.75109,NW,48120,48600,61500,65100,642.25,0,0,0.269905533
2000,2000L01022,N14,Prince William Sound Longline Survey,9/14/2000,-147.5815,60.73267,NW,53100,53640,65100,71760,573.65,0,0,0.81300813
2000,2000L01023,P12,Prince William Sound Longline Survey,9/15/2000,-147.72359,60.65325,NW,34500,34980,47100,49620,748.9,0,0,0
2000,2000L01024,O12,Prince William Sound Longline Survey,9/15/2000,-147.69683,60.69042,NW,39780,40320,52020,55980,723.8,0,0,0.940860215
2000,2000L01025,S15,Prince William Sound Longline Survey,9/17/2000,-147.48767,60.51883,NW,32400,32940,44100,46500,195.9,0,2.150537634,0
2000,2000L01026,Q14,Prince William Sound Longline Survey,9/17/2000,-147.57409,60.60808,NW,39540,40080,58200,60300,329.2,0,0,0
2000,2000L01027,Q13,Prince William Sound Longline Survey,9/18/2000,-147.64975,60.59275,NW,33180,33720,44880,47760,741.25,0,0,0.27027027
2000,2000L01028,R11,Prince William Sound Longline Survey,9/18/2000,-147.76792,60.55984,NW,41100,41580,53640,56280,752.1,0,0,0.135135135
2000,2000L01029,Q11,Prince William Sound Longline Survey,9/18/2000,-147.75525,60.594,NW,50520,51060,63420,68040,754.3,0,0,0.679347826
2000,2000L01030,S11,Prince William Sound Longline Survey,9/19/2000,-147.81167,60.53517,NW,35700,36240,47460,50280,732.6,0,0,0.269905533
2000,2000L01031,Q10,Prince William Sound Longline Survey,9/19/2000,-147.906,60.61491,NW,41460,42000,56220,60120,511.85,0,0,1.085481682
2000,2000L01032,R9,Prince William Sound Longline Survey,9/19/2000,-147.96933,60.56217,NW,53460,54000,65220,69360,627.1,0,0,0.675675676
2000,2000L01033,Q7,Prince William Sound Longline Survey,9/20/2000,-148.15567,60.59775,NW,32040,32580,43380,46740,418.65,0,0,0.676589986
2000,2000L01034,S5,Prince William Sound Longline Survey,9/20/2000,-148.27191,60.52809,NW,39240,39780,50760,53700,527.6,0,0,0.406504065
2000,2000L01035,S2,Prince William Sound Longline Survey,9/21/2000,-148.53225,60.53175,NW,31320,31800,42720,45900,464.4,0,0,0.133868809
2000,2000L01036,S1,Prince William Sound Longline Survey,9/21/2000,-148.59684,60.51425,NW,38580,39120,50100,53220,455.7,0,0,0.144508671
2000,2000L02001,AY18,North Gulf Coast Longline Survey,8/31/2000,-151.05133,59.19183,NG,32160,32700,45300,,218.05,0,0.76142132,0
2000,2000L02002,AW18,North Gulf Coast Longline Survey,8/31/2000,-151.06008,59.26042,NG,36420,36960,51000,53700,247.5,0,0.538358008,0
2000,2000L02003,AV21,North Gulf Coast Longline Survey,9/1/2000,-150.82941,59.30684,NG,29100,29640,44220,47220,212.2,0,0.268456376,0.134228188
2000,2000L02004,AU21,North Gulf Coast Longline Survey,9/1/2000,-150.828,59.34067,NG,31860,32400,50880,53700,201.3,0,0.404312668,0
2000,2000L02005,AV20,North Gulf Coast Longline Survey,9/1/2000,-150.84434,59.3175,NG,41880,42420,57000,59640,215.5,0,0,0
2000,2000L02006,AV24,North Gulf Coast Longline Survey,9/2/2000,-150.54842,59.32433,NG,34260,34800,45780,48060,290.6,0,0.268096515,0
2000,2000L02007,AS24,North Gulf Coast Longline Survey,9/2/2000,-150.537,59.43234,NG,41700,42240,52620,55200,314.6,0,0,0
2000,2000L02008,AT25,North Gulf Coast Longline Survey,9/2/2000,-150.48142,59.40358,NG,50820,51420,63240,65700,242.7,0,0,0.133868809
2000,2000L02009,AR24,North Gulf Coast Longline Survey,9/3/2000,-150.55892,59.46734,NG,30660,31260,43440,46980,279.8,0,0,0.270635995
2000,2000L02010,AQ26,North Gulf Coast Longline Survey,9/3/2000,-150.41391,59.50808,NG,36780,37260,52260,55620,209.45,0,0,0.4048583
2000,2000L02011,AO32,North Gulf Coast Longline Survey,9/3/2000,-149.86609,59.61834,NG,65700,66240,76920,79500,214.4,0,0.267379679,0
2000,2000L02012,AM32,North Gulf Coast Longline Survey,9/4/2000,-149.86875,59.67675,NG,27480,28020,39120,41520,207.9,0,0.134589502,0
2001,2001L01001,S11,Prince William Sound Longline Survey,8/31/2001,-147.80558,60.53683,NW,30240,30840,45240,49680,733.4,0,0,0.404312668
2001,2001L01002,U10,Prince William Sound Longline Survey,8/31/2001,-147.85242,60.44958,SW,38220,38820,56220,59940,411.7,0,0,0.402684564
2001,2001L01003,T10,Prince William Sound Longline Survey,8/31/2001,-147.84692,60.48008,SW,53940,54420,67560,70980,455.5,0,0,0.538358008
2001,2001L01004,S14,Prince William Sound Longline Survey,9/1/2001,-147.51458,60.50717,NW,31740,32220,46740,49440,230.85,0,0.805369128,0
2001,2001L01005,R19,Prince William Sound Longline Survey,9/1/2001,-147.09617,60.57158,NW,39660,40140,55500,59280,242.75,0,1.48849797,0
2001,2001L01006,M7,Prince William Sound Longline Survey,9/2/2001,-148.14308,60.78158,NW,26820,27240,40080,42720,429.55,0,0,0.536912752
2001,2001L01007,H8,Prince William Sound Longline Survey,9/2/2001,-148.07708,60.97025,NW,33600,34080,50220,54540,299.25,0,0,1.619433198
2001,2001L01008,K6,Prince William Sound Longline Survey,9/2/2001,-148.18733,60.85308,NW,45720,46260,60720,67020,422.45,0,0,1.899592944
2001,2001L01009,Z8,Prince William Sound Longline Survey,9/3/2001,-148.05342,60.22158,SW,30720,31200,46620,49800,467.4,0,0,0.133868809
2001,2001L01010,AD4,Prince William Sound Longline Survey,9/3/2001,-148.36842,60.06117,SW,39840,40380,56220,58440,266.7,0,5.510752688,0
2001,2001L01011,AB8,Prince William Sound Longline Survey,9/5/2001,-148.00325,60.14425,SW,32160,32640,46200,48540,267.05,0.268817204,0.268817204,0.403225806
2001,2001L01012,X6,Prince William Sound Longline Survey,9/5/2001,-148.17108,60.30933,SW,39480,39960,54720,57840,278.65,0,0,0.269905533
2001,2001L01013,I14,Prince William Sound Longline Survey,9/6/2001,-147.56483,60.92858,NW,27480,27960,41280,44400,312.5,0.268817204,0,0.268817204
2001,2001L01014,I15,Prince William Sound Longline Survey,9/6/2001,-147.47958,60.9525,NW,36420,36900,52260,54660,199.75,0,0.268456376,0
2001,2001L01015,K14,Prince William Sound Longline Survey,9/6/2001,-147.51425,60.851,NW,48360,48840,61800,65520,428.1,0,0.135317997,0.811907984
2001,2001L01016,P11,Prince William Sound Longline Survey,9/7/2001,-147.75825,60.63617,NW,28440,28920,46620,50400,750.95,0,0,0.135501355
2001,2001L01017,R9,Prince William Sound Longline Survey,9/7/2001,-147.97025,60.56308,NW,41220,41700,57180,60480,624.3,0,0,0.541271989
2001,2001L01018,Q13,Prince William Sound Longline Survey,9/8/2001,-147.65908,60.6,NW,27360,27840,44220,46680,749.05,0,0,0.134952767
2001,2001L01019,Q12,Prince William Sound Longline Survey,9/8/2001,-147.73942,60.59383,NW,37800,38280,54840,58680,753.85,0,0,0.407055631
2001,2001L01020,AB12,Prince William Sound Longline Survey,9/10/2001,-147.71292,60.15808,SW,28200,28680,41880,44520,251.65,0,6.334231806,0.134770889
2001,2001L01021,AD11,Prince William Sound Longline Survey,9/10/2001,-147.77033,60.07008,SW,36060,36540,49920,52800,357.65,0,10.17402945,0.267737617
2001,2001L01022,AC11,Prince William Sound Longline Survey,9/10/2001,-147.76508,60.09117,SW,46740,47220,61920,64320,345.15,0,3.099730458,0
2001,2001L01023,U19,Prince William Sound Longline Survey,9/11/2001,-147.15233,60.44475,SW,35280,35760,48480,51420,201.5,0,6.434316354,0
2001,2001L01024,T19,Prince William Sound Longline Survey,9/11/2001,-147.15175,60.46408,SW,42240,42720,54780,57060,208.55,0,7.258064516,0
2001,2001L01025,S2,Prince William Sound Longline Survey,9/12/2001,-148.52817,60.53233,NW,36240,36720,52080,54300,465.75,0,0,0
2001,2001L01026,S5,Prince William Sound Longline Survey,9/12/2001,-148.26817,60.52958,NW,47340,47820,61800,63900,527.95,0,0,0
2001,2001L01027,P13,Prince William Sound Longline Survey,9/13/2001,-147.65817,60.63175,NW,33360,33840,49800,52440,731.85,0,0,0.403225806
2001,2001L01028,N13,Prince William Sound Longline Survey,9/13/2001,-147.65958,60.71533,NW,40620,41160,58800,63840,680.1,0,0,1.086956522
2001,2001L01029,O14,Prince William Sound Longline Survey,9/13/2001,-147.57733,60.701,NW,56100,56580,70320,73800,482.6,0,0,0.268817204
2001,2001L01030,L16,Prince William Sound Longline Survey,9/14/2001,-147.352,60.82233,NW,32940,33420,46980,50220,471.7,0,0,0.538358008
2001,2001L01031,K17,Prince William Sound Longline Survey,9/14/2001,-147.3165,60.83467,NW,38580,39060,51600,54900,227.85,0,2.818791946,0
2001,2001L01032,L13,Prince William Sound Longline Survey,9/15/2001,-147.603,60.797,NW,26640,27180,41100,45480,501.45,0,0.135501355,1.761517615
2001,2001L01033,O12,Prince William Sound Longline Survey,9/15/2001,-147.69967,60.67742,NW,33900,34380,51180,53580,749.6,0,0,0.13568521
2001,2001L01034,M14,Prince William Sound Longline Survey,9/15/2001,-147.57167,60.76117,NW,47040,47520,62520,66060,568.1,0,0,0.405405405
2001,2001L01035,S10,Prince William Sound Longline Survey,9/16/2001,-147.8365,60.52933,NW,30180,30660,44760,47760,649.55,0,0,0.269905533
2002,2002L01001,Q8,Prince William Sound Longline Survey,9/5/2002,-148.04292,60.59192,NW,36000,36480,50400,54300,611,0,0,0.4048583
2002,2002L01002,P8,Prince William Sound Longline Survey,9/5/2002,-148.033,60.63217,NW,39960,40440,56340,61080,457,0,0,1.353179973
2002,2002L01003,M3,Prince William Sound Longline Survey,9/6/2002,-148.43867,60.78342,NW,47280,47760,60360,62940,319,0,0,0
2002,2002L01004,K5,Prince William Sound Longline Survey,9/7/2002,-148.2525,60.84342,NW,29640,30120,44400,46500,363.5,0,0,0
2002,2002L01005,M8,Prince William Sound Longline Survey,9/7/2002,-148.03658,60.771,NW,39960,40440,53460,56700,394,0,0,0.269905533
2002,2002L01006,M5,Prince William Sound Longline Survey,9/7/2002,-148.27367,60.78067,NW,49200,49680,62580,64980,430,0,0,0.134952767
2002,2002L01007,Q19,Prince William Sound Longline Survey,9/8/2002,-147.09567,60.61817,NW,37800,38280,51240,55200,301,0,0.134770889,0.673854447
2002,2002L01008,P19,Prince William Sound Longline Survey,9/8/2002,-147.08758,60.65742,NW,45960,46380,62520,66540,277.5,0,0.67294751,0.403768506
2002,2002L01009,P12,Prince William Sound Longline Survey,9/9/2002,-147.72258,60.65442,NW,37020,37560,53160,55800,750,0,0,0.134952767
2002,2002L01010,O13,Prince William Sound Longline Survey,9/9/2002,-147.66292,60.67708,NW,44880,45360,59820,62220,742,0,0,0.13568521
2002,2002L01011,S24,Prince William Sound Longline Survey,9/12/2002,-146.762,60.53283,NE,32580,33060,45840,48480,362.5,0,1.082543978,0.270635995
2002,2002L01012,L28,Prince William Sound Longline Survey,9/14/2002,-146.35242,60.80392,NE,37980,38460,50820,53880,208,0,1.478494624,0.134408602
2002,2002L01013,L27,Prince William Sound Longline Survey,9/14/2002,-146.4515,60.79425,NE,42960,43440,57360,60720,215.5,0,1.610738255,0
2002,2002L01014,H14,Prince William Sound Longline Survey,9/15/2002,-147.55842,60.96658,NW,33720,34140,45600,48300,275.5,0,0,0
2002,2002L01015,I14,Prince William Sound Longline Survey,9/15/2002,-147.57558,60.92533,NW,39240,39780,57360,60780,314.5,0,0,0
2002,2002L01016,N10,Prince William Sound Longline Survey,9/16/2002,-147.85075,60.729,NW,40680,41160,54720,57780,488,0,0,0.135135135
2002,2002L01017,N14,Prince William Sound Longline Survey,9/16/2002,-147.58125,60.72975,NW,48060,48600,63360,67200,552.5,0,0,0.673854447
2002,2002L01018,S12,Prince William Sound Longline Survey,9/17/2002,-147.71683,60.53492,NW,36960,37500,51900,53400,668,0,0,0.135317997
2002,2002L01019,S11,Prince William Sound Longline Survey,9/17/2002,-147.81608,60.5305,NW,42900,43380,58620,61740,729,0,0,0.4048583
2002,2002L01020,R9,Prince William Sound Longline Survey,9/18/2002,-147.96483,60.56267,NW,30240,30780,45960,49140,625.5,0,0,0.135317997
2002,2002L01021,S10,Prince William Sound Longline Survey,9/18/2002,-147.83858,60.52367,NW,34560,35040,53400,56580,688.5,0,0,0.809716599
2002,2002L01022,S5,Prince William Sound Longline Survey,9/20/2002,-148.28258,60.5345,NW,40440,40920,55080,58020,519.5,0,0,0.134589502
2002,2002L01023,R6,Prince William Sound Longline Survey,9/20/2002,-148.21667,60.57258,NW,44940,45420,61440,63960,621.5,0,0,0
2002,2002L01024,N8,Prince William Sound Longline Survey,9/21/2002,-148.06167,60.718,NW,41040,41520,54720,57240,439,0,0,0.134770889
2002,2002L01025,M9,Prince William Sound Longline Survey,9/21/2002,-147.9695,60.76658,NW,44940,45420,60600,62340,324.5,0,0.134228188,0
2002,2002L01026,L18,Prince William Sound Longline Survey,9/22/2002,-147.1895,60.807,NW,31680,32160,46800,51300,379.5,0,0.4048583,0.539811066
2002,2002L01027,M16,Prince William Sound Longline Survey,9/22/2002,-147.39217,60.77492,NW,37440,37920,55740,60960,457.5,0,0.135501355,1.490514905
2002,2002L01028,L17,Prince William Sound Longline Survey,9/22/2002,-147.29467,60.81842,NW,52800,53280,66120,71940,455.5,0,0.27100271,1.761517615
2002,2002L01029,Q12,Prince William Sound Longline Survey,9/23/2002,-147.73108,60.59383,NW,31500,31920,48600,52080,760,0,0,0.135135135
2002,2002L01030,R12,Prince William Sound Longline Survey,9/23/2002,-147.73208,60.5785,NW,37380,37860,54780,58140,752.5,0,0,0.405405405
2002,2002L02001,AF40,North Gulf Coast Longline Survey,9/2/2002,-149.17633,59.97117,NG,34680,35160,49800,52200,201.5,0,1.474530831,0
2002,2002L02002,AF41,North Gulf Coast Longline Survey,9/2/2002,-149.149,59.97575,NG,44880,45360,59400,62100,194.5,0,1.34589502,0
2002,2002L02003,AH41,North Gulf Coast Longline Survey,9/3/2002,-149.11333,59.90358,NG,30120,30600,42900,46620,205.5,0,2.288021534,0
2002,2002L02004,AG40,North Gulf Coast Longline Survey,9/3/2002,-149.17625,59.929,NG,38640,39120,49620,52200,203.5,0,0.536912752,0
2002,2002L02005,AG41,North Gulf Coast Longline Survey,9/3/2002,-149.1255,59.927,NG,47760,48240,61020,63540,195,0,1.351351351,0
2002,2002L02006,AH40,North Gulf Coast Longline Survey,9/4/2002,-149.18483,59.90458,NG,22860,23340,35220,37740,198,0,0.943396226,0
2003,2003L01001,S11,Prince William Sound Longline Survey,9/9/2003,-147.7945,60.53825,NW,39000,39900,55380,59820,390.5,0,0,0.135317997
2003,2003L01002,S9,Prince William Sound Longline Survey,9/9/2003,-147.97692,60.53658,NW,47700,48300,63600,68400,294.5,0,6.081081081,0
2003,2003L01003,R19,Prince William Sound Longline Survey,9/10/2003,-147.10875,60.55892,NW,35520,36120,48300,52920,232,0,18.15754339,0
2003,2003L01004,S20,Prince William Sound Longline Survey,9/10/2003,-147.02408,60.52333,NW,39900,40500,56580,64200,322.5,0,5.49132948,0
2003,2003L01005,N18,Prince William Sound Longline Survey,9/11/2003,-147.16817,60.7325,NW,30600,30240,47520,50400,382.5,0,0.539811066,1.079622132
2003,2003L01006,P18,Prince William Sound Longline Survey,9/11/2003,-147.17,60.64675,NW,35100,35820,56880,61200,231,0,12.59720062,0.311041991
2003,2003L01007,O18,Prince William Sound Longline Survey,9/11/2003,-147.18483,60.6875,NW,52200,52800,65700,69600,265,0,10.13513514,0
2003,2003L01008,Q19,Prince William Sound Longline Survey,9/12/2003,-147.08767,60.60458,NW,31800,32400,44700,49260,305,0,3.527815468,0.13568521
2003,2003L01009,R20,Prince William Sound Longline Survey,9/12/2003,-147.005,60.66117,NW,37200,37800,54600,60660,445.5,0,0.271370421,1.221166893
2003,2003L01010,G14,Prince William Sound Longline Survey,9/13/2003,-147.57167,61.00058,NW,30900,31500,43800,48300,216.5,0,0.403225806,0
2003,2003L01011,K14,Prince William Sound Longline Survey,9/13/2003,-147.51517,60.85833,NW,36600,37200,57000,62400,421.5,0,0.940860215,0
2003,2003L01012,L15,Prince William Sound Longline Survey,9/13/2003,-147.46875,60.81408,NW,54300,54600,66000,71100,477.5,0,0.267379679,0.267379679
2003,2003L01013,O14,Prince William Sound Longline Survey,9/14/2003,-147.57725,60.69733,NW,33300,33900,47700,52440,505.5,0,0.134770889,0.269541779
2003,2003L01014,P13,Prince William Sound Longline Survey,9/14/2003,-147.62267,60.65192,NW,37200,37800,55800,59400,658,0,0,0.135135135
2003,2003L01015,R10,Prince William Sound Longline Survey,9/16/2003,-147.84417,60.56008,NW,36000,36600,48900,53700,401,0,0,0.401606426
2003,2003L01016,R8,Prince William Sound Longline Survey,9/16/2003,-148.01583,60.57808,NW,41400,42000,60900,64500,603.5,0,0,0.269541779
2003,2003L01017,Q10,Prince William Sound Longline Survey,9/16/2003,-147.89842,60.61717,NW,56700,57300,70800,76200,501,0,0.144300144,0.577200577
2003,2003L01018,R6,Prince William Sound Longline Survey,9/17/2003,-148.21642,60.56233,NW,33900,34800,47700,52200,595,0,0,0
2003,2003L01019,S5,Prince William Sound Longline Survey,9/17/2003,-148.27808,60.52392,NW,38100,38700,58200,61800,517,0,0,0
2003,2003L01020,L5,Prince William Sound Longline Survey,9/18/2003,-148.29075,60.79733,NW,28800,29700,42000,45000,426,0,0,0
2003,2003L01021,M3,Prince William Sound Longline Survey,9/18/2003,-148.45783,60.77758,NW,34800,35700,52800,55200,311,0,0,0
2003,2003L01022,M5,Prince William Sound Longline Survey,9/18/2003,-148.28717,60.77617,NW,48600,49500,62100,66600,426,0,0,0.134228188
2003,2003L01023,Q12,Prince William Sound Longline Survey,9/19/2003,-147.67033,60.60217,NW,32400,33300,48600,52200,760.5,0,0,0.27027027
2003,2003L01024,R12,Prince William Sound Longline Survey,9/19/2003,-147.70833,60.56742,NW,39300,40200,56100,61200,748.5,0,0,0.402684564
2003,2003L01025,M14,Prince William Sound Longline Survey,9/21/2003,-147.57467,60.76067,NW,36000,36720,51900,57300,571.5,0,0.135317997,0.270635995
2003,2003L01026,L16,Prince William Sound Longline Survey,9/21/2003,-147.37117,60.82083,NW,43500,44100,61500,66000,471.5,0,0.679347826,0.27173913
2003,2003L01027,N13,Prince William Sound Longline Survey,9/22/2003,-147.66033,60.72283,NW,29700,30300,42900,47100,671.5,0,0,0.133511348
2003,2003L01028,N11,Prince William Sound Longline Survey,9/22/2003,-147.75617,60.734,NW,34800,35700,53100,60300,535,0,0,1.353179973
2003,2003L01029,N12,Prince William Sound Longline Survey,9/22/2003,-147.68033,60.72317,NW,49200,50100,64200,69300,624.5,0,0.134952767,0.539811066
2003,2003L01030,J7,Prince William Sound Longline Survey,9/23/2003,-148.13042,60.90608,NW,32100,32700,48600,52800,392.5,0,0,0
2003,2003L01031,M6,Prince William Sound Longline Survey,9/23/2003,-148.19408,60.7685,NW,41100,42000,57600,61440,429,0,0.134228188,0.67114094
2004,2004L01001,O14,Prince William Sound Longline Survey,8/31/2004,-147.568,60.69925,NW,29220,29820,42360,48000,407.5,0,0,0.541271989
2004,2004L01002,R14,Prince William Sound Longline Survey,8/31/2004,-147.51975,60.55825,NW,35400,36000,54000,58200,227,0,0.269541779,0.269541779
2004,2004L01003,S20,Prince William Sound Longline Survey,9/1/2004,-147.00683,60.52633,NW,30480,31200,43380,47220,338,0,1.34589502,0.67294751
2004,2004L01004,R20,Prince William Sound Longline Survey,9/1/2004,-147.00991,60.55742,NW,36000,36900,53700,58500,324,0,1.886792453,0.943396226
2004,2004L01005,R19,Prince William Sound Longline Survey,9/1/2004,-147.09192,60.5525,NW,48840,49500,62400,66600,243.5,0,5.510752688,0.134408602
2004,2004L01006,S2,Prince William Sound Longline Survey,9/2/2004,-148.53641,60.5305,NW,43200,43920,57000,60000,463,0,0,0
2004,2004L01007,S4,Prince William Sound Longline Survey,9/2/2004,-148.36617,60.52692,NW,51600,52320,65160,69300,402,0,0,0.673854447
2004,2004L01008,R6,Prince William Sound Longline Survey,9/3/2004,-148.21675,60.56117,NW,29700,30600,44100,48000,622.5,0,0,0
2004,2004L01009,Q8,Prince William Sound Longline Survey,9/3/2004,-148.03859,60.59417,NW,36180,36900,53700,58200,607.5,0,0,0.27027027
2004,2004L01010,M13,Prince William Sound Longline Survey,9/5/2004,-147.6115,60.75675,NW,30600,31320,43980,47820,609.5,0,0,0
2004,2004L01011,M14,Prince William Sound Longline Survey,9/5/2004,-147.54808,60.76742,NW,35880,36480,55980,60540,540,0,0.135135135,0.27027027
2004,2004L01012,M15,Prince William Sound Longline Survey,9/5/2004,-147.46483,60.77833,NW,51480,52200,65100,73200,470,0,0,1.478494624
2004,2004L01013,M11,Prince William Sound Longline Survey,9/6/2004,-147.82275,60.77859,NW,33300,34080,46620,50700,213,0,0.134408602,0
2004,2004L01014,N11,Prince William Sound Longline Survey,9/6/2004,-147.7665,60.73633,NW,38460,39240,55140,61260,531.5,0,0,0.67294751
2004,2004L01015,M19,Prince William Sound Longline Survey,9/7/2004,-147.09483,60.76592,NW,32520,33240,45720,50340,451.5,0,0.943396226,0.808625337
2004,2004L01016,M18,Prince William Sound Longline Survey,9/7/2004,-147.17392,60.77283,NW,37320,37980,55500,61740,384,0,1.494565217,1.630434783
2004,2004L01017,P13,Prince William Sound Longline Survey,9/8/2004,-147.65417,60.64008,NW,32580,33360,46500,51000,707,0,0,0
2004,2004L01018,O12,Prince William Sound Longline Survey,9/8/2004,-147.6805,60.67991,NW,4320,40800,54300,58680,745,0,0,0.22675737
2004,2004L01019,L9,Prince William Sound Longline Survey,9/10/2004,-147.95075,60.79516,NW,29100,29820,40800,44400,255,0,0,0
2004,2004L01020,M9,Prince William Sound Longline Survey,9/10/2004,-147.95275,60.76675,NW,35520,36240,50100,53700,324.5,0,0.672043011,0
2004,2004L01021,M8,Prince William Sound Longline Survey,9/10/2004,-148.04675,60.7635,NW,47340,48000,60600,64860,403.5,0,0,0
2004,2004L01022,S11,Prince William Sound Longline Survey,9/11/2004,-147.76625,60.53733,NW,32400,33300,45480,49200,700.5,0,0,0.134589502
2004,2004L01023,R10,Prince William Sound Longline Survey,9/11/2004,-147.85458,60.55025,NW,38280,39000,52800,57840,481.5,0,0,0.407608696
2004,2004L01024,R11,Prince William Sound Longline Survey,9/12/2004,-147.77709,60.56141,NW,31920,32580,45060,48360,761,0,0,0
2004,2004L01025,P12,Prince William Sound Longline Survey,9/12/2004,-147.73367,60.64667,NW,38400,39300,54240,57840,757.5,0,0,0.136054422
2004,2004L01026,L3,Prince William Sound Longline Survey,9/12/2004,-148.4785,60.82475,NW,50700,51240,62040,,760,0,0,0
2004,2004L01027,M5,Prince William Sound Longline Survey,9/13/2004,-148.29591,60.77317,NW,35520,36480,48300,51900,341,0,0,0.81300813
2004,2004L01028,J7,Prince William Sound Longline Survey,9/13/2004,-148.12575,60.90259,NW,42480,43080,57300,62100,426.5,0,0,0
2004,2004L01029,I6,Prince William Sound Longline Survey,9/14/2004,-148.17859,60.94783,NW,32160,32880,44400,48840,392.5,0,0,0
2005,2005L01001,N22,Prince William Sound Longline Survey,8/30/2005,-146.87242,60.72617,NE,39420,40080,52020,58500,436.5,0,0.269541779,1.482479784
2005,2005L01002,L22,Prince William Sound Longline Survey,8/30/2005,-146.88825,60.79908,NE,45300,46020,61920,66000,296.5,0,2.297297297,0.405405405
2005,2005L01003,Q14,Prince William Sound Longline Survey,8/31/2005,-147.57633,60.60525,NW,28920,29640,42600,47100,336,0,0.133868809,0.267737617
2005,2005L01004,Q12,Prince William Sound Longline Survey,8/31/2005,-147.67808,60.59858,NW,34200,35100,50280,53760,746.5,0,0,0
2005,2005L01005,S12,Prince William Sound Longline Survey,8/31/2005,-147.73283,60.53283,NW,56640,57420,69000,71400,650,0,0,0.134952767
2005,2005L01006,Q6,Prince William Sound Longline Survey,9/1/2005,-148.19892,60.59125,NW,29400,30180,43320,46680,577,0,0,0.134770889
2005,2005L01007,R5,Prince William Sound Longline Survey,9/1/2005,-148.25925,60.54908,NW,36840,37500,50280,53400,520.5,0,0,0
2005,2005L01008,N19,Prince William Sound Longline Survey,9/2/2005,-147.09875,60.72142,NW,30600,31200,53460,57900,432,0,0.944669366,0.134952767
2005,2005L01009,O20,Prince William Sound Longline Survey,9/2/2005,-147.05033,60.69292,NW,36000,36780,42180,45660,445.5,0,0.943396226,0.943396226
2005,2005L01010,O22,Prince William Sound Longline Survey,9/2/2005,-146.891,60.69667,NE,48900,49800,62820,67200,419.5,0,0.674763833,1.079622132
2005,2005L01011,L27,Prince William Sound Longline Survey,9/3/2005,-146.46325,60.7965,NE,26400,27240,40080,42780,198.5,0,1.209677419,0
2005,2005L01012,M23,Prince William Sound Longline Survey,9/3/2005,-146.78958,60.75817,NE,34680,35400,48060,51000,198,0,16.08579088,0.402144772
2005,2005L01013,I24,Prince William Sound Longline Survey,9/5/2005,-146.708,60.94658,NE,28200,28860,39840,,206.5,0,0.541271989,0
2005,2005L01014,G23,Prince William Sound Longline Survey,9/5/2005,-146.76767,61.02067,NE,34200,34800,,,350.5,0,0.134770889,0.134770889
2005,2005L01015,I22,Prince William Sound Longline Survey,9/5/2005,-146.8965,60.93408,NE,52200,52860,,,318.5,0,1.08401084,0.135501355
2005,2005L01016,J21,Prince William Sound Longline Survey,9/6/2005,-146.98725,60.88883,NE,31200,32400,43500,47400,363,0,2.953020134,0.805369128
2005,2005L01017,H22,Prince William Sound Longline Survey,9/6/2005,-146.83633,60.97692,NE,38820,39600,50700,54900,320,0,0,0.269541779
2005,2005L01018,R9,Prince William Sound Longline Survey,9/7/2005,-147.98517,60.57158,NW,28500,29100,40260,43200,623.5,0,0,0.269179004
2005,2005L01019,Q10,Prince William Sound Longline Survey,9/7/2005,-147.88783,60.61117,NW,34800,35460,48780,52800,390,0,0.133511348,0.267022697
2005,2005L01020,S10,Prince William Sound Longline Survey,9/7/2005,-147.89583,60.53808,NW,46080,46740,57600,60600,622.5,0,0,0
2005,2005L01021,P23,Prince William Sound Longline Survey,9/8/2005,-146.82417,60.64483,NE,30180,31020,41700,45600,433,0,1.876675603,0.402144772
2005,2005L01022,Q24,Prince William Sound Longline Survey,9/8/2005,-146.74578,60.60144,NE,36840,37560,49800,52920,360,0,8.613728129,0.807537012
2005,2005L01023,N17,Prince William Sound Longline Survey,9/10/2005,-147.24708,60.74458,NW,29520,30180,42000,43620,275.5,0,5.241935484,0
2005,2005L01024,L15,Prince William Sound Longline Survey,9/10/2005,-147.444,60.81425,NW,36000,40320,48480,50880,471,0,3.494623656,0.134408602
2005,2005L01025,M16,Prince William Sound Longline Survey,9/10/2005,-147.35717,60.76942,NW,45000,45720,58320,60240,439,0,1.342281879,0.134228188
2005,2005L01026,Q13,Prince William Sound Longline Survey,9/11/2005,-147.6295,60.69508,NW,33900,34620,45960,49080,627.5,0,0.269905533,0.134952767
2005,2005L01027,N13,Prince William Sound Longline Survey,9/11/2005,-147.61167,60.73625,NW,40500,41400,53580,56280,621.5,0,0,0
2005,2005L01028,N11,Prince William Sound Longline Survey,9/12/2005,-147.75442,60.73817,NW,29460,30180,41280,44160,531.5,0,0.135135135,0
2005,2005L01029,M8,Prince William Sound Longline Survey,9/12/2005,-148.04342,60.76217,NW,34380,35100,51180,55080,402,0,0.270635995,0
2005,2005L01030,L9,Prince William Sound Longline Survey,9/12/2005,-147.93958,60.7935,NW,47700,48600,59880,62940,246,0,0.539811066,0
2005,2005L01031,H7,Prince William Sound Longline Survey,9/12/2005,-148.12642,60.96225,NW,28560,29340,40440,42720,338,0,0,0.27100271
2005,2005L01032,H8,Prince William Sound Longline Survey,9/12/2005,-148.08025,60.9685,NW,34680,35400,46320,48600,314,0,0,0.270635995
2006,2006L01001,X14,Prince William Sound Longline Survey,9/2/2006,-147.55405,60.298,SW,28380,29160,39960,46320,233,0,6.368563686,1.89701897
2006,2006L01002,T14,Prince William Sound Longline Survey,9/2/2006,-147.51793,60.46873,SW,33420,34020,51840,56160,207,0,7.055630936,0
2006,2006L01003,T20,Prince William Sound Longline Survey,9/3/2006,-147.03227,60.46864,SW,24240,24900,35340,39000,260,0,6.385869565,0.135869565
2006,2006L01004,V23,Prince William Sound Longline Survey,9/3/2006,-146.80573,60.40139,SE,30660,31320,46620,50820,289,0,7.848443843,0.947225981
2006,2006L01005,S23,Prince William Sound Longline Survey,9/3/2006,-146.82558,60.51874,NE,42480,43080,55200,59400,427,0,1.756756757,1.081081081
2006,2006L01006,Q22,Prince William Sound Longline Survey,9/4/2006,-146.85337,60.61442,NE,25380,26100,35700,42600,456,0,0.542740841,0.814111262
2006,2006L01007,R22,Prince William Sound Longline Survey,9/4/2006,-146.85245,60.57518,NE,32700,33360,45000,51300,450,0,0.949796472,0.542740841
2006,2006L01008,AB11,Prince William Sound Longline Survey,9/7/2006,-147.81778,60.15507,SW,19860,20580,31260,34500,279,0,1.073825503,0.268456376
2006,2006L01009,AA8,Prince William Sound Longline Survey,9/7/2006,-148.01736,60.20311,SW,27420,28080,41940,45000,257,0,0.672043011,0
2006,2006L01010,Z8,Prince William Sound Longline Survey,9/7/2006,-148.06398,60.23013,SW,38880,39540,51000,53760,482,0,0,0
2006,2006L01011,AE10,Prince William Sound Longline Survey,9/8/2006,-147.83736,60.01697,SW,27120,27780,38400,41580,256,0,15.22029372,0.801068091
2006,2006L01012,AE12,Prince William Sound Longline Survey,9/8/2006,-147.72966,60.01014,SW,34260,34920,46500,50400,219,0,36.84913218,0
2006,2006L01013,AC5,Prince William Sound Longline Survey,9/9/2006,-148.32641,60.10788,SW,24360,24480,35280,38700,266,0,10.79622132,0
2006,2006L01014,AE4,Prince William Sound Longline Survey,9/9/2006,-148.35422,60.02326,SW,30300,31080,45000,47400,264,0,28.83845127,0
2006,2006L01015,AB5,Prince William Sound Longline Survey,9/9/2006,-148.3188,60.13446,SW,40320,41040,51120,54300,264,0,13.76518219,0.134952767
2006,2006L01016,S12,Prince William Sound Longline Survey,9/10/2006,-147.72904,60.52863,NW,23580,24240,34200,38700,446,0,0,0.134048257
2006,2006L01017,U9,Prince William Sound Longline Survey,9/10/2006,-147.92755,60.42968,SW,29040,29820,43920,47220,276,0,0,0
2006,2006L01018,S11,Prince William Sound Longline Survey,9/10/2006,-147.78509,60.53075,NW,39540,40320,52680,56400,679,0,0,0.402684564
2006,2006L01019,R12,Prince William Sound Longline Survey,9/11/2006,-147.69649,60.55183,NW,22740,23400,34800,38100,708,0,0.134589502,0.269179004
2006,2006L01020,R10,Prince William Sound Longline Survey,9/11/2006,-147.88739,60.55388,NW,30300,31020,44280,49080,458,0,0,0
2006,2006L01021,Q10,Prince William Sound Longline Survey,9/11/2006,-147.91117,60.59754,NW,41580,42300,53460,57480,486,0,0,0.803212851
2006,2006L01022,M22,Prince William Sound Longline Survey,9/14/2006,-146.85366,60.76348,NE,22440,23040,32940,37500,398,0,4.34192673,0.407055631
2006,2006L01023,M19,Prince William Sound Longline Survey,9/14/2006,-147.09098,60.76811,NW,28500,29160,45240,49560,450,0,2.445652174,1.086956522
2006,2006L01024,K20,Prince William Sound Longline Survey,9/14/2006,-147.06195,60.85491,NW,41640,42360,54240,58020,401,0,4.200542005,0.677506775
2006,2006L01025,L13,Prince William Sound Longline Survey,9/15/2006,-147.60701,60.79903,NW,24720,25380,37320,41760,502,0,0.673854447,0.539083558
2006,2006L01026,M13,Prince William Sound Longline Survey,9/15/2006,-147.62937,60.76073,NW,34620,35400,46800,49980,621,0,0.539083558,0
2006,2006L01027,O11,Prince William Sound Longline Survey,9/16/2006,-147.81376,60.6901,NW,22440,23100,33960,37500,236,0,1.476510067,0
2006,2006L01028,P12,Prince William Sound Longline Survey,9/16/2006,-147.74695,60.64567,NW,31080,31740,44040,46560,750,0,0,0
2006,2006L01029,N11,Prince William Sound Longline Survey,9/16/2006,-147.7639,60.73797,NW,39120,39780,50460,53220,497,0,0.540540541,0
2006,2006L01030,M9,Prince William Sound Longline Survey,9/17/2006,-147.93093,60.77152,NW,24840,25560,35820,38580,352,0,0.134952767,0.134952767
2006,2006L01031,L6,Prince William Sound Longline Survey,9/17/2006,-148.20529,60.80687,NW,30600,31320,43080,46020,425,0,0,0.4048583
2006,2006L01032,J14,Prince William Sound Longline Survey,9/18/2006,-147.51614,60.88276,NW,21420,22140,32460,35460,386,0,2.010723861,0.670241287
2006,2006L01033,L14,Prince William Sound Longline Survey,9/18/2006,-147.54181,60.81559,NW,28860,29640,40020,43800,472,0,1.894451962,0.676589986
